time,flow,temp,salt,TRC_tr1
1996-01-01,0.239,0.1,0,0.0
1996-01-02,0.213,0.6932291667,0,0.0
1996-01-03,0.173,0.6765625,0,0.0
1996-01-04,0.124,0.1,0,0.0
1996-01-05,0.124,0.1,0,0.0
1996-01-06,0.124,0.1,0,0.0
1996-01-07,0.124,0.5213541667,0,0.0
1996-01-08,0.147,2.2526041667,0,0.0
1996-01-09,0.124,4.4682291667,0,0.0
1996-01-10,0.147,4.7911458333,0,0.0
1996-01-11,0.147,5.6260416667,0,0.0
1996-01-12,0.124,6.2640625,0,0.0
1996-01-13,0.124,5.678125,0,0.0
1996-01-14,0.124,5.0947916667,0,0.0
1996-01-15,0.108,3.3864583333,0,0.0
1996-01-16,0.108,1.5270833333,0,0.0
1996-01-17,0.108,0.5432291667,0,0.0
1996-01-18,0.108,0.1,0,0.0
1996-01-19,0.099,0.1,0,0.0
1996-01-20,0.097,0.1,0,0.0
1996-01-21,0.097,0.1,0,0.0
1996-01-22,0.097,0.1,0,0.0
1996-01-23,0.097,0.1,0,0.0
1996-01-24,0.097,0.1,0,0.0
1996-01-25,0.089,0.1,0,0.0
1996-01-26,0.079,0.1,0,0.0
1996-01-27,0.097,0.1,0,0.0
1996-01-28,0.089,0.1,0,0.0
1996-01-29,0.089,0.1,0,0.0
1996-01-30,0.079,0.1,0,0.0
1996-01-31,0.089,0.1,0,0.0
1996-02-01,0.089,0.1,0,0.0
1996-02-02,0.079,0.1,0,0.0
1996-02-03,0.079,0.1,0,0.0
1996-02-04,0.079,0.1,0,0.0
1996-02-05,0.079,0.1,0,0.0
1996-02-06,0.079,0.1,0,0.0
1996-02-07,0.108,0.1,0,0.0
1996-02-08,0.079,0.1,0,0.0
1996-02-09,0.087,0.1,0,0.0
1996-02-10,0.067,0.3020833333,0,0.0
1996-02-11,0.067,2.1338541667,0,0.0
1996-02-12,0.184,2.709375,0,0.0
1996-02-13,0.857,2.4604166667,0,0.0
1996-02-14,0.514,1.3817708333,0,0.0
1996-02-15,0.181,1.3864583333,0,0.0
1996-02-16,0.127,2.2536458333,0,0.0
1996-02-17,2.902,2.9515625,0,0.0
1996-02-18,1.934,3.6041666667,0,0.0
1996-02-19,4.113,2.5411458333,0,0.0
1996-02-20,2.81,0.2302083333,0,0.0
1996-02-21,1.642,0.1,0,0.0
1996-02-22,1.024,0.1,0,0.0
1996-02-23,0.717,0.1,0,0.0
1996-02-24,0.547,0.1,0,0.0
1996-02-25,0.366,3.1239583333,0,0.0
1996-02-26,1.572,5.3869791667,0,0.0
1996-02-27,3.072,6.509375,0,0.0
1996-02-28,1.776,4.9734375,0,0.0
1996-02-29,1.078,3.0557291667,0,0.0
1996-03-01,0.656,1.3911458333,0,0.0
1996-03-02,0.507,0.4302083333,0,0.0
1996-03-03,0.405,0.1,0,0.0
1996-03-04,0.304,0.4296875,0,0.0
1996-03-05,0.234,1.275,0,0.0
1996-03-06,0.207,1.8932291667,0,0.0
1996-03-07,0.207,3.0625,0,0.0
1996-03-08,0.179,3.1989583333,0,0.0
1996-03-09,0.151,3.2895833333,0,0.0
1996-03-10,0.151,1.8572916667,0,0.0
1996-03-11,0.128,0.1223958333,0,0.0
1996-03-12,0.127,0.1,0,0.0
1996-03-13,0.124,0.1,0,0.0
1996-03-14,0.124,0.4109375,0,0.0
1996-03-15,0.124,2.709375,0,0.0
1996-03-16,0.108,4.6208333333,0,0.0
1996-03-17,0.108,5.7604166667,0,0.0
1996-03-18,0.097,6.11875,0,0.0
1996-03-19,0.097,6.8880208333,0,0.0
1996-03-20,0.097,7.6322916667,0,0.0
1996-03-21,0.097,8.0411458333,0,0.0
1996-03-22,0.108,8.6317708333,0,0.0
1996-03-23,0.096,8.7083333333,0,0.0
1996-03-24,0.097,8.7614583333,0,0.0
1996-03-25,0.097,8.3838541667,0,0.0
1996-03-26,0.089,6.5369791667,0,0.0
1996-03-27,0.089,4.7260416667,0,0.0
1996-03-28,0.089,3.1145833333,0,0.0
1996-03-29,0.089,1.8854166667,0,0.0
1996-03-30,0.097,1.5380208333,0,0.0
1996-03-31,0.097,1.2703125,0,0.0
1996-04-01,0.098,0.7109375,0,0.0
1996-04-02,0.097,0.9182291667,0,0.0
1996-04-03,0.098,1.9192708333,0,0.0
1996-04-04,0.097,3.4140625,0,0.0
1996-04-05,0.089,5.9151041667,0,0.0
1996-04-06,0.097,8.2395833333,0,0.0
1996-04-07,0.097,8.75,0,0.0
1996-04-08,0.097,9.41875,0,0.0
1996-04-09,0.089,9.7588541667,0,0.0
1996-04-10,0.089,9.1109375,0,0.0
1996-04-11,0.089,8.7802083333,0,0.0
1996-04-12,0.096,7.6125,0,0.0
1996-04-13,0.089,6.2505208333,0,0.0
1996-04-14,0.089,5.940625,0,0.0
1996-04-15,0.089,7.5182291667,0,0.0
1996-04-16,0.079,9.7677083333,0,0.0
1996-04-17,0.079,11.634375,0,0.0
1996-04-18,0.079,13.2875,0,0.0
1996-04-19,0.079,15.0005208333,0,0.0
1996-04-20,0.079,16.4234375,0,0.0
1996-04-21,0.079,18.1817708333,0,0.0
1996-04-22,0.071,19.0354166667,0,0.0
1996-04-23,0.067,17.3130208333,0,0.0
1996-04-24,0.067,15.0572916667,0,0.0
1996-04-25,0.079,12.7177083333,0,0.0
1996-04-26,0.067,11.9411458333,0,0.0
1996-04-27,0.066,11.9578125,0,0.0
1996-04-28,0.066,11.6583333333,0,0.0
1996-04-29,0.066,11.3578125,0,0.0
1996-04-30,0.066,10.903125,0,0.0
1996-05-01,0.066,10.7427083333,0,0.0
1996-05-02,0.066,11.1130208333,0,0.0
1996-05-03,0.088,10.3541666667,0,0.0
1996-05-04,0.088,8.7015625,0,0.0
1996-05-05,0.096,8.0979166667,0,0.0
1996-05-06,0.088,7.89375,0,0.0
1996-05-07,0.088,8.3786458333,0,0.0
1996-05-08,0.088,9.0869791667,0,0.0
1996-05-09,0.088,8.8453125,0,0.0
1996-05-10,0.088,8.5166666667,0,0.0
1996-05-11,0.088,8.6078125,0,0.0
1996-05-12,0.078,8.621875,0,0.0
1996-05-13,0.078,9.4286458333,0,0.0
1996-05-14,0.078,9.6677083333,0,0.0
1996-05-15,0.088,9.8494791667,0,0.0
1996-05-16,0.088,11.428125,0,0.0
1996-05-17,0.088,12.3291666667,0,0.0
1996-05-18,0.096,13.0119791667,0,0.0
1996-05-19,0.088,13.44375,0,0.0
1996-05-20,0.088,12.2291666667,0,0.0
1996-05-21,0.088,11.5963541667,0,0.0
1996-05-22,0.107,11.7135416667,0,0.0
1996-05-23,0.096,13.2098958333,0,0.0
1996-05-24,0.107,14.0104166667,0,0.0
1996-05-25,0.096,14.2494791667,0,0.0
1996-05-26,0.172,14.0015625,0,0.0
1996-05-27,0.172,12.1244791667,0,0.0
1996-05-28,0.393,12.7052083333,0,0.0
1996-05-29,0.307,14.7291666667,0,0.0
1996-05-30,0.28,16.928125,0,0.0
1996-05-31,0.228,17.6130208333,0,0.0
1996-06-01,0.187,16.5453125,0,0.0
1996-06-02,0.173,15.0895833333,0,0.0
1996-06-03,0.147,14.2015625,0,0.0
1996-06-04,0.147,16.01875,0,0.0
1996-06-05,0.108,19.0104166667,0,0.0
1996-06-06,0.108,21.540625,0,0.0
1996-06-07,0.097,23.3520833333,0,0.0
1996-06-08,0.098,23.1755208333,0,0.0
1996-06-09,0.124,22.4739583333,0,0.0
1996-06-10,0.089,21.7479166667,0,0.0
1996-06-11,0.088,20.1838541667,0,0.0
1996-06-12,0.078,18.6182291667,0,0.0
1996-06-13,0.078,16.6265625,0,0.0
1996-06-14,0.078,14.746875,0,0.0
1996-06-15,0.078,14.21875,0,0.0
1996-06-16,0.066,15.4557291667,0,0.0
1996-06-17,0.066,16.7473958333,0,0.0
1996-06-18,0.055,16.3453125,0,0.0
1996-06-19,0.053,15.0015625,0,0.0
1996-06-20,0.066,13.5197916667,0,0.0
1996-06-21,0.078,11.8583333333,0,0.0
1996-06-22,0.066,11.6515625,0,0.0
1996-06-23,0.107,12.0609375,0,0.0
1996-06-24,0.078,12.2895833333,0,0.0
1996-06-25,0.066,13.1671875,0,0.0
1996-06-26,0.066,13.6458333333,0,0.0
1996-06-27,0.053,15.1119791667,0,0.0
1996-06-28,0.064,15.1734375,0,0.0
1996-06-29,0.053,14.90625,0,0.0
1996-06-30,0.088,14.9973958333,0,0.0
1996-07-01,0.097,13.7510416667,0,0.0
1996-07-02,0.103,14.6854166667,0,0.0
1996-07-03,0.108,15.6994791667,0,0.0
1996-07-04,0.089,15.6510416667,0,0.0
1996-07-05,0.114,15.7317708333,0,0.0
1996-07-06,0.153,14.8348958333,0,0.0
1996-07-07,0.149,13.6729166667,0,0.0
1996-07-08,0.126,13.5255208333,0,0.0
1996-07-09,0.11,13.7791666667,0,0.0
1996-07-10,0.109,14.840625,0,0.0
1996-07-11,0.148,16.4515625,0,0.0
1996-07-12,0.158,17.6015625,0,0.0
1996-07-13,0.125,18.6661458333,0,0.0
1996-07-14,0.109,18.8671875,0,0.0
1996-07-15,0.109,17.5369791667,0,0.0
1996-07-16,0.097,16.7125,0,0.0
1996-07-17,0.097,15.5296875,0,0.0
1996-07-18,0.089,14.9223958333,0,0.0
1996-07-19,0.089,15.7265625,0,0.0
1996-07-20,0.079,16.9869791667,0,0.0
1996-07-21,0.079,18.8151041667,0,0.0
1996-07-22,0.079,20.0479166667,0,0.0
1996-07-23,0.067,19.4994791667,0,0.0
1996-07-24,0.067,18.4572916667,0,0.0
1996-07-25,0.124,17.2510416667,0,0.0
1996-07-26,0.156,16.609375,0,0.0
1996-07-27,0.107,17.4104166667,0,0.0
1996-07-28,0.098,18.1958333333,0,0.0
1996-07-29,0.092,18.64375,0,0.0
1996-07-30,0.089,18.7192708333,0,0.0
1996-07-31,0.078,18.9921875,0,0.0
1996-08-01,0.078,18.5786458333,0,0.0
1996-08-02,0.078,18.1223958333,0,0.0
1996-08-03,0.066,17.5541666667,0,0.0
1996-08-04,0.066,17.2380208333,0,0.0
1996-08-05,0.053,17.4552083333,0,0.0
1996-08-06,0.053,17.7390625,0,0.0
1996-08-07,0.053,17.840625,0,0.0
1996-08-08,0.053,18.79375,0,0.0
1996-08-09,0.053,19.7359375,0,0.0
1996-08-10,0.046,20,0,0.0
1996-08-11,0.078,19.7286458333,0,0.0
1996-08-12,0.078,18.2765625,0,0.0
1996-08-13,0.21,17.0572916667,0,0.0
1996-08-14,0.116,16.4447916667,0,0.0
1996-08-15,0.094,16.4947916667,0,0.0
1996-08-16,0.113,16.5057291667,0,0.0
1996-08-17,0.095,17.171875,0,0.0
1996-08-18,0.094,18.68125,0,0.0
1996-08-19,0.084,20.3796875,0,0.0
1996-08-20,0.082,20.8875,0,0.0
1996-08-21,0.072,20.5223958333,0,0.0
1996-08-22,0.072,19.6880208333,0,0.0
1996-08-23,0.629,18.2114583333,0,0.0
1996-08-24,0.339,17.6447916667,0,0.0
1996-08-25,0.259,16.984375,0,0.0
1996-08-26,0.205,16.2572916667,0,0.0
1996-08-27,0.148,15.4171875,0,0.0
1996-08-28,0.125,14.653125,0,0.0
1996-08-29,0.249,14.4177083333,0,0.0
1996-08-30,10.964,13.7520833333,0,0.0
1996-08-31,7.169,13.3609375,0,0.0
1996-09-01,3.932,13.4697916667,0,0.0
1996-09-02,2.341,13.4520833333,0,0.0
1996-09-03,1.25,13.8744791667,0,0.0
1996-09-04,0.739,14.4369791667,0,0.0
1996-09-05,0.504,13.9473958333,0,0.0
1996-09-06,0.35,12.8614583333,0,0.0
1996-09-07,0.243,11.8229166667,0,0.0
1996-09-08,0.209,10.915625,0,0.0
1996-09-09,0.178,11.0182291667,0,0.0
1996-09-10,0.146,11.4932291667,0,0.0
1996-09-11,0.147,11.5635416667,0,0.0
1996-09-12,0.124,11.5166666667,0,0.0
1996-09-13,0.239,11.8401041667,0,0.0
1996-09-14,0.253,11.821875,0,0.0
1996-09-15,0.2,11.5822916667,0,0.0
1996-09-16,0.2,11.3838541667,0,0.0
1996-09-17,0.2,10.7020833333,0,0.0
1996-09-18,0.172,10.7708333333,0,0.0
1996-09-19,0.172,10.8692708333,0,0.0
1996-09-20,0.146,11.1265625,0,0.0
1996-09-21,0.146,11.0776041667,0,0.0
1996-09-22,0.146,10.6890625,0,0.0
1996-09-23,0.123,10.7473958333,0,0.0
1996-09-24,0.123,11.0223958333,0,0.0
1996-09-25,0.123,11.6057291667,0,0.0
1996-09-26,0.123,12.2510416667,0,0.0
1996-09-27,0.107,12.8760416667,0,0.0
1996-09-28,0.253,13.3489583333,0,0.0
1996-09-29,0.173,14.4317708333,0,0.0
1996-09-30,0.173,13.9234375,0,0.0
1996-10-01,0.201,13.0505208333,0,0.0
1996-10-02,2.201,12.053125,0,0.0
1996-10-03,2.271,10.575,0,0.0
1996-10-04,1.344,10.0213541667,0,0.0
1996-10-05,0.841,9.5828125,0,0.0
1996-10-06,0.675,9.475,0,0.0
1996-10-07,0.455,9.4625,0,0.0
1996-10-08,0.379,9.7421875,0,0.0
1996-10-09,0.311,10.3953125,0,0.0
1996-10-10,0.267,10.9135416667,0,0.0
1996-10-11,0.233,11.0708333333,0,0.0
1996-10-12,0.206,11.90625,0,0.0
1996-10-13,0.205,12.6942708333,0,0.0
1996-10-14,0.177,13.0765625,0,0.0
1996-10-15,0.176,12.4875,0,0.0
1996-10-16,0.2,11.2447916667,0,0.0
1996-10-17,0.2,9.8416666667,0,0.0
1996-10-18,0.172,9.1645833333,0,0.0
1996-10-19,0.172,9.6541666667,0,0.0
1996-10-20,0.2,10.628125,0,0.0
1996-10-21,0.466,10.8125,0,0.0
1996-10-22,2.99,10.4015625,0,0.0
1996-10-23,2.002,9.95,0,0.0
1996-10-24,1.278,9.3380208333,0,0.0
1996-10-25,0.82,9.7578125,0,0.0
1996-10-26,0.62,10.1260416667,0,0.0
1996-10-27,0.467,11.1348958333,0,0.0
1996-10-28,3.409,11.3572916667,0,0.0
1996-10-29,2.093,10.7359375,0,0.0
1996-10-30,2.11,10.425,0,0.0
1996-10-31,1.818,9.7375,0,0.0
1996-11-01,2.563,10.2916666667,0,0.0
1996-11-02,4.805,11.6020833333,0,0.0
1996-11-03,3.15,12.6067708333,0,0.0
1996-11-04,2.243,12.559375,0,0.0
1996-11-05,1.89,11.821875,0,0.0
1996-11-06,1.483,10.8125,0,0.0
1996-11-07,1.503,9.3848958333,0,0.0
1996-11-08,2.836,8.7661458333,0,0.0
1996-11-09,2.984,8.0864583333,0,0.0
1996-11-10,2.135,8.06875,0,0.0
1996-11-11,1.63,8.5296875,0,0.0
1996-11-12,1.177,8.0484375,0,0.0
1996-11-13,0.917,6.590625,0,0.0
1996-11-14,0.748,4.5640625,0,0.0
1996-11-15,0.631,3.0223958333,0,0.0
1996-11-16,0.574,2.1203125,0,0.0
1996-11-17,0.521,1.978125,0,0.0
1996-11-18,0.485,2.5151041667,0,0.0
1996-11-19,0.454,3.2557291667,0,0.0
1996-11-20,0.454,3.3994791667,0,0.0
1996-11-21,0.723,3.5505208333,0,0.0
1996-11-22,0.607,2.8395833333,0,0.0
1996-11-23,0.657,1.696875,0,0.0
1996-11-24,0.661,1.3890625,0,0.0
1996-11-25,0.577,1.9682291667,0,0.0
1996-11-26,0.67,2.1125,0,0.0
1996-11-27,0.886,2.0015625,0,0.0
1996-11-28,1.09,2.0328125,0,0.0
1996-11-29,0.972,2.1385416667,0,0.0
1996-11-30,1.046,2.7520833333,0,0.0
1996-12-01,2.376,4.0765625,0,0.0
1996-12-02,3.127,4.8333333333,0,0.0
1996-12-03,4.2,5.6744791667,0,0.0
1996-12-04,5.399,6.3645833333,0,0.0
1996-12-05,4.439,5.959375,0,0.0
1996-12-06,2.963,5.1484375,0,0.0
1996-12-07,2.017,3.2140625,0,0.0
1996-12-08,1.376,1.628125,0,0.0
1996-12-09,1.007,0.3546875,0,0.0
1996-12-10,0.839,0.1,0,0.0
1996-12-11,0.653,0.1,0,0.0
1996-12-12,0.532,0.1140625,0,0.0
1996-12-13,0.462,0.1,0,0.0
1996-12-14,0.435,0.6020833333,0,0.0
1996-12-15,0.339,1.3078125,0,0.0
1996-12-16,0.339,1.6583333333,0,0.0
1996-12-17,0.287,3.771875,0,0.0
1996-12-18,0.332,4.978125,0,0.0
1996-12-19,0.296,4.7510416667,0,0.0
1996-12-20,0.408,3.809375,0,0.0
1996-12-21,0.378,1.8677083333,0,0.0
1996-12-22,0.41,0.1,0,0.0
1996-12-23,0.408,0.1,0,0.0
1996-12-24,0.384,0.1,0,0.0
1996-12-25,0.301,0.1,0,0.0
1996-12-26,0.284,0.1,0,0.0
1996-12-27,0.204,0.1,0,0.0
1996-12-28,0.23,0.1,0,0.0
1996-12-29,0.254,0.1,0,0.0
1996-12-30,0.254,0.1,0,0.0
1996-12-31,0.237,0.1,0,0.0
1997-01-01,0.257,0.1,0,0.0
1997-01-02,0.372,0.1,0,0.0
1997-01-03,0.253,0.1,0,0.0
1997-01-04,0.253,0.1,0,0.0
1997-01-05,0.2,0.1,0,0.0
1997-01-06,0.172,0.1,0,0.0
1997-01-07,0.146,0.1,0,0.0
1997-01-08,0.146,0.1,0,0.0
1997-01-09,0.146,0.1,0,0.0
1997-01-10,0.146,0.1,0,0.0
1997-01-11,0.123,0.1,0,0.0
1997-01-12,0.123,0.1,0,0.0
1997-01-13,0.123,0.1,0,0.0
1997-01-14,0.122,0.1,0,0.0
1997-01-15,0.118,0.8614583333,0,0.0
1997-01-16,0.115,1.6380208333,0,0.0
1997-01-17,0.121,2.0182291667,0,0.0
1997-01-18,0.119,2.925,0,0.0
1997-01-19,0.118,3.60625,0,0.0
1997-01-20,0.18,3.4166666667,0,0.0
1997-01-21,0.233,3.9291666667,0,0.0
1997-01-22,0.174,4.5854166667,0,0.0
1997-01-23,0.153,5.0359375,0,0.0
1997-01-24,0.148,4.7390625,0,0.0
1997-01-25,0.147,3.7598958333,0,0.0
1997-01-26,0.135,2.0635416667,0,0.0
1997-01-27,0.13,0.4734375,0,0.0
1997-01-28,0.125,0.6619791667,0,0.0
1997-01-29,0.121,0.7875,0,0.0
1997-01-30,0.118,1.5833333333,0,0.0
1997-01-31,0.119,2.1057291667,0,0.0
1997-02-01,0.123,1.4802083333,0,0.0
1997-02-02,0.123,1.1244791667,0,0.0
1997-02-03,0.123,1.0203125,0,0.0
1997-02-04,0.107,1.5755208333,0,0.0
1997-02-05,0.746,2.4307291667,0,0.0
1997-02-06,1.143,3.7296875,0,0.0
1997-02-07,0.608,4.7203125,0,0.0
1997-02-08,0.455,5.8822916667,0,0.0
1997-02-09,0.44,7.2333333333,0,0.0
1997-02-10,0.43,7.184375,0,0.0
1997-02-11,0.939,8.1005208333,0,0.0
1997-02-12,0.55,7.6109375,0,0.0
1997-02-13,6.297,6.5963541667,0,0.0
1997-02-14,10.627,5.7848958333,0,0.0
1997-02-15,5.641,4.1890625,0,0.0
1997-02-16,2.866,3.815625,0,0.0
1997-02-17,1.794,4.6802083333,0,0.0
1997-02-18,1.212,5.5833333333,0,0.0
1997-02-19,3.497,6.78125,0,0.0
1997-02-20,3.083,8.0432291667,0,0.0
1997-02-21,2.089,8.5098958333,0,0.0
1997-02-22,1.796,9.4057291667,0,0.0
1997-02-23,1.384,9.9958333333,0,0.0
1997-02-24,1.167,10.553125,0,0.0
1997-02-25,1.96,10.4182291667,0,0.0
1997-02-26,3.654,9.6859375,0,0.0
1997-02-27,3.62,9.5484375,0,0.0
1997-02-28,3.107,9.4958333333,0,0.0
1997-03-01,2.18,10.2671875,0,0.0
1997-03-02,1.474,10.703125,0,0.0
1997-03-03,1.181,10.2130208333,0,0.0
1997-03-04,0.821,9.6557291667,0,0.0
1997-03-05,0.674,8.303125,0,0.0
1997-03-06,0.538,8.7427083333,0,0.0
1997-03-07,0.467,8.95625,0,0.0
1997-03-08,0.401,8.871875,0,0.0
1997-03-09,0.341,9.8557291667,0,0.0
1997-03-10,0.281,9.0197916667,0,0.0
1997-03-11,0.262,8.9390625,0,0.0
1997-03-12,0.228,9.3213541667,0,0.0
1997-03-13,0.227,8.8604166667,0,0.0
1997-03-14,0.2,9.6401041667,0,0.0
1997-03-15,0.2,10.0973958333,0,0.0
1997-03-16,0.253,9.9604166667,0,0.0
1997-03-17,0.266,9.8296875,0,0.0
1997-03-18,0.251,8.946875,0,0.0
1997-03-19,0.426,7.0140625,0,0.0
1997-03-20,0.887,5.7192708333,0,0.0
1997-03-21,1.001,4.3770833333,0,0.0
1997-03-22,0.826,3.9213541667,0,0.0
1997-03-23,0.694,4.7166666667,0,0.0
1997-03-24,0.637,5.025,0,0.0
1997-03-25,0.495,6.5770833333,0,0.0
1997-03-26,0.41,8.7526041667,0,0.0
1997-03-27,0.355,9.215625,0,0.0
1997-03-28,0.303,9.2619791667,0,0.0
1997-03-29,0.346,9.0552083333,0,0.0
1997-03-30,0.29,7.7239583333,0,0.0
1997-03-31,0.288,8.0458333333,0,0.0
1997-04-01,0.258,8.6578125,0,0.0
1997-04-02,0.254,8.4072916667,0,0.0
1997-04-03,0.227,7.6828125,0,0.0
1997-04-04,0.227,7.1489583333,0,0.0
1997-04-05,0.227,6.4989583333,0,0.0
1997-04-06,2.567,5.7270833333,0,0.0
1997-04-07,2.26,6.4546875,0,0.0
1997-04-08,1.424,6.9588541667,0,0.0
1997-04-09,0.919,7.6119791667,0,0.0
1997-04-10,0.639,8.1932291667,0,0.0
1997-04-11,0.49,7.578125,0,0.0
1997-04-12,0.377,6.6963541667,0,0.0
1997-04-13,0.307,6.6234375,0,0.0
1997-04-14,0.254,6.6692708333,0,0.0
1997-04-15,0.228,6.6427083333,0,0.0
1997-04-16,0.201,6.9442708333,0,0.0
1997-04-17,0.2,6.4875,0,0.0
1997-04-18,0.172,6.434375,0,0.0
1997-04-19,0.172,6.1932291667,0,0.0
1997-04-20,0.146,5.5651041667,0,0.0
1997-04-21,0.146,4.9572916667,0,0.0
1997-04-22,0.123,4.7588541667,0,0.0
1997-04-23,0.123,6.0661458333,0,0.0
1997-04-24,0.123,7.728125,0,0.0
1997-04-25,0.107,9.3307291667,0,0.0
1997-04-26,0.137,10.5328125,0,0.0
1997-04-27,0.146,11.2145833333,0,0.0
1997-04-28,0.264,10.9942708333,0,0.0
1997-04-29,0.227,10.9630208333,0,0.0
1997-04-30,2.057,11.18125,0,0.0
1997-05-01,1.906,11.8338541667,0,0.0
1997-05-02,1.261,13.6364583333,0,0.0
1997-05-03,0.82,15.2989583333,0,0.0
1997-05-04,0.582,15.8713541667,0,0.0
1997-05-05,0.442,14.4921875,0,0.0
1997-05-06,0.87,11.446875,0,0.0
1997-05-07,2.332,9.0494791667,0,0.0
1997-05-08,3.013,8.0994791667,0,0.0
1997-05-09,2.153,8.6984375,0,0.0
1997-05-10,1.671,10.8489583333,0,0.0
1997-05-11,1.108,12.3369791667,0,0.0
1997-05-12,0.86,13.7802083333,0,0.0
1997-05-13,0.641,14.615625,0,0.0
1997-05-14,0.497,15.1270833333,0,0.0
1997-05-15,0.389,16.5072916667,0,0.0
1997-05-16,0.321,17.8276041667,0,0.0
1997-05-17,0.289,18.1572916667,0,0.0
1997-05-18,0.253,18.7796875,0,0.0
1997-05-19,0.279,17.66875,0,0.0
1997-05-20,0.227,15.6223958333,0,0.0
1997-05-21,0.227,14.0442708333,0,0.0
1997-05-22,0.301,12.0151041667,0,0.0
1997-05-23,0.425,10.6989583333,0,0.0
1997-05-24,0.286,10.5395833333,0,0.0
1997-05-25,0.281,11.1588541667,0,0.0
1997-05-26,0.254,11.5890625,0,0.0
1997-05-27,0.254,11.9619791667,0,0.0
1997-05-28,0.228,12.0973958333,0,0.0
1997-05-29,0.2,12.3484375,0,0.0
1997-05-30,0.172,12.5520833333,0,0.0
1997-05-31,0.172,13.0135416667,0,0.0
1997-06-01,0.147,13.7151041667,0,0.0
1997-06-02,0.146,14.53125,0,0.0
1997-06-03,0.123,15.7104166667,0,0.0
1997-06-04,0.123,17.4838541667,0,0.0
1997-06-05,0.107,18.8557291667,0,0.0
1997-06-06,0.107,20.1703125,0,0.0
1997-06-07,0.096,19.9338541667,0,0.0
1997-06-08,0.096,19.3234375,0,0.0
1997-06-09,0.162,19.13125,0,0.0
1997-06-10,0.096,18.7026041667,0,0.0
1997-06-11,0.096,19.1114583333,0,0.0
1997-06-12,0.132,19.3890625,0,0.0
1997-06-13,0.101,18.4401041667,0,0.0
1997-06-14,0.2,16.8932291667,0,0.0
1997-06-15,0.242,16.06875,0,0.0
1997-06-16,0.202,15.2739583333,0,0.0
1997-06-17,0.147,14.5552083333,0,0.0
1997-06-18,0.124,14.8578125,0,0.0
1997-06-19,0.124,14.8479166667,0,0.0
1997-06-20,0.108,14.7864583333,0,0.0
1997-06-21,0.113,15.0145833333,0,0.0
1997-06-22,0.107,14.4421875,0,0.0
1997-06-23,0.107,14.0375,0,0.0
1997-06-24,0.132,13.3578125,0,0.0
1997-06-25,0.107,13.4046875,0,0.0
1997-06-26,0.107,13.859375,0,0.0
1997-06-27,0.107,14.7166666667,0,0.0
1997-06-28,0.123,15.3921875,0,0.0
1997-06-29,0.107,15.4296875,0,0.0
1997-06-30,0.107,15.5651041667,0,0.0
1997-07-01,0.108,15.3692708333,0,0.0
1997-07-02,0.108,15.8302083333,0,0.0
1997-07-03,0.108,16.0640625,0,0.0
1997-07-04,0.097,16.0671875,0,0.0
1997-07-05,0.089,15.90625,0,0.0
1997-07-06,0.097,15.9401041667,0,0.0
1997-07-07,0.089,15.9791666667,0,0.0
1997-07-08,0.088,16.325,0,0.0
1997-07-09,0.088,17.009375,0,0.0
1997-07-10,0.088,17.8182291667,0,0.0
1997-07-11,0.078,19.0510416667,0,0.0
1997-07-12,0.078,19.9494791667,0,0.0
1997-07-13,0.078,20.2703125,0,0.0
1997-07-14,0.078,19.8598958333,0,0.0
1997-07-15,0.066,19.05625,0,0.0
1997-07-16,0.066,18.2859375,0,0.0
1997-07-17,0.078,17.6348958333,0,0.0
1997-07-18,0.078,17.3880208333,0,0.0
1997-07-19,0.091,16.9291666667,0,0.0
1997-07-20,0.078,16.7234375,0,0.0
1997-07-21,0.081,17.2677083333,0,0.0
1997-07-22,0.079,17.4567708333,0,0.0
1997-07-23,0.079,18.1395833333,0,0.0
1997-07-24,0.067,18.3020833333,0,0.0
1997-07-25,0.067,18.2802083333,0,0.0
1997-07-26,0.096,18.184375,0,0.0
1997-07-27,0.079,17.7921875,0,0.0
1997-07-28,0.078,18.028125,0,0.0
1997-07-29,0.068,18.4145833333,0,0.0
1997-07-30,0.066,17.7765625,0,0.0
1997-07-31,0.053,17.3916666667,0,0.0
1997-08-01,0.096,17.5609375,0,0.0
1997-08-02,0.096,17.0515625,0,0.0
1997-08-03,0.088,18.3036458333,0,0.0
1997-08-04,0.088,19.7432291667,0,0.0
1997-08-05,0.078,20.5880208333,0,0.0
1997-08-06,0.066,21.3677083333,0,0.0
1997-08-07,0.061,21.8276041667,0,0.0
1997-08-08,0.053,22.1880208333,0,0.0
1997-08-09,0.053,22.4,0,0.0
1997-08-10,0.046,23.1744791667,0,0.0
1997-08-11,0.041,23.5567708333,0,0.0
1997-08-12,0.041,23.6182291667,0,0.0
1997-08-13,0.041,23.2208333333,0,0.0
1997-08-14,0.041,21.8734375,0,0.0
1997-08-15,0.041,20.946875,0,0.0
1997-08-16,0.053,20.4135416667,0,0.0
1997-08-17,0.041,20.4390625,0,0.0
1997-08-18,0.041,20.4880208333,0,0.0
1997-08-19,0.041,20.3526041667,0,0.0
1997-08-20,0.041,20.3963541667,0,0.0
1997-08-21,0.041,20.0161458333,0,0.0
1997-08-22,0.041,20.9984375,0,0.0
1997-08-23,0.066,22.0036458333,0,0.0
1997-08-24,0.053,23.0958333333,0,0.0
1997-08-25,0.053,22.9364583333,0,0.0
1997-08-26,0.041,22.1734375,0,0.0
1997-08-27,0.053,20.3223958333,0,0.0
1997-08-28,0.096,18.0776041667,0,0.0
1997-08-29,0.088,17.190625,0,0.0
1997-08-30,0.066,17.2088541667,0,0.0
1997-08-31,0.056,18.4916666667,0,0.0
1997-09-01,0.055,18.4416666667,0,0.0
1997-09-02,0.076,18.465625,0,0.0
1997-09-03,0.079,17.8666666667,0,0.0
1997-09-04,0.054,17.0442708333,0,0.0
1997-09-05,0.054,17.0447916667,0,0.0
1997-09-06,0.054,16.5161458333,0,0.0
1997-09-07,0.054,16.0661458333,0,0.0
1997-09-08,0.066,15.2802083333,0,0.0
1997-09-09,0.053,14.4171875,0,0.0
1997-09-10,0.053,14.5755208333,0,0.0
1997-09-11,0.041,14.8177083333,0,0.0
1997-09-12,0.041,14.2567708333,0,0.0
1997-09-13,0.043,13.8729166667,0,0.0
1997-09-14,0.041,13.2713541667,0,0.0
1997-09-15,0.041,12.721875,0,0.0
1997-09-16,0.041,13.5411458333,0,0.0
1997-09-17,0.041,15.0427083333,0,0.0
1997-09-18,0.041,15.3385416667,0,0.0
1997-09-19,0.041,14.3875,0,0.0
1997-09-20,0.041,13.0234375,0,0.0
1997-09-21,0.041,11.5911458333,0,0.0
1997-09-22,0.041,11.3348958333,0,0.0
1997-09-23,0.03,11.4265625,0,0.0
1997-09-24,0.03,12.0239583333,0,0.0
1997-09-25,0.041,12.8432291667,0,0.0
1997-09-26,0.03,12.9875,0,0.0
1997-09-27,0.03,13.4557291667,0,0.0
1997-09-28,0.03,13.6307291667,0,0.0
1997-09-29,0.03,13.7052083333,0,0.0
1997-09-30,0.03,14.7484375,0,0.0
1997-10-01,0.041,14.9125,0,0.0
1997-10-02,0.078,14.2265625,0,0.0
1997-10-03,0.053,13.7796875,0,0.0
1997-10-04,0.053,12.3552083333,0,0.0
1997-10-05,0.053,12.5567708333,0,0.0
1997-10-06,0.053,13.9760416667,0,0.0
1997-10-07,0.044,14.5088541667,0,0.0
1997-10-08,0.081,15.971875,0,0.0
1997-10-09,0.171,16.0229166667,0,0.0
1997-10-10,0.415,14.8640625,0,0.0
1997-10-11,0.662,13.3869791667,0,0.0
1997-10-12,0.382,11.0572916667,0,0.0
1997-10-13,0.236,9.3203125,0,0.0
1997-10-14,0.202,8.059375,0,0.0
1997-10-15,0.148,7.5239583333,0,0.0
1997-10-16,0.148,8.3140625,0,0.0
1997-10-17,0.128,9.7338541667,0,0.0
1997-10-18,0.118,11.5901041667,0,0.0
1997-10-19,0.109,12.1760416667,0,0.0
1997-10-20,0.102,10.4114583333,0,0.0
1997-10-21,0.096,7.8682291667,0,0.0
1997-10-22,0.096,5.1817708333,0,0.0
1997-10-23,0.096,4.1505208333,0,0.0
1997-10-24,0.088,4.7213541667,0,0.0
1997-10-25,0.088,5.6640625,0,0.0
1997-10-26,0.088,5.6875,0,0.0
1997-10-27,0.088,4.6010416667,0,0.0
1997-10-28,0.085,3.2145833333,0,0.0
1997-10-29,0.078,2.1140625,0,0.0
1997-10-30,0.078,1.7526041667,0,0.0
1997-10-31,0.078,1.821875,0,0.0
1997-11-01,0.078,1.3359375,0,0.0
1997-11-02,0.078,1.5723958333,0,0.0
1997-11-03,0.078,2.1317708333,0,0.0
1997-11-04,0.078,3.9854166667,0,0.0
1997-11-05,0.078,7.1713541667,0,0.0
1997-11-06,0.088,9.1463541667,0,0.0
1997-11-07,0.124,10.3890625,0,0.0
1997-11-08,0.096,10.6822916667,0,0.0
1997-11-09,0.096,10.1020833333,0,0.0
1997-11-10,0.146,9.2651041667,0,0.0
1997-11-11,0.146,8.8041666667,0,0.0
1997-11-12,0.146,7.9614583333,0,0.0
1997-11-13,0.147,6.7963541667,0,0.0
1997-11-14,0.147,6.5296875,0,0.0
1997-11-15,0.146,6.890625,0,0.0
1997-11-16,0.2,6.4104166667,0,0.0
1997-11-17,0.172,6.5854166667,0,0.0
1997-11-18,0.2,5.2916666667,0,0.0
1997-11-19,0.2,3.4244791667,0,0.0
1997-11-20,0.172,3.7828125,0,0.0
1997-11-21,0.172,2.8786458333,0,0.0
1997-11-22,0.146,2.8927083333,0,0.0
1997-11-23,0.123,3.3677083333,0,0.0
1997-11-24,0.107,3.0473958333,0,0.0
1997-11-25,0.107,4.0515625,0,0.0
1997-11-26,0.107,4.4119791667,0,0.0
1997-11-27,0.096,4.7932291667,0,0.0
1997-11-28,0.096,5.8020833333,0,0.0
1997-11-29,0.107,6.3770833333,0,0.0
1997-11-30,0.148,6.2359375,0,0.0
1997-12-01,0.124,5.3192708333,0,0.0
1997-12-02,0.124,3.3541666667,0,0.0
1997-12-03,0.124,1.6916666667,0,0.0
1997-12-04,0.123,0.7807291667,0,0.0
1997-12-05,0.123,0.9786458333,0,0.0
1997-12-06,0.107,1.4739583333,0,0.0
1997-12-07,0.126,2.0734375,0,0.0
1997-12-08,0.146,4.1291666667,0,0.0
1997-12-09,0.146,6.259375,0,0.0
1997-12-10,0.146,8.2979166667,0,0.0
1997-12-11,2.299,9.3375,0,0.0
1997-12-12,2.67,8.9078125,0,0.0
1997-12-13,5.707,7.5385416667,0,0.0
1997-12-14,3.582,5.2260416667,0,0.0
1997-12-15,2.091,2.5,0,0.0
1997-12-16,1.257,0.6291666667,0,0.0
1997-12-17,0.802,0.1,0,0.0
1997-12-18,0.607,0.7005208333,0,0.0
1997-12-19,0.471,2.4572916667,0,0.0
1997-12-20,0.356,3.2020833333,0,0.0
1997-12-21,0.338,2.8552083333,0,0.0
1997-12-22,0.25,2.559375,0,0.0
1997-12-23,0.207,3.8151041667,0,0.0
1997-12-24,0.202,6.3166666667,0,0.0
1997-12-25,1.097,8.1322916667,0,0.0
1997-12-26,1.728,8.9802083333,0,0.0
1997-12-27,2.059,8.0078125,0,0.0
1997-12-28,3.306,6.3078125,0,0.0
1997-12-29,3.763,5.2619791667,0,0.0
1997-12-30,4.02,5.5770833333,0,0.0
1997-12-31,2.421,5.7953125,0,0.0
1998-01-01,1.615,6.5932291667,0,0.0
1998-01-02,0.975,7.38125,0,0.0
1998-01-03,2.732,7.2119791667,0,0.0
1998-01-04,4.006,7.3166666667,0,0.0
1998-01-05,3.339,6.7921875,0,0.0
1998-01-06,2.256,7.1921875,0,0.0
1998-01-07,1.433,8.003125,0,0.0
1998-01-08,2.134,8.9380208333,0,0.0
1998-01-09,1.984,9.6390625,0,0.0
1998-01-10,1.325,9.178125,0,0.0
1998-01-11,0.938,8.403125,0,0.0
1998-01-12,0.676,7.9296875,0,0.0
1998-01-13,0.517,8.0333333333,0,0.0
1998-01-14,0.433,7.5875,0,0.0
1998-01-15,0.334,7.6666666667,0,0.0
1998-01-16,0.361,6.8625,0,0.0
1998-01-17,0.371,5.6635416667,0,0.0
1998-01-18,0.3,5.4401041667,0,0.0
1998-01-19,0.509,4.2755208333,0,0.0
1998-01-20,1.006,3.13125,0,0.0
1998-01-21,1.453,2.0671875,0,0.0
1998-01-22,1.399,1.2208333333,0,0.0
1998-01-23,1.093,0.7796875,0,0.0
1998-01-24,0.826,0.4807291667,0,0.0
1998-01-25,0.603,0.1,0,0.0
1998-01-26,0.452,0.1,0,0.0
1998-01-27,0.344,0.1,0,0.0
1998-01-28,0.308,0.1,0,0.0
1998-01-29,0.265,0.1,0,0.0
1998-01-30,0.231,0.1,0,0.0
1998-01-31,0.205,0.1,0,0.0
1998-02-01,0.153,0.1,0,0.0
1998-02-02,0.229,0.1,0,0.0
1998-02-03,0.2,0.1,0,0.0
1998-02-04,0.146,0.1,0,0.0
1998-02-05,0.123,1.0567708333,0,0.0
1998-02-06,0.123,1.4057291667,0,0.0
1998-02-07,0.123,2.790625,0,0.0
1998-02-08,0.123,3.7541666667,0,0.0
1998-02-09,0.146,4.3833333333,0,0.0
1998-02-10,0.146,5.6723958333,0,0.0
1998-02-11,0.123,7.3770833333,0,0.0
1998-02-12,0.123,8.5828125,0,0.0
1998-02-13,0.146,8.9515625,0,0.0
1998-02-14,0.123,9.365625,0,0.0
1998-02-15,0.123,9.3947916667,0,0.0
1998-02-16,0.123,8.1973958333,0,0.0
1998-02-17,0.146,7.5953125,0,0.0
1998-02-18,0.146,7.0984375,0,0.0
1998-02-19,0.123,6.9041666667,0,0.0
1998-02-20,0.123,8.3833333333,0,0.0
1998-02-21,0.123,9.1125,0,0.0
1998-02-22,0.123,8.978125,0,0.0
1998-02-23,0.146,8.8932291667,0,0.0
1998-02-24,0.123,8.359375,0,0.0
1998-02-25,0.123,8.5265625,0,0.0
1998-02-26,0.123,9.05,0,0.0
1998-02-27,0.123,8.13125,0,0.0
1998-02-28,0.123,6.5630208333,0,0.0
1998-03-01,0.172,6.025,0,0.0
1998-03-02,0.183,6.6213541667,0,0.0
1998-03-03,0.993,8.5640625,0,0.0
1998-03-04,4.68,9.1963541667,0,0.0
1998-03-05,4.067,9.2848958333,0,0.0
1998-03-06,3.108,9.1682291667,0,0.0
1998-03-07,20.772,7.2869791667,0,0.0
1998-03-08,10.026,5.7911458333,0,0.0
1998-03-09,5.5,4.6,0,0.0
1998-03-10,3.652,3.1677083333,0,0.0
1998-03-11,2.349,2.5442708333,0,0.0
1998-03-12,1.582,3.2869791667,0,0.0
1998-03-13,0.995,4.3328125,0,0.0
1998-03-14,0.805,5.0973958333,0,0.0
1998-03-15,0.757,6.4979166667,0,0.0
1998-03-16,0.893,7.9723958333,0,0.0
1998-03-17,0.95,8.5265625,0,0.0
1998-03-18,0.944,8.0848958333,0,0.0
1998-03-19,0.812,7.2203125,0,0.0
1998-03-20,0.652,6.246875,0,0.0
1998-03-21,0.605,4.8578125,0,0.0
1998-03-22,0.451,4.2963541667,0,0.0
1998-03-23,0.436,3.8838541667,0,0.0
1998-03-24,0.375,3.7802083333,0,0.0
1998-03-25,0.315,4.546875,0,0.0
1998-03-26,0.267,5.7885416667,0,0.0
1998-03-27,0.253,7.834375,0,0.0
1998-03-28,0.252,10.6223958333,0,0.0
1998-03-29,0.198,13.2171875,0,0.0
1998-03-30,0.196,14.5703125,0,0.0
1998-03-31,0.175,14.65,0,0.0
1998-04-01,0.168,13.9161458333,0,0.0
1998-04-02,0.262,12.5302083333,0,0.0
1998-04-03,0.2,11.4916666667,0,0.0
1998-04-04,0.5,11.0151041667,0,0.0
1998-04-05,0.598,10.2802083333,0,0.0
1998-04-06,0.737,9.1942708333,0,0.0
1998-04-07,0.797,8.7203125,0,0.0
1998-04-08,1.381,8.2546875,0,0.0
1998-04-09,2.563,7.4890625,0,0.0
1998-04-10,2.151,7.6130208333,0,0.0
1998-04-11,1.552,7.1583333333,0,0.0
1998-04-12,1.145,5.9328125,0,0.0
1998-04-13,0.932,5.2984375,0,0.0
1998-04-14,0.822,5.0744791667,0,0.0
1998-04-15,0.612,5.371875,0,0.0
1998-04-16,0.748,6.4291666667,0,0.0
1998-04-17,0.803,7.3333333333,0,0.0
1998-04-18,0.892,7.7109375,0,0.0
1998-04-19,0.979,7.9432291667,0,0.0
1998-04-20,1.786,8.7755208333,0,0.0
1998-04-21,1.908,10.5875,0,0.0
1998-04-22,1.579,12.5822916667,0,0.0
1998-04-23,1.348,13.7802083333,0,0.0
1998-04-24,0.99,14.4755208333,0,0.0
1998-04-25,0.744,13.6458333333,0,0.0
1998-04-26,0.607,12.1723958333,0,0.0
1998-04-27,0.705,11.4484375,0,0.0
1998-04-28,0.584,10.9453125,0,0.0
1998-04-29,0.565,11.6229166667,0,0.0
1998-04-30,0.543,11.9796875,0,0.0
1998-05-01,0.48,12.3119791667,0,0.0
1998-05-02,0.58,11.9046875,0,0.0
1998-05-03,0.489,10.6098958333,0,0.0
1998-05-04,0.395,10.075,0,0.0
1998-05-05,0.348,10.1729166667,0,0.0
1998-05-06,0.364,11.0854166667,0,0.0
1998-05-07,0.343,13.1151041667,0,0.0
1998-05-08,0.306,15.6619791667,0,0.0
1998-05-09,0.254,17.8510416667,0,0.0
1998-05-10,0.253,19.9447916667,0,0.0
1998-05-11,0.227,21.4963541667,0,0.0
1998-05-12,0.227,22.2973958333,0,0.0
1998-05-13,0.21,22.1083333333,0,0.0
1998-05-14,0.2,20.9854166667,0,0.0
1998-05-15,0.2,19.1177083333,0,0.0
1998-05-16,0.172,17.2895833333,0,0.0
1998-05-17,0.172,16.4026041667,0,0.0
1998-05-18,0.172,16.0776041667,0,0.0
1998-05-19,0.172,15.9703125,0,0.0
1998-05-20,0.172,15.1333333333,0,0.0
1998-05-21,0.146,13.3296875,0,0.0
1998-05-22,0.146,11.91875,0,0.0
1998-05-23,0.146,11.0270833333,0,0.0
1998-05-24,0.123,11.1197916667,0,0.0
1998-05-25,0.146,12.3192708333,0,0.0
1998-05-26,0.146,13.3203125,0,0.0
1998-05-27,0.172,14.7197916667,0,0.0
1998-05-28,0.146,15.553125,0,0.0
1998-05-29,0.146,15.9520833333,0,0.0
1998-05-30,0.146,16.4765625,0,0.0
1998-05-31,0.126,16.1171875,0,0.0
1998-06-01,0.123,16.265625,0,0.0
1998-06-02,0.455,16.7911458333,0,0.0
1998-06-03,0.462,16.7578125,0,0.0
1998-06-04,0.587,17.665625,0,0.0
1998-06-05,0.389,18.8817708333,0,0.0
1998-06-06,0.278,18.7442708333,0,0.0
1998-06-07,0.182,18.5942708333,0,0.0
1998-06-08,0.377,18.0572916667,0,0.0
1998-06-09,0.172,16.8791666667,0,0.0
1998-06-10,0.172,16.009375,0,0.0
1998-06-11,0.227,14.5661458333,0,0.0
1998-06-12,0.49,13.1505208333,0,0.0
1998-06-13,0.666,12.1286458333,0,0.0
1998-06-14,0.652,12.0713541667,0,0.0
1998-06-15,0.618,12.9630208333,0,0.0
1998-06-16,0.477,13.4348958333,0,0.0
1998-06-17,0.657,13.71875,0,0.0
1998-06-18,0.791,14.9963541667,0,0.0
1998-06-19,0.749,16.9416666667,0,0.0
1998-06-20,0.58,19.8963541667,0,0.0
1998-06-21,0.444,20.946875,0,0.0
1998-06-22,0.353,20.3833333333,0,0.0
1998-06-23,0.269,19.6380208333,0,0.0
1998-06-24,0.23,18.0026041667,0,0.0
1998-06-25,0.2,18.0401041667,0,0.0
1998-06-26,0.2,18.640625,0,0.0
1998-06-27,0.172,17.7890625,0,0.0
1998-06-28,0.149,17.1703125,0,0.0
1998-06-29,0.146,16.4041666667,0,0.0
1998-06-30,0.107,15.5458333333,0,0.0
1998-07-01,0.391,15.3953125,0,0.0
1998-07-02,0.146,14.8458333333,0,0.0
1998-07-03,0.122,15.0151041667,0,0.0
1998-07-04,0.109,15.3807291667,0,0.0
1998-07-05,0.107,15.6697916667,0,0.0
1998-07-06,0.107,15.3765625,0,0.0
1998-07-07,0.123,14.4890625,0,0.0
1998-07-08,0.107,13.89375,0,0.0
1998-07-09,0.107,14.2239583333,0,0.0
1998-07-10,0.172,14.9692708333,0,0.0
1998-07-11,0.256,16.1692708333,0,0.0
1998-07-12,0.584,16.4364583333,0,0.0
1998-07-13,3.704,15.6348958333,0,0.0
1998-07-14,3.034,15.0515625,0,0.0
1998-07-15,2.199,14.2463541667,0,0.0
1998-07-16,1.635,14.1765625,0,0.0
1998-07-17,1.253,14.7515625,0,0.0
1998-07-18,1.384,15.8385416667,0,0.0
1998-07-19,1.047,18.790625,0,0.0
1998-07-20,0.766,20.8125,0,0.0
1998-07-21,0.528,21.5265625,0,0.0
1998-07-22,0.388,21.6609375,0,0.0
1998-07-23,0.266,19.55,0,0.0
1998-07-24,0.228,17.8713541667,0,0.0
1998-07-25,0.2,17.3963541667,0,0.0
1998-07-26,0.172,17.5510416667,0,0.0
1998-07-27,0.146,17.525,0,0.0
1998-07-28,0.123,17.3640625,0,0.0
1998-07-29,0.146,17.35,0,0.0
1998-07-30,0.263,16.7036458333,0,0.0
1998-07-31,0.2,16.8421875,0,0.0
1998-08-01,0.146,17.0197916667,0,0.0
1998-08-02,0.123,17.3359375,0,0.0
1998-08-03,0.123,17.3338541667,0,0.0
1998-08-04,0.107,17.0635416667,0,0.0
1998-08-05,0.123,17.5786458333,0,0.0
1998-08-06,0.107,17.94375,0,0.0
1998-08-07,0.096,19.4546875,0,0.0
1998-08-08,0.088,20.5046875,0,0.0
1998-08-09,0.088,21.9734375,0,0.0
1998-08-10,0.088,23.3046875,0,0.0
1998-08-11,0.078,23.36875,0,0.0
1998-08-12,0.078,22.4760416667,0,0.0
1998-08-13,0.078,20.6854166667,0,0.0
1998-08-14,0.078,19.6739583333,0,0.0
1998-08-15,0.078,18.3807291667,0,0.0
1998-08-16,0.078,18.590625,0,0.0
1998-08-17,0.07,18.4953125,0,0.0
1998-08-18,0.066,17.4484375,0,0.0
1998-08-19,0.066,17.5401041667,0,0.0
1998-08-20,0.066,16.9671875,0,0.0
1998-08-21,0.066,16.3265625,0,0.0
1998-08-22,0.146,15.6630208333,0,0.0
1998-08-23,0.146,14.6770833333,0,0.0
1998-08-24,0.23,14.1479166667,0,0.0
1998-08-25,0.341,14.1333333333,0,0.0
1998-08-26,0.279,13.4791666667,0,0.0
1998-08-27,0.354,12.8348958333,0,0.0
1998-08-28,0.253,12.4151041667,0,0.0
1998-08-29,0.227,12.1630208333,0,0.0
1998-08-30,0.2,12.8255208333,0,0.0
1998-08-31,0.172,13.5369791667,0,0.0
1998-09-01,0.146,14.5875,0,0.0
1998-09-02,0.146,15.6859375,0,0.0
1998-09-03,0.172,16.3291666667,0,0.0
1998-09-04,0.2,16.78125,0,0.0
1998-09-05,0.176,16.6052083333,0,0.0
1998-09-06,0.244,16.2567708333,0,0.0
1998-09-07,1.371,16.2411458333,0,0.0
1998-09-08,1.109,16.8057291667,0,0.0
1998-09-09,0.754,17.6572916667,0,0.0
1998-09-10,0.878,17.728125,0,0.0
1998-09-11,0.837,16.2838541667,0,0.0
1998-09-12,0.663,14.0078125,0,0.0
1998-09-13,1.121,11.8817708333,0,0.0
1998-09-14,2.302,10.984375,0,0.0
1998-09-15,16.203,11.6130208333,0,0.0
1998-09-16,13.351,12.2328125,0,0.0
1998-09-17,6.544,12.8036458333,0,0.0
1998-09-18,12.5,13.1088541667,0,0.0
1998-09-19,4.711,13.4239583333,0,0.0
1998-09-20,2.613,13.8385416667,0,0.0
1998-09-21,1.576,14.1098958333,0,0.0
1998-09-22,0.968,14.0734375,0,0.0
1998-09-23,0.687,13.9583333333,0,0.0
1998-09-24,0.544,14.6640625,0,0.0
1998-09-25,0.422,15.5213541667,0,0.0
1998-09-26,0.341,15.9677083333,0,0.0
1998-09-27,0.326,15.9927083333,0,0.0
1998-09-28,0.218,15.6651041667,0,0.0
1998-09-29,0.202,14.7125,0,0.0
1998-09-30,0.174,14.1630208333,0,0.0
1998-10-01,0.2,12.4526041667,0,0.0
1998-10-02,0.169,10.1052083333,0,0.0
1998-10-03,0.146,8.5463541667,0,0.0
1998-10-04,0.146,7.2229166667,0,0.0
1998-10-05,0.146,7.3411458333,0,0.0
1998-10-06,0.146,8.09375,0,0.0
1998-10-07,0.244,8.5864583333,0,0.0
1998-10-08,0.211,8.8520833333,0,0.0
1998-10-09,0.393,9.5010416667,0,0.0
1998-10-10,0.391,10.096875,0,0.0
1998-10-11,0.513,10.353125,0,0.0
1998-10-12,1.709,10.6130208333,0,0.0
1998-10-13,2.81,11.378125,0,0.0
1998-10-14,2.387,11.2552083333,0,0.0
1998-10-15,5.829,11.2755208333,0,0.0
1998-10-16,4.368,12.2135416667,0,0.0
1998-10-17,2.532,10.9609375,0,0.0
1998-10-18,1.784,9.7739583333,0,0.0
1998-10-19,1.08,8.7953125,0,0.0
1998-10-20,0.891,7.9645833333,0,0.0
1998-10-21,0.923,9.09375,0,0.0
1998-10-22,1.028,11.0578125,0,0.0
1998-10-23,0.948,12.2723958333,0,0.0
1998-10-24,2.992,12.2322916667,0,0.0
1998-10-25,7.194,10.6994791667,0,0.0
1998-10-26,6.331,9.6619791667,0,0.0
1998-10-27,4.939,10.2239583333,0,0.0
1998-10-28,6.295,9.7546875,0,0.0
1998-10-29,8.635,9.5807291667,0,0.0
1998-10-30,5.763,8.778125,0,0.0
1998-10-31,4.975,7.3359375,0,0.0
1998-11-01,5.361,6.7520833333,0,0.0
1998-11-02,10.283,7.2416666667,0,0.0
1998-11-03,5.214,7.0911458333,0,0.0
1998-11-04,3.354,6.7333333333,0,0.0
1998-11-05,2.923,7.2151041667,0,0.0
1998-11-06,2.469,6.01875,0,0.0
1998-11-07,1.997,6.2322916667,0,0.0
1998-11-08,1.567,7.4442708333,0,0.0
1998-11-09,1.903,7.7302083333,0,0.0
1998-11-10,6.703,8.0619791667,0,0.0
1998-11-11,4.392,7.0130208333,0,0.0
1998-11-12,2.724,5.7151041667,0,0.0
1998-11-13,1.995,4.2765625,0,0.0
1998-11-14,1.659,4.1598958333,0,0.0
1998-11-15,1.499,4.4541666667,0,0.0
1998-11-16,1.456,3.4078125,0,0.0
1998-11-17,1.413,2.9442708333,0,0.0
1998-11-18,1.245,1.9255208333,0,0.0
1998-11-19,1.073,0.1880208333,0,0.0
1998-11-20,0.832,0.1,0,0.0
1998-11-21,0.656,0.1,0,0.0
1998-11-22,0.525,0.1,0,0.0
1998-11-23,0.461,0.1,0,0.0
1998-11-24,0.403,0.1,0,0.0
1998-11-25,0.343,0.1,0,0.0
1998-11-26,0.315,0.7140625,0,0.0
1998-11-27,0.34,1.8890625,0,0.0
1998-11-28,0.572,2.4583333333,0,0.0
1998-11-29,0.441,2.8291666667,0,0.0
1998-11-30,0.423,1.421875,0,0.0
1998-12-01,0.368,0.1,0,0.0
1998-12-02,0.355,0.1,0,0.0
1998-12-03,0.334,0.1,0,0.0
1998-12-04,0.313,0.1,0,0.0
1998-12-05,0.309,0.1,0,0.0
1998-12-06,0.293,0.3744791667,0,0.0
1998-12-07,0.205,0.1,0,0.0
1998-12-08,0.194,0.1,0,0.0
1998-12-09,0.173,0.1447916667,0,0.0
1998-12-10,0.228,0.5369791667,0,0.0
1998-12-11,0.201,2.5588541667,0,0.0
1998-12-12,0.201,4.7151041667,0,0.0
1998-12-13,2.067,6.7046875,0,0.0
1998-12-14,3.746,8.5552083333,0,0.0
1998-12-15,2.489,8.6770833333,0,0.0
1998-12-16,1.947,7.7447916667,0,0.0
1998-12-17,2.017,6.5802083333,0,0.0
1998-12-18,1.75,5.7296875,0,0.0
1998-12-19,1.347,4.653125,0,0.0
1998-12-20,1.67,3.525,0,0.0
1998-12-21,1.222,3.075,0,0.0
1998-12-22,1.124,2.0765625,0,0.0
1998-12-23,0.985,1.6604166667,0,0.0
1998-12-24,0.796,2.51875,0,0.0
1998-12-25,0.67,4.0880208333,0,0.0
1998-12-26,0.685,5.9838541667,0,0.0
1998-12-27,0.942,7.9651041667,0,0.0
1998-12-28,1.28,7.7890625,0,0.0
1998-12-29,1.789,7.0791666667,0,0.0
1998-12-30,1.551,5.5005208333,0,0.0
1998-12-31,1.128,4.1505208333,0,0.0
1999-01-01,0.851,4.5583333333,0,0.0
1999-01-02,0.652,4.5671875,0,0.0
1999-01-03,0.549,6.1307291667,0,0.0
1999-01-04,1.586,8.4296875,0,0.0
1999-01-05,2.765,9.55625,0,0.0
1999-01-06,2.952,9.7473958333,0,0.0
1999-01-07,2.142,8.7010416667,0,0.0
1999-01-08,2.676,6.1958333333,0,0.0
1999-01-09,3.284,3.7734375,0,0.0
1999-01-10,2.484,1.6708333333,0,0.0
1999-01-11,1.684,0.1234375,0,0.0
1999-01-12,1.146,0.1,0,0.0
1999-01-13,0.969,1.0390625,0,0.0
1999-01-14,0.786,3.3166666667,0,0.0
1999-01-15,1.421,5.8104166667,0,0.0
1999-01-16,4.348,6.996875,0,0.0
1999-01-17,4.68,6.7395833333,0,0.0
1999-01-18,5.365,6.3140625,0,0.0
1999-01-19,3.54,5.8520833333,0,0.0
1999-01-20,2.303,5.8567708333,0,0.0
1999-01-21,1.521,6.6078125,0,0.0
1999-01-22,1.036,6.2104166667,0,0.0
1999-01-23,0.8,5.4057291667,0,0.0
1999-01-24,0.622,6.3505208333,0,0.0
1999-01-25,0.578,6.0442708333,0,0.0
1999-01-26,1.003,6.0604166667,0,0.0
1999-01-27,0.946,5.9322916667,0,0.0
1999-01-28,3.412,2.9755208333,0,0.0
1999-01-29,7.064,1.0609375,0,0.0
1999-01-30,4.087,0.1,0,0.0
1999-01-31,2.46,0.1,0,0.0
1999-02-01,1.672,1.0208333333,0,0.0
1999-02-02,1.256,3.1026041667,0,0.0
1999-02-03,0.876,5.4854166667,0,0.0
1999-02-04,0.745,6.0713541667,0,0.0
1999-02-05,1.002,5.5015625,0,0.0
1999-02-06,1.441,4.3526041667,0,0.0
1999-02-07,1.731,2.1302083333,0,0.0
1999-02-08,1.629,0.4541666667,0,0.0
1999-02-09,1.274,0.1,0,0.0
1999-02-10,1.016,0.1,0,0.0
1999-02-11,0.858,0.1,0,0.0
1999-02-12,0.66,0.1,0,0.0
1999-02-13,0.53,0.1,0,0.0
1999-02-14,0.489,0.1,0,0.0
1999-02-15,0.441,0.1,0,0.0
1999-02-16,0.417,0.8296875,0,0.0
1999-02-17,0.84,2.065625,0,0.0
1999-02-18,0.918,3.8473958333,0,0.0
1999-02-19,0.925,4.58125,0,0.0
1999-02-20,14.546,5.575,0,0.0
1999-02-21,7.047,5.4526041667,0,0.0
1999-02-22,6.02,4.1296875,0,0.0
1999-02-23,4.797,2.7026041667,0,0.0
1999-02-24,3.168,1.7666666667,0,0.0
1999-02-25,2.423,3.09375,0,0.0
1999-02-26,1.895,4.0838541667,0,0.0
1999-02-27,2.13,5.4760416667,0,0.0
1999-02-28,2.324,7.3151041667,0,0.0
1999-03-01,2.281,8.3869791667,0,0.0
1999-03-02,11.709,9.453125,0,0.0
1999-03-03,14.115,9.5182291667,0,0.0
1999-03-04,7.723,8.6520833333,0,0.0
1999-03-05,4.225,7.0260416667,0,0.0
1999-03-06,2.877,5.21875,0,0.0
1999-03-07,2.077,4.6776041667,0,0.0
1999-03-08,1.751,4.6244791667,0,0.0
1999-03-09,2.63,4.1177083333,0,0.0
1999-03-10,2.79,4.2375,0,0.0
1999-03-11,2.266,5.2104166667,0,0.0
1999-03-12,1.618,6.9875,0,0.0
1999-03-13,1.137,8.3442708333,0,0.0
1999-03-14,0.901,9.0161458333,0,0.0
1999-03-15,0.659,8.290625,0,0.0
1999-03-16,0.54,6.8057291667,0,0.0
1999-03-17,0.435,6.4973958333,0,0.0
1999-03-18,0.365,6.3192708333,0,0.0
1999-03-19,0.424,6.2609375,0,0.0
1999-03-20,0.312,6.1380208333,0,0.0
1999-03-21,0.292,5.5953125,0,0.0
1999-03-22,0.76,5.7796875,0,0.0
1999-03-23,0.56,6.7604166667,0,0.0
1999-03-24,3.593,8.4484375,0,0.0
1999-03-25,3.393,10.3380208333,0,0.0
1999-03-26,2.232,10.7828125,0,0.0
1999-03-27,1.522,10.1286458333,0,0.0
1999-03-28,0.955,8.8713541667,0,0.0
1999-03-29,0.683,8.5734375,0,0.0
1999-03-30,0.538,9.6359375,0,0.0
1999-03-31,0.447,11.39375,0,0.0
1999-04-01,0.397,13.1057291667,0,0.0
1999-04-02,0.323,13.1375,0,0.0
1999-04-03,0.266,12.9515625,0,0.0
1999-04-04,0.305,12.2864583333,0,0.0
1999-04-05,0.266,12.1395833333,0,0.0
1999-04-06,0.422,11.7125,0,0.0
1999-04-07,0.406,10.9625,0,0.0
1999-04-08,0.871,10.26875,0,0.0
1999-04-09,0.876,9.5927083333,0,0.0
1999-04-10,0.848,9.6828125,0,0.0
1999-04-11,0.706,9.3791666667,0,0.0
1999-04-12,0.637,8.8052083333,0,0.0
1999-04-13,1.185,6.6526041667,0,0.0
1999-04-14,2.311,4.9640625,0,0.0
1999-04-15,4.285,4.2994791667,0,0.0
1999-04-16,4.097,3.9557291667,0,0.0
1999-04-17,3,4.7619791667,0,0.0
1999-04-18,1.933,5.1963541667,0,0.0
1999-04-19,1.224,6.065625,0,0.0
1999-04-20,0.89,7.9916666667,0,0.0
1999-04-21,0.68,9.5395833333,0,0.0
1999-04-22,0.622,11.403125,0,0.0
1999-04-23,0.494,12.1260416667,0,0.0
1999-04-24,0.394,11.9921875,0,0.0
1999-04-25,0.329,12.8666666667,0,0.0
1999-04-26,0.302,12.9088541667,0,0.0
1999-04-27,0.271,13.6260416667,0,0.0
1999-04-28,0.228,13.6130208333,0,0.0
1999-04-29,0.227,13.0661458333,0,0.0
1999-04-30,0.2,13.2286458333,0,0.0
1999-05-01,0.2,12.9859375,0,0.0
1999-05-02,0.172,13.4286458333,0,0.0
1999-05-03,0.172,13.5541666667,0,0.0
1999-05-04,0.146,13.4875,0,0.0
1999-05-05,0.146,12.8302083333,0,0.0
1999-05-06,0.146,13.2359375,0,0.0
1999-05-07,0.172,13.5963541667,0,0.0
1999-05-08,0.146,14.3958333333,0,0.0
1999-05-09,0.123,15.3994791667,0,0.0
1999-05-10,0.123,15.2364583333,0,0.0
1999-05-11,0.255,15.0588541667,0,0.0
1999-05-12,0.172,14.3416666667,0,0.0
1999-05-13,0.172,13.9958333333,0,0.0
1999-05-14,0.162,12.9515625,0,0.0
1999-05-15,0.146,11.5921875,0,0.0
1999-05-16,0.146,11.8192708333,0,0.0
1999-05-17,0.146,12.771875,0,0.0
1999-05-18,0.146,13.8979166667,0,0.0
1999-05-19,0.146,15.2755208333,0,0.0
1999-05-20,0.172,15.44375,0,0.0
1999-05-21,0.146,14.5776041667,0,0.0
1999-05-22,0.146,14.3708333333,0,0.0
1999-05-23,0.146,14.334375,0,0.0
1999-05-24,0.146,14.2458333333,0,0.0
1999-05-25,0.146,14.6588541667,0,0.0
1999-05-26,0.146,16.10625,0,0.0
1999-05-27,0.123,17.5098958333,0,0.0
1999-05-28,0.123,19.4140625,0,0.0
1999-05-29,0.11,20.659375,0,0.0
1999-05-30,0.107,19.3453125,0,0.0
1999-05-31,0.123,18.6442708333,0,0.0
1999-06-01,0.078,18.2286458333,0,0.0
1999-06-02,0.078,17.6385416667,0,0.0
1999-06-03,0.078,17.675,0,0.0
1999-06-04,0.073,16.5848958333,0,0.0
1999-06-05,0.079,14.8505208333,0,0.0
1999-06-06,0.107,13.8953125,0,0.0
1999-06-07,0.096,13.525,0,0.0
1999-06-08,0.088,13.6390625,0,0.0
1999-06-09,0.078,13.9010416667,0,0.0
1999-06-10,0.078,13.5333333333,0,0.0
1999-06-11,0.078,13.9869791667,0,0.0
1999-06-12,0.078,14.3557291667,0,0.0
1999-06-13,0.067,15.35625,0,0.0
1999-06-14,0.066,16.728125,0,0.0
1999-06-15,0.066,17.7697916667,0,0.0
1999-06-16,0.058,18.9453125,0,0.0
1999-06-17,0.053,17.7854166667,0,0.0
1999-06-18,0.066,16.971875,0,0.0
1999-06-19,0.053,15.821875,0,0.0
1999-06-20,0.053,13.8645833333,0,0.0
1999-06-21,0.137,13.4838541667,0,0.0
1999-06-22,0.079,13.0619791667,0,0.0
1999-06-23,0.067,12.9140625,0,0.0
1999-06-24,0.067,13.8447916667,0,0.0
1999-06-25,0.054,15.3760416667,0,0.0
1999-06-26,0.054,16.8213541667,0,0.0
1999-06-27,0.053,16.9369791667,0,0.0
1999-06-28,0.066,17.2786458333,0,0.0
1999-06-29,0.066,17.184375,0,0.0
1999-06-30,0.088,16.6583333333,0,0.0
1999-07-01,0.081,17.8114583333,0,0.0
1999-07-02,0.067,19.3901041667,0,0.0
1999-07-03,0.067,20.5208333333,0,0.0
1999-07-04,0.054,21.403125,0,0.0
1999-07-05,0.054,20.9130208333,0,0.0
1999-07-06,0.054,19.7192708333,0,0.0
1999-07-07,0.054,18.6479166667,0,0.0
1999-07-08,0.054,18.346875,0,0.0
1999-07-09,0.054,19.3828125,0,0.0
1999-07-10,0.042,20.6703125,0,0.0
1999-07-11,0.042,21.0770833333,0,0.0
1999-07-12,0.034,21.6755208333,0,0.0
1999-07-13,0.067,20.6140625,0,0.0
1999-07-14,0.054,18.7463541667,0,0.0
1999-07-15,0.067,18.0213541667,0,0.0
1999-07-16,0.054,17.6505208333,0,0.0
1999-07-17,0.054,19.0458333333,0,0.0
1999-07-18,0.042,20.5348958333,0,0.0
1999-07-19,0.056,21.8515625,0,0.0
1999-07-20,0.054,21.3828125,0,0.0
1999-07-21,0.054,19.4911458333,0,0.0
1999-07-22,0.054,17.4744791667,0,0.0
1999-07-23,0.065,16.184375,0,0.0
1999-07-24,0.067,16.9307291667,0,0.0
1999-07-25,0.054,18.1854166667,0,0.0
1999-07-26,0.054,19.4927083333,0,0.0
1999-07-27,0.042,20.359375,0,0.0
1999-07-28,0.042,20.4635416667,0,0.0
1999-07-29,0.03,20.9197916667,0,0.0
1999-07-30,0.028,21.8197916667,0,0.0
1999-07-31,0.022,22.2583333333,0,0.0
1999-08-01,0.022,22.6234375,0,0.0
1999-08-02,0.03,22.9583333333,0,0.0
1999-08-03,0.022,23.0473958333,0,0.0
1999-08-04,0.022,23.1208333333,0,0.0
1999-08-05,0.022,23.0213541667,0,0.0
1999-08-06,0.03,22.4536458333,0,0.0
1999-08-07,0.041,21.6114583333,0,0.0
1999-08-08,0.053,21.15625,0,0.0
1999-08-09,0.042,20.09375,0,0.0
1999-08-10,0.031,18.6395833333,0,0.0
1999-08-11,0.089,17.146875,0,0.0
1999-08-12,0.067,15.6645833333,0,0.0
1999-08-13,0.054,14.9348958333,0,0.0
1999-08-14,0.042,15.0979166667,0,0.0
1999-08-15,0.191,15.6338541667,0,0.0
1999-08-16,0.114,15.5880208333,0,0.0
1999-08-17,0.332,15.6255208333,0,0.0
1999-08-18,0.111,15.6614583333,0,0.0
1999-08-19,0.138,15.3442708333,0,0.0
1999-08-20,0.098,14.9682291667,0,0.0
1999-08-21,0.157,14.2057291667,0,0.0
1999-08-22,0.097,13.9708333333,0,0.0
1999-08-23,0.089,15.06875,0,0.0
1999-08-24,0.079,17.3510416667,0,0.0
1999-08-25,0.067,19.3651041667,0,0.0
1999-08-26,0.066,20.1895833333,0,0.0
1999-08-27,0.078,19.7354166667,0,0.0
1999-08-28,0.066,18.3286458333,0,0.0
1999-08-29,0.066,17.5927083333,0,0.0
1999-08-30,0.053,17.0458333333,0,0.0
1999-08-31,0.053,16.7640625,0,0.0
1999-09-01,0.053,17.0390625,0,0.0
1999-09-02,0.053,17.0161458333,0,0.0
1999-09-03,0.05,17.6854166667,0,0.0
1999-09-04,0.041,18.5114583333,0,0.0
1999-09-05,0.041,18.465625,0,0.0
1999-09-06,0.041,19.0567708333,0,0.0
1999-09-07,0.049,19.3401041667,0,0.0
1999-09-08,0.041,19.6052083333,0,0.0
1999-09-09,0.041,20.4869791667,0,0.0
1999-09-10,0.03,21.1166666667,0,0.0
1999-09-11,0.03,21.875,0,0.0
1999-09-12,0.03,22.2567708333,0,0.0
1999-09-13,0.027,22.3411458333,0,0.0
1999-09-14,0.022,21.4614583333,0,0.0
1999-09-15,0.03,19.509375,0,0.0
1999-09-16,0.03,17.3333333333,0,0.0
1999-09-17,0.03,15.7354166667,0,0.0
1999-09-18,0.053,15.5109375,0,0.0
1999-09-19,0.041,16.0911458333,0,0.0
1999-09-20,0.03,16.8635416667,0,0.0
1999-09-21,0.041,17.3229166667,0,0.0
1999-09-22,0.042,17.60625,0,0.0
1999-09-23,0.046,17.9333333333,0,0.0
1999-09-24,0.07,18.1765625,0,0.0
1999-09-25,0.047,17.690625,0,0.0
1999-09-26,0.047,16.8609375,0,0.0
1999-09-27,0.059,15.9067708333,0,0.0
1999-09-28,0.048,15.3229166667,0,0.0
1999-09-29,0.061,15.1973958333,0,0.0
1999-09-30,0.254,14.775,0,0.0
1999-10-01,0.816,14.4901041667,0,0.0
1999-10-02,0.258,13.29375,0,0.0
1999-10-03,1.177,12.121875,0,0.0
1999-10-04,0.528,10.8364583333,0,0.0
1999-10-05,0.348,9.4515625,0,0.0
1999-10-06,0.286,9.4317708333,0,0.0
1999-10-07,0.234,9.8109375,0,0.0
1999-10-08,0.18,11.0270833333,0,0.0
1999-10-09,0.733,12.4921875,0,0.0
1999-10-10,0.722,13.253125,0,0.0
1999-10-11,0.739,12.5625,0,0.0
1999-10-12,0.625,10.9135416667,0,0.0
1999-10-13,0.485,8.946875,0,0.0
1999-10-14,0.368,8.1619791667,0,0.0
1999-10-15,0.286,7.7776041667,0,0.0
1999-10-16,0.234,7.5635416667,0,0.0
1999-10-17,0.207,7.4322916667,0,0.0
1999-10-18,0.179,6.2557291667,0,0.0
1999-10-19,0.153,6.1229166667,0,0.0
1999-10-20,0.152,6.3395833333,0,0.0
1999-10-21,0.128,7.4921875,0,0.0
1999-10-22,0.11,9.55,0,0.0
1999-10-23,0.109,10.5364583333,0,0.0
1999-10-24,0.108,11.6265625,0,0.0
1999-10-25,0.108,12.0375,0,0.0
1999-10-26,0.108,11.5484375,0,0.0
1999-10-27,0.146,11.2989583333,0,0.0
1999-10-28,0.107,11.34375,0,0.0
1999-10-29,0.096,11.9723958333,0,0.0
1999-10-30,0.096,12.0536458333,0,0.0
1999-10-31,0.096,12.7734375,0,0.0
1999-11-01,0.096,12.7921875,0,0.0
1999-11-02,0.096,10.6005208333,0,0.0
1999-11-03,0.146,8.6802083333,0,0.0
1999-11-04,0.123,7.5635416667,0,0.0
1999-11-05,0.123,6.8661458333,0,0.0
1999-11-06,0.146,7.3880208333,0,0.0
1999-11-07,0.146,8.2098958333,0,0.0
1999-11-08,0.327,8.2390625,0,0.0
1999-11-09,0.387,7.8338541667,0,0.0
1999-11-10,0.438,7.3526041667,0,0.0
1999-11-11,0.332,6.4135416667,0,0.0
1999-11-12,0.284,5.1192708333,0,0.0
1999-11-13,0.257,4.5328125,0,0.0
1999-11-14,0.23,2.9708333333,0,0.0
1999-11-15,0.203,1.7588541667,0,0.0
1999-11-16,0.174,1.7005208333,0,0.0
1999-11-17,0.147,0.96875,0,0.0
1999-11-18,0.201,1.4078125,0,0.0
1999-11-19,0.201,1.7010416667,0,0.0
1999-11-20,0.187,0.1796875,0,0.0
1999-11-21,0.173,0.1,0,0.0
1999-11-22,0.173,0.6526041667,0,0.0
1999-11-23,0.254,1.88125,0,0.0
1999-11-24,0.746,4.3067708333,0,0.0
1999-11-25,1.614,6.0177083333,0,0.0
1999-11-26,1.936,6.2375,0,0.0
1999-11-27,1.328,7.0135416667,0,0.0
1999-11-28,0.893,7.2598958333,0,0.0
1999-11-29,0.649,7.178125,0,0.0
1999-11-30,0.452,7.8567708333,0,0.0
1999-12-01,0.348,7.303125,0,0.0
1999-12-02,0.676,7.4067708333,0,0.0
1999-12-03,0.676,6.5270833333,0,0.0
1999-12-04,0.823,4.9635416667,0,0.0
1999-12-05,0.65,4.6494791667,0,0.0
1999-12-06,0.502,4.6359375,0,0.0
1999-12-07,1.027,5.6697916667,0,0.0
1999-12-08,6.844,7.1052083333,0,0.0
1999-12-09,4.026,7.4765625,0,0.0
1999-12-10,2.839,7.3197916667,0,0.0
1999-12-11,2.111,7.475,0,0.0
1999-12-12,5.397,6.8119791667,0,0.0
1999-12-13,11.071,6.0578125,0,0.0
1999-12-14,7.603,4.2963541667,0,0.0
1999-12-15,4.213,2.1947916667,0,0.0
1999-12-16,2.434,1.7552083333,0,0.0
1999-12-17,1.527,1.7208333333,0,0.0
1999-12-18,6.07,1.8854166667,0,0.0
1999-12-19,5.182,2.1859375,0,0.0
1999-12-20,2.871,1.4833333333,0,0.0
1999-12-21,1.69,0.428125,0,0.0
1999-12-22,1.101,0.4177083333,0,0.0
1999-12-23,0.789,1.5614583333,0,0.0
1999-12-24,0.766,3.1307291667,0,0.0
1999-12-25,0.838,4.6401041667,0,0.0
1999-12-26,2.655,5.3229166667,0,0.0
1999-12-27,4.72,4.3171875,0,0.0
1999-12-28,4.908,3.2151041667,0,0.0
1999-12-29,3.22,2.75625,0,0.0
1999-12-30,2.789,2.7838541667,0,0.0
1999-12-31,3.141,3.5588541667,0,0.0
2000-01-01,1.487,4.2536458333,0,0.0
2000-01-02,1.353,5.2067708333,0,0.0
2000-01-03,1.608,6.084375,0,0.0
2000-01-04,1.217,6.2078125,0,0.0
2000-01-05,2.976,6.43125,0,0.0
2000-01-06,3.195,6.2479166667,0,0.0
2000-01-07,2.436,5.878125,0,0.0
2000-01-08,1.59,5.496875,0,0.0
2000-01-09,1.228,4.153125,0,0.0
2000-01-10,0.907,2.521875,0,0.0
2000-01-11,0.719,1.6229166667,0,0.0
2000-01-12,0.611,1.0119791667,0,0.0
2000-01-13,0.535,1.3822916667,0,0.0
2000-01-14,0.481,1.809375,0,0.0
2000-01-15,0.392,1.8171875,0,0.0
2000-01-16,0.31,2.8640625,0,0.0
2000-01-17,0.306,3.6463541667,0,0.0
2000-01-18,0.267,4.2614583333,0,0.0
2000-01-19,0.267,4.5479166667,0,0.0
2000-01-20,0.216,4.303125,0,0.0
2000-01-21,0.199,3.7447916667,0,0.0
2000-01-22,0.258,3.0729166667,0,0.0
2000-01-23,0.549,1.04375,0,0.0
2000-01-24,0.693,0.1,0,0.0
2000-01-25,0.682,0.1,0,0.0
2000-01-26,0.571,0.1,0,0.0
2000-01-27,0.46,0.1,0,0.0
2000-01-28,0.389,1.9057291667,0,0.0
2000-01-29,0.368,4.48125,0,0.0
2000-01-30,3.937,6.8067708333,0,0.0
2000-01-31,4.931,9.0020833333,0,0.0
2000-02-01,4.564,8.75,0,0.0
2000-02-02,3.236,7.8994791667,0,0.0
2000-02-03,2.147,6.9088541667,0,0.0
2000-02-04,1.406,6.8244791667,0,0.0
2000-02-05,1.546,7.428125,0,0.0
2000-02-06,1.12,8.2145833333,0,0.0
2000-02-07,1.043,9.071875,0,0.0
2000-02-08,1.326,8.1567708333,0,0.0
2000-02-09,2.938,7.4286458333,0,0.0
2000-02-10,2.97,6.021875,0,0.0
2000-02-11,3.555,4.3427083333,0,0.0
2000-02-12,3.097,4.4182291667,0,0.0
2000-02-13,2.536,4,0,0.0
2000-02-14,1.82,4.9817708333,0,0.0
2000-02-15,1.801,5.0041666667,0,0.0
2000-02-16,2.126,4.1088541667,0,0.0
2000-02-17,3.028,3.5458333333,0,0.0
2000-02-18,2.563,2.9510416667,0,0.0
2000-02-19,2.59,2.7151041667,0,0.0
2000-02-20,6.758,2.6651041667,0,0.0
2000-02-21,4.606,2.8869791667,0,0.0
2000-02-22,3.018,3.0239583333,0,0.0
2000-02-23,1.997,4.2921875,0,0.0
2000-02-24,1.439,5.4,0,0.0
2000-02-25,2.213,5.259375,0,0.0
2000-02-26,5.078,5.5739583333,0,0.0
2000-02-27,3.03,6.2140625,0,0.0
2000-02-28,2.053,6.3359375,0,0.0
2000-02-29,1.771,6.9109375,0,0.0
2000-03-01,1.563,6.484375,0,0.0
2000-03-02,2.556,5.4390625,0,0.0
2000-03-03,2.607,4.2229166667,0,0.0
2000-03-04,8.541,3.6286458333,0,0.0
2000-03-05,4.56,4.1296875,0,0.0
2000-03-06,2.961,4.9505208333,0,0.0
2000-03-07,2.031,7.1192708333,0,0.0
2000-03-08,1.906,9.29375,0,0.0
2000-03-09,11.232,9.45625,0,0.0
2000-03-10,7.09,9.4479166667,0,0.0
2000-03-11,4.155,8.4901041667,0,0.0
2000-03-12,2.915,7.7234375,0,0.0
2000-03-13,2.294,8.03125,0,0.0
2000-03-14,1.695,7.08125,0,0.0
2000-03-15,1.746,7.3083333333,0,0.0
2000-03-16,1.632,7.2515625,0,0.0
2000-03-17,1.791,6.6223958333,0,0.0
2000-03-18,1.868,6.134375,0,0.0
2000-03-19,1.615,5.3354166667,0,0.0
2000-03-20,1.305,4.8322916667,0,0.0
2000-03-21,1.058,5.6380208333,0,0.0
2000-03-22,0.853,7.3307291667,0,0.0
2000-03-23,0.688,8.8604166667,0,0.0
2000-03-24,0.568,9.8927083333,0,0.0
2000-03-25,0.691,9.4578125,0,0.0
2000-03-26,0.647,8.6442708333,0,0.0
2000-03-27,1.237,6.9984375,0,0.0
2000-03-28,1.681,6.0989583333,0,0.0
2000-03-29,1.534,5.9432291667,0,0.0
2000-03-30,1.158,5.8255208333,0,0.0
2000-03-31,0.922,6.2317708333,0,0.0
2000-04-01,0.74,7.04375,0,0.0
2000-04-02,0.69,8.1140625,0,0.0
2000-04-03,0.553,9.5713541667,0,0.0
2000-04-04,0.502,9.7119791667,0,0.0
2000-04-05,0.581,8.5265625,0,0.0
2000-04-06,0.405,7.1447916667,0,0.0
2000-04-07,0.312,6.0354166667,0,0.0
2000-04-08,0.304,7.2791666667,0,0.0
2000-04-09,0.3,7.9661458333,0,0.0
2000-04-10,0.258,8.621875,0,0.0
2000-04-11,0.23,8.5875,0,0.0
2000-04-12,0.221,7.6864583333,0,0.0
2000-04-13,0.229,7.6197916667,0,0.0
2000-04-14,0.186,7.8427083333,0,0.0
2000-04-15,0.177,8.7848958333,0,0.0
2000-04-16,0.182,9.9270833333,0,0.0
2000-04-17,0.15,10.9348958333,0,0.0
2000-04-18,0.148,11.6911458333,0,0.0
2000-04-19,0.148,12.528125,0,0.0
2000-04-20,0.125,13.7041666667,0,0.0
2000-04-21,0.109,15.1171875,0,0.0
2000-04-22,0.109,15.690625,0,0.0
2000-04-23,0.109,14.9380208333,0,0.0
2000-04-24,0.125,14.3635416667,0,0.0
2000-04-25,0.125,14.5057291667,0,0.0
2000-04-26,0.11,15.6213541667,0,0.0
2000-04-27,0.125,17.1958333333,0,0.0
2000-04-28,0.109,17.0760416667,0,0.0
2000-04-29,0.109,16.1864583333,0,0.0
2000-04-30,0.109,14.9703125,0,0.0
2000-05-01,0.109,14.3307291667,0,0.0
2000-05-02,0.108,14.2729166667,0,0.0
2000-05-03,0.108,14.8416666667,0,0.0
2000-05-04,0.108,15.8322916667,0,0.0
2000-05-05,0.107,17.0755208333,0,0.0
2000-05-06,0.107,18.2890625,0,0.0
2000-05-07,0.107,18.7645833333,0,0.0
2000-05-08,0.107,18.9552083333,0,0.0
2000-05-09,0.096,19.03125,0,0.0
2000-05-10,0.096,19.6729166667,0,0.0
2000-05-11,0.173,19.959375,0,0.0
2000-05-12,0.108,19.8166666667,0,0.0
2000-05-13,0.108,19.6359375,0,0.0
2000-05-14,0.108,19.4973958333,0,0.0
2000-05-15,0.108,20.0338541667,0,0.0
2000-05-16,0.089,19.5255208333,0,0.0
2000-05-17,0.097,17.5864583333,0,0.0
2000-05-18,0.097,14.9682291667,0,0.0
2000-05-19,0.097,12.0875,0,0.0
2000-05-20,0.109,10.5140625,0,0.0
2000-05-21,0.098,10.3083333333,0,0.0
2000-05-22,0.098,11.3828125,0,0.0
2000-05-23,0.098,12.5010416667,0,0.0
2000-05-24,0.098,13.6630208333,0,0.0
2000-05-25,0.109,14.6020833333,0,0.0
2000-05-26,0.148,14.6536458333,0,0.0
2000-05-27,0.098,14.015625,0,0.0
2000-05-28,0.09,13.01875,0,0.0
2000-05-29,0.098,11.9739583333,0,0.0
2000-05-30,0.108,11.6786458333,0,0.0
2000-05-31,0.097,13.0057291667,0,0.0
2000-06-01,0.089,15.4635416667,0,0.0
2000-06-02,0.079,17.7776041667,0,0.0
2000-06-03,0.079,19.1072916667,0,0.0
2000-06-04,0.108,18.9125,0,0.0
2000-06-05,0.089,17.2109375,0,0.0
2000-06-06,0.248,15.6140625,0,0.0
2000-06-07,0.106,14.9588541667,0,0.0
2000-06-08,0.101,16.6630208333,0,0.0
2000-06-09,0.089,18.3375,0,0.0
2000-06-10,0.079,19.2276041667,0,0.0
2000-06-11,0.079,19.5703125,0,0.0
2000-06-12,0.079,18.934375,0,0.0
2000-06-13,0.067,18.7447916667,0,0.0
2000-06-14,0.067,18.4015625,0,0.0
2000-06-15,0.067,17.1682291667,0,0.0
2000-06-16,0.067,15.3802083333,0,0.0
2000-06-17,0.054,15.6661458333,0,0.0
2000-06-18,0.054,18.2463541667,0,0.0
2000-06-19,0.054,21.9026041667,0,0.0
2000-06-20,0.042,24.2776041667,0,0.0
2000-06-21,0.042,23.9,0,0.0
2000-06-22,0.157,21.5619791667,0,0.0
2000-06-23,0.066,18.19375,0,0.0
2000-06-24,0.066,15.659375,0,0.0
2000-06-25,0.079,14.096875,0,0.0
2000-06-26,0.078,12.865625,0,0.0
2000-06-27,0.066,12.4395833333,0,0.0
2000-06-28,0.06,12.6401041667,0,0.0
2000-06-29,0.055,13.3260416667,0,0.0
2000-06-30,0.056,14.8932291667,0,0.0
2000-07-01,0.055,17.1151041667,0,0.0
2000-07-02,0.068,18.2125,0,0.0
2000-07-03,0.055,18.3921875,0,0.0
2000-07-04,0.054,18.0588541667,0,0.0
2000-07-05,0.587,17.2557291667,0,0.0
2000-07-06,0.37,16.5791666667,0,0.0
2000-07-07,0.244,15.4958333333,0,0.0
2000-07-08,0.254,14.59375,0,0.0
2000-07-09,0.173,13.83125,0,0.0
2000-07-10,0.254,13.2828125,0,0.0
2000-07-11,0.209,13.3286458333,0,0.0
2000-07-12,0.417,13.3453125,0,0.0
2000-07-13,0.337,12.9854166667,0,0.0
2000-07-14,0.413,12.7520833333,0,0.0
2000-07-15,2.324,12.8953125,0,0.0
2000-07-16,2.097,13.2276041667,0,0.0
2000-07-17,2.002,13.803125,0,0.0
2000-07-18,1.624,14.2432291667,0,0.0
2000-07-19,0.927,15.1223958333,0,0.0
2000-07-20,0.634,15.5734375,0,0.0
2000-07-21,0.41,15.1489583333,0,0.0
2000-07-22,0.287,16.0223958333,0,0.0
2000-07-23,0.243,16.2125,0,0.0
2000-07-24,0.203,16.0770833333,0,0.0
2000-07-25,0.577,16.5536458333,0,0.0
2000-07-26,0.644,16.3020833333,0,0.0
2000-07-27,0.658,15.85,0,0.0
2000-07-28,0.716,15.7088541667,0,0.0
2000-07-29,1.1,16.1203125,0,0.0
2000-07-30,1.157,16.4380208333,0,0.0
2000-07-31,0.826,18.0020833333,0,0.0
2000-08-01,0.574,18.8729166667,0,0.0
2000-08-02,0.426,18.68125,0,0.0
2000-08-03,0.313,18.246875,0,0.0
2000-08-04,0.303,17.1239583333,0,0.0
2000-08-05,0.208,16.7807291667,0,0.0
2000-08-06,0.178,17.3354166667,0,0.0
2000-08-07,0.148,17.9802083333,0,0.0
2000-08-08,0.146,18.3380208333,0,0.0
2000-08-09,0.123,18.9505208333,0,0.0
2000-08-10,0.123,18.9958333333,0,0.0
2000-08-11,0.107,19.1875,0,0.0
2000-08-12,0.107,19.6958333333,0,0.0
2000-08-13,0.096,20.1119791667,0,0.0
2000-08-14,0.096,20.4578125,0,0.0
2000-08-15,0.093,20.3796875,0,0.0
2000-08-16,0.096,20.1416666667,0,0.0
2000-08-17,0.088,19.5432291667,0,0.0
2000-08-18,0.088,19.3234375,0,0.0
2000-08-19,1.493,19.3234375,0,0.0
2000-08-20,0.476,18.3979166667,0,0.0
2000-08-21,0.521,17.5317708333,0,0.0
2000-08-22,0.215,16.7645833333,0,0.0
2000-08-23,0.174,16.2140625,0,0.0
2000-08-24,0.146,16.4859375,0,0.0
2000-08-25,0.123,17.6151041667,0,0.0
2000-08-26,0.123,17.7833333333,0,0.0
2000-08-27,0.123,17.2963541667,0,0.0
2000-08-28,1.928,16.94375,0,0.0
2000-08-29,1.235,15.6364583333,0,0.0
2000-08-30,0.695,15.0901041667,0,0.0
2000-08-31,0.488,15.0760416667,0,0.0
2000-09-01,0.345,14.6619791667,0,0.0
2000-09-02,0.573,14.4807291667,0,0.0
2000-09-03,0.971,14.0604166667,0,0.0
2000-09-04,1.476,13.703125,0,0.0
2000-09-05,1.213,13.5661458333,0,0.0
2000-09-06,0.858,13.6473958333,0,0.0
2000-09-07,1.533,14.5885416667,0,0.0
2000-09-08,1.243,15.7609375,0,0.0
2000-09-09,1.009,16.7395833333,0,0.0
2000-09-10,0.705,17.8604166667,0,0.0
2000-09-11,0.544,18.8390625,0,0.0
2000-09-12,0.412,18.65,0,0.0
2000-09-13,0.339,18.4661458333,0,0.0
2000-09-14,0.269,18.2166666667,0,0.0
2000-09-15,0.232,16.5380208333,0,0.0
2000-09-16,0.2,15.6619791667,0,0.0
2000-09-17,0.383,15.3692708333,0,0.0
2000-09-18,0.233,14.8723958333,0,0.0
2000-09-19,0.201,14.846875,0,0.0
2000-09-20,0.201,14.4072916667,0,0.0
2000-09-21,0.254,14.0796875,0,0.0
2000-09-22,0.316,13.5125,0,0.0
2000-09-23,0.293,13.6088541667,0,0.0
2000-09-24,0.293,14.5130208333,0,0.0
2000-09-25,0.261,15.3302083333,0,0.0
2000-09-26,0.257,15.8432291667,0,0.0
2000-09-27,0.231,16.3645833333,0,0.0
2000-09-28,0.231,16.9078125,0,0.0
2000-09-29,0.227,16.2864583333,0,0.0
2000-09-30,0.204,15.6572916667,0,0.0
2000-10-01,0.204,14.81875,0,0.0
2000-10-02,2.927,13.5166666667,0,0.0
2000-10-03,1.878,12.9427083333,0,0.0
2000-10-04,1.107,12.7145833333,0,0.0
2000-10-05,0.715,11.6984375,0,0.0
2000-10-06,0.754,10.2072916667,0,0.0
2000-10-07,0.559,9.0177083333,0,0.0
2000-10-08,0.479,8.5479166667,0,0.0
2000-10-09,0.719,8.6291666667,0,0.0
2000-10-10,0.526,9.6223958333,0,0.0
2000-10-11,0.845,10.7,0,0.0
2000-10-12,1.026,11.0479166667,0,0.0
2000-10-13,0.822,11.2802083333,0,0.0
2000-10-14,0.666,11.4567708333,0,0.0
2000-10-15,0.553,12.05,0,0.0
2000-10-16,0.443,11.7359375,0,0.0
2000-10-17,0.359,11.3114583333,0,0.0
2000-10-18,0.297,11.1416666667,0,0.0
2000-10-19,0.254,10.4078125,0,0.0
2000-10-20,0.314,11.1989583333,0,0.0
2000-10-21,0.256,12.6614583333,0,0.0
2000-10-22,0.254,13.28125,0,0.0
2000-10-23,0.227,13.43125,0,0.0
2000-10-24,0.367,13.0526041667,0,0.0
2000-10-25,0.265,12.1385416667,0,0.0
2000-10-26,0.288,11.2130208333,0,0.0
2000-10-27,0.293,11.1026041667,0,0.0
2000-10-28,0.584,10.7708333333,0,0.0
2000-10-29,1.974,10.9755208333,0,0.0
2000-10-30,1.578,10.9385416667,0,0.0
2000-10-31,1.174,10.0296875,0,0.0
2000-11-01,0.769,9.5645833333,0,0.0
2000-11-02,1.038,8.8140625,0,0.0
2000-11-03,0.966,8.3432291667,0,0.0
2000-11-04,0.808,8.2223958333,0,0.0
2000-11-05,0.79,8.1270833333,0,0.0
2000-11-06,0.657,8.3651041667,0,0.0
2000-11-07,0.629,8.7572916667,0,0.0
2000-11-08,0.529,9.0416666667,0,0.0
2000-11-09,0.535,8.609375,0,0.0
2000-11-10,0.397,7.8203125,0,0.0
2000-11-11,0.36,7.8182291667,0,0.0
2000-11-12,0.348,7.959375,0,0.0
2000-11-13,0.486,8.1333333333,0,0.0
2000-11-14,0.466,8.28125,0,0.0
2000-11-15,0.451,7.7473958333,0,0.0
2000-11-16,0.49,6.8916666667,0,0.0
2000-11-17,0.424,6.6083333333,0,0.0
2000-11-18,0.395,6.6859375,0,0.0
2000-11-19,0.42,6.4598958333,0,0.0
2000-11-20,0.514,6.4473958333,0,0.0
2000-11-21,0.464,6.7244791667,0,0.0
2000-11-22,0.51,7.184375,0,0.0
2000-11-23,0.676,7.56875,0,0.0
2000-11-24,0.899,7.4848958333,0,0.0
2000-11-25,1.083,7.3104166667,0,0.0
2000-11-26,0.987,6.7515625,0,0.0
2000-11-27,0.788,7.4635416667,0,0.0
2000-11-28,0.603,9.0203125,0,0.0
2000-11-29,1.271,10.1822916667,0,0.0
2000-11-30,1.365,11.0901041667,0,0.0
2000-12-01,1.05,11.2505208333,0,0.0
2000-12-02,1.019,10.6453125,0,0.0
2000-12-03,0.715,9.5979166667,0,0.0
2000-12-04,0.614,9.328125,0,0.0
2000-12-05,0.602,8.8109375,0,0.0
2000-12-06,0.526,8.9177083333,0,0.0
2000-12-07,0.622,10.2015625,0,0.0
2000-12-08,0.698,10.2145833333,0,0.0
2000-12-09,0.679,10.3723958333,0,0.0
2000-12-10,0.721,10.8203125,0,0.0
2000-12-11,0.781,11.0447916667,0,0.0
2000-12-12,1,11.559375,0,0.0
2000-12-13,3.847,10.9916666667,0,0.0
2000-12-14,2.999,9.3927083333,0,0.0
2000-12-15,2.187,6.83125,0,0.0
2000-12-16,2.382,4.05625,0,0.0
2000-12-17,2.318,2.7010416667,0,0.0
2000-12-18,1.641,2.3401041667,0,0.0
2000-12-19,1.169,1.959375,0,0.0
2000-12-20,0.802,1.9078125,0,0.0
2000-12-21,0.628,0.8453125,0,0.0
2000-12-22,0.499,0.1,0,0.0
2000-12-23,0.42,0.1078125,0,0.0
2000-12-24,0.364,0.4796875,0,0.0
2000-12-25,0.35,1.1057291667,0,0.0
2000-12-26,0.292,1.9088541667,0,0.0
2000-12-27,0.281,1.5192708333,0,0.0
2000-12-28,0.305,1.3010416667,0,0.0
2000-12-29,0.243,1.4088541667,0,0.0
2000-12-30,0.203,0.9192708333,0,0.0
2000-12-31,0.2,1.2572916667,0,0.0
2001-01-01,0.172,3.1338541667,0,0.0
2001-01-02,0.666,4.7,0,0.0
2001-01-03,1.308,6.1916666667,0,0.0
2001-01-04,1.405,7.7848958333,0,0.0
2001-01-05,1.338,7.5708333333,0,0.0
2001-01-06,6.565,7.0484375,0,0.0
2001-01-07,6.11,6.2770833333,0,0.0
2001-01-08,3.332,5.2609375,0,0.0
2001-01-09,2.249,3.896875,0,0.0
2001-01-10,1.771,3.3520833333,0,0.0
2001-01-11,1.749,2.1854166667,0,0.0
2001-01-12,1.59,0.6739583333,0,0.0
2001-01-13,1.505,0.1,0,0.0
2001-01-14,1.087,0.1,0,0.0
2001-01-15,0.853,0.1,0,0.0
2001-01-16,0.662,0.1,0,0.0
2001-01-17,0.523,0.1,0,0.0
2001-01-18,0.439,0.1,0,0.0
2001-01-19,0.377,0.1,0,0.0
2001-01-20,0.319,0.7291666667,0,0.0
2001-01-21,0.297,1.3692708333,0,0.0
2001-01-22,0.256,2.8958333333,0,0.0
2001-01-23,1.141,5.0682291667,0,0.0
2001-01-24,2.875,6.6796875,0,0.0
2001-01-25,2.863,6.9041666667,0,0.0
2001-01-26,2.759,5.9916666667,0,0.0
2001-01-27,2.405,4.2932291667,0,0.0
2001-01-28,3.478,3.5526041667,0,0.0
2001-01-29,3.128,2.4364583333,0,0.0
2001-01-30,2.054,1.4859375,0,0.0
2001-01-31,1.383,0.6463541667,0,0.0
2001-02-01,0.992,0.1,0,0.0
2001-02-02,0.734,0.2859375,0,0.0
2001-02-03,0.668,1.8276041667,0,0.0
2001-02-04,1.11,4.4348958333,0,0.0
2001-02-05,5.317,7.4515625,0,0.0
2001-02-06,6.356,9.540625,0,0.0
2001-02-07,5.04,10.9630208333,0,0.0
2001-02-08,4.789,9.4916666667,0,0.0
2001-02-09,3.566,7.1677083333,0,0.0
2001-02-10,2.273,6.7145833333,0,0.0
2001-02-11,1.474,6.225,0,0.0
2001-02-12,1.11,6.7515625,0,0.0
2001-02-13,1.025,6.7135416667,0,0.0
2001-02-14,0.765,5.8755208333,0,0.0
2001-02-15,0.646,4.409375,0,0.0
2001-02-16,0.573,3.9052083333,0,0.0
2001-02-17,0.606,3.8260416667,0,0.0
2001-02-18,0.461,3.621875,0,0.0
2001-02-19,0.4,3.784375,0,0.0
2001-02-20,0.388,4.0807291667,0,0.0
2001-02-21,0.347,4.6348958333,0,0.0
2001-02-22,0.456,4.153125,0,0.0
2001-02-23,0.443,2.578125,0,0.0
2001-02-24,0.65,0.7151041667,0,0.0
2001-02-25,0.738,0.1,0,0.0
2001-02-26,0.712,0.1,0,0.0
2001-02-27,0.62,0.6895833333,0,0.0
2001-02-28,0.554,1.90625,0,0.0
2001-03-01,0.487,2.3026041667,0,0.0
2001-03-02,0.454,2.0317708333,0,0.0
2001-03-03,0.435,1.8182291667,0,0.0
2001-03-04,0.407,1.8651041667,0,0.0
2001-03-05,0.428,2.1234375,0,0.0
2001-03-06,0.35,3.3223958333,0,0.0
2001-03-07,0.367,4.9239583333,0,0.0
2001-03-08,0.468,6.8338541667,0,0.0
2001-03-09,0.558,8.6390625,0,0.0
2001-03-10,0.829,10.1848958333,0,0.0
2001-03-11,1.501,10.5333333333,0,0.0
2001-03-12,2.262,9.5927083333,0,0.0
2001-03-13,2.723,8.4119791667,0,0.0
2001-03-14,2.377,7.2270833333,0,0.0
2001-03-15,1.835,7.3734375,0,0.0
2001-03-16,1.527,8.046875,0,0.0
2001-03-17,1.104,8.8755208333,0,0.0
2001-03-18,0.901,7.8552083333,0,0.0
2001-03-19,1.346,5.6145833333,0,0.0
2001-03-20,1.768,4.2338541667,0,0.0
2001-03-21,1.868,3.8317708333,0,0.0
2001-03-22,1.884,5.4755208333,0,0.0
2001-03-23,1.63,7.8578125,0,0.0
2001-03-24,2.108,8.1932291667,0,0.0
2001-03-25,2.516,6.9442708333,0,0.0
2001-03-26,4.762,5.2942708333,0,0.0
2001-03-27,3.265,4.0395833333,0,0.0
2001-03-28,2.095,5.0109375,0,0.0
2001-03-29,1.513,5.9697916667,0,0.0
2001-03-30,1.124,7.6755208333,0,0.0
2001-03-31,0.803,9.4,0,0.0
2001-04-01,0.666,11.0677083333,0,0.0
2001-04-02,0.6,12.7583333333,0,0.0
2001-04-03,0.546,12.7296875,0,0.0
2001-04-04,0.441,11.5447916667,0,0.0
2001-04-05,0.52,10.428125,0,0.0
2001-04-06,0.481,9.6354166667,0,0.0
2001-04-07,0.535,9.0875,0,0.0
2001-04-08,0.635,8.8817708333,0,0.0
2001-04-09,0.708,8.3067708333,0,0.0
2001-04-10,0.682,8.0078125,0,0.0
2001-04-11,0.722,7.51875,0,0.0
2001-04-12,0.596,6.3385416667,0,0.0
2001-04-13,0.579,4.459375,0,0.0
2001-04-14,0.511,3.8197916667,0,0.0
2001-04-15,0.52,4.0484375,0,0.0
2001-04-16,3.502,4.875,0,0.0
2001-04-17,3.095,5.725,0,0.0
2001-04-18,2.389,5.0729166667,0,0.0
2001-04-19,2.208,4.2385416667,0,0.0
2001-04-20,2.26,3.6520833333,0,0.0
2001-04-21,2.07,4.0953125,0,0.0
2001-04-22,1.656,5.6552083333,0,0.0
2001-04-23,1.223,7.7973958333,0,0.0
2001-04-24,0.897,9.5192708333,0,0.0
2001-04-25,0.804,10.3458333333,0,0.0
2001-04-26,0.775,10.2729166667,0,0.0
2001-04-27,0.959,10.0776041667,0,0.0
2001-04-28,1.247,10.7682291667,0,0.0
2001-04-29,1.779,12.30625,0,0.0
2001-04-30,1.908,13.9026041667,0,0.0
2001-05-01,1.304,15.7927083333,0,0.0
2001-05-02,0.965,16.9802083333,0,0.0
2001-05-03,0.765,15.8848958333,0,0.0
2001-05-04,0.836,14.1567708333,0,0.0
2001-05-05,0.615,11.675,0,0.0
2001-05-06,0.495,10.2651041667,0,0.0
2001-05-07,0.445,10.8020833333,0,0.0
2001-05-08,0.354,12.7572916667,0,0.0
2001-05-09,0.308,15.5046875,0,0.0
2001-05-10,0.274,16.9588541667,0,0.0
2001-05-11,0.233,17.9859375,0,0.0
2001-05-12,0.201,18.3401041667,0,0.0
2001-05-13,0.173,17.5661458333,0,0.0
2001-05-14,0.173,16.8796875,0,0.0
2001-05-15,0.202,16.0598958333,0,0.0
2001-05-16,0.148,15.0817708333,0,0.0
2001-05-17,0.245,13.7458333333,0,0.0
2001-05-18,0.18,12.9333333333,0,0.0
2001-05-19,0.208,12.353125,0,0.0
2001-05-20,0.154,12.0401041667,0,0.0
2001-05-21,0.146,12.7052083333,0,0.0
2001-05-22,0.123,13.815625,0,0.0
2001-05-23,0.107,15.2765625,0,0.0
2001-05-24,0.107,16.3317708333,0,0.0
2001-05-25,0.096,17.5635416667,0,0.0
2001-05-26,0.096,17.9588541667,0,0.0
2001-05-27,0.088,18.6588541667,0,0.0
2001-05-28,0.088,19.2578125,0,0.0
2001-05-29,0.088,18.6770833333,0,0.0
2001-05-30,0.078,17.8462951031,0,0.0
2001-05-31,0.078,15.969523196,0,0.0
2001-06-01,0.078,13.9135416667,0,0.0
2001-06-02,0.078,12.2185996563,0,0.0
2001-06-03,0.238,11.390625,0,0.0
2001-06-04,0.208,12.1385416667,0,0.0
2001-06-05,0.149,13.44375,0,0.0
2001-06-06,0.107,14.6140625,0,0.0
2001-06-07,0.105,14.6765625,0,0.0
2001-06-08,0.129,13.7088541667,0,0.0
2001-06-09,0.107,12.90625,0,0.0
2001-06-10,0.097,12.4036458333,0,0.0
2001-06-11,0.094,12.8770833333,0,0.0
2001-06-12,0.127,13.4880208333,0,0.0
2001-06-13,0.107,14.2052083333,0,0.0
2001-06-14,0.096,15.7010416667,0,0.0
2001-06-15,0.088,16.4880208333,0,0.0
2001-06-16,0.088,16.4786458333,0,0.0
2001-06-17,0.121,15.7598958333,0,0.0
2001-06-18,0.322,14.5166666667,0,0.0
2001-06-19,0.258,14.2296875,0,0.0
2001-06-20,0.202,14.7333333333,0,0.0
2001-06-21,0.174,14.6583333333,0,0.0
2001-06-22,0.147,15.0552083333,0,0.0
2001-06-23,0.147,15.6567708333,0,0.0
2001-06-24,0.124,16.5192708333,0,0.0
2001-06-25,0.108,18.646875,0,0.0
2001-06-26,0.097,20.1364583333,0,0.0
2001-06-27,0.096,20.478125,0,0.0
2001-06-28,0.123,20.5177083333,0,0.0
2001-06-29,0.096,19.7140625,0,0.0
2001-06-30,0.088,18.9786458333,0,0.0
2001-07-01,0.204,18.3364583333,0,0.0
2001-07-02,0.109,18.1385416667,0,0.0
2001-07-03,0.096,18.8734375,0,0.0
2001-07-04,0.088,20.521875,0,0.0
2001-07-05,0.078,22.3828125,0,0.0
2001-07-06,0.078,22.6,0,0.0
2001-07-07,0.078,21.6104166667,0,0.0
2001-07-08,0.078,20.0796875,0,0.0
2001-07-09,0.096,19.0088541667,0,0.0
2001-07-10,0.078,17.9822916667,0,0.0
2001-07-11,0.091,17.4395833333,0,0.0
2001-07-12,0.08,16.8588541667,0,0.0
2001-07-13,0.08,15.81875,0,0.0
2001-07-14,0.068,15.559375,0,0.0
2001-07-15,0.153,15.396875,0,0.0
2001-07-16,0.092,15.746875,0,0.0
2001-07-17,0.08,16.0604166667,0,0.0
2001-07-18,0.08,16.3598958333,0,0.0
2001-07-19,0.08,16.396875,0,0.0
2001-07-20,0.943,16.3348958333,0,0.0
2001-07-21,0.487,17.3192708333,0,0.0
2001-07-22,0.242,18.3869791667,0,0.0
2001-07-23,0.145,19.9739583333,0,0.0
2001-07-24,0.121,21.1572916667,0,0.0
2001-07-25,0.101,21.3494791667,0,0.0
2001-07-26,0.092,22.1005208333,0,0.0
2001-07-27,0.092,22.5947916667,0,0.0
2001-07-28,0.082,22.4880208333,0,0.0
2001-07-29,0.082,22.6671875,0,0.0
2001-07-30,0.069,22.6036458333,0,0.0
2001-07-31,0.067,21.6192708333,0,0.0
2001-08-01,0.067,21.9541666667,0,0.0
2001-08-02,0.067,21.5744791667,0,0.0
2001-08-03,0.066,19.9197916667,0,0.0
2001-08-04,0.073,19.1604166667,0,0.0
2001-08-05,0.078,17.8833333333,0,0.0
2001-08-06,0.1,17.2510416667,0,0.0
2001-08-07,0.097,17.3151041667,0,0.0
2001-08-08,0.098,17.4052083333,0,0.0
2001-08-09,0.132,16.571875,0,0.0
2001-08-10,0.186,15.7963541667,0,0.0
2001-08-11,0.112,16.2723958333,0,0.0
2001-08-12,0.099,17.3796875,0,0.0
2001-08-13,0.092,19.8317708333,0,0.0
2001-08-14,0.09,22.5130208333,0,0.0
2001-08-15,0.08,23.0760416667,0,0.0
2001-08-16,0.079,22.4932291667,0,0.0
2001-08-17,0.079,22.1598958333,0,0.0
2001-08-18,0.067,20.8145833333,0,0.0
2001-08-19,0.061,20.2942708333,0,0.0
2001-08-20,0.053,20.8489583333,0,0.0
2001-08-21,0.053,20.9401041667,0,0.0
2001-08-22,0.053,21.55,0,0.0
2001-08-23,0.041,22.8057291667,0,0.0
2001-08-24,0.041,23.7140625,0,0.0
2001-08-25,0.041,24.4453125,0,0.0
2001-08-26,0.041,23.2119791667,0,0.0
2001-08-27,0.041,20.7666666667,0,0.0
2001-08-28,0.041,18.5848958333,0,0.0
2001-08-29,0.041,16.1177083333,0,0.0
2001-08-30,0.041,15.2640625,0,0.0
2001-08-31,0.041,15.3666666667,0,0.0
2001-09-01,0.053,15.040625,0,0.0
2001-09-02,0.053,14.9744791667,0,0.0
2001-09-03,0.053,14.7494791667,0,0.0
2001-09-04,0.503,14.290625,0,0.0
2001-09-05,0.253,13.6692708333,0,0.0
2001-09-06,0.388,13.1239583333,0,0.0
2001-09-07,0.295,12.9854166667,0,0.0
2001-09-08,0.678,12.4958333333,0,0.0
2001-09-09,1.253,12.5348958333,0,0.0
2001-09-10,0.896,12.2854166667,0,0.0
2001-09-11,0.713,12.284375,0,0.0
2001-09-12,0.796,12.8958333333,0,0.0
2001-09-13,1.47,12.88125,0,0.0
2001-09-14,3.578,12.8098958333,0,0.0
2001-09-15,2.442,11.9890625,0,0.0
2001-09-16,1.999,11.171875,0,0.0
2001-09-17,2.075,10.7255208333,0,0.0
2001-09-18,1.756,10.5979166667,0,0.0
2001-09-19,1.21,11.1869791667,0,0.0
2001-09-20,1.548,11.6223958333,0,0.0
2001-09-21,11.14,11.6994791667,0,0.0
2001-09-22,6.338,11.575,0,0.0
2001-09-23,3.815,10.7583333333,0,0.0
2001-09-24,2.326,10.4229166667,0,0.0
2001-09-25,1.415,10.7802083333,0,0.0
2001-09-26,0.928,11.734375,0,0.0
2001-09-27,0.662,13.1567708333,0,0.0
2001-09-28,0.687,14.2479166667,0,0.0
2001-09-29,0.625,15.2578125,0,0.0
2001-09-30,0.593,15.6489583333,0,0.0
2001-10-01,0.528,16.7645833333,0,0.0
2001-10-02,1.796,16.7838541667,0,0.0
2001-10-03,2.128,16.1984375,0,0.0
2001-10-04,1.766,15.3109375,0,0.0
2001-10-05,1.475,14.61875,0,0.0
2001-10-06,1.135,14.796875,0,0.0
2001-10-07,0.895,14.7984375,0,0.0
2001-10-08,0.689,14.946875,0,0.0
2001-10-09,0.536,14.1828125,0,0.0
2001-10-10,0.415,13.7223958333,0,0.0
2001-10-11,0.348,13.9755208333,0,0.0
2001-10-12,0.31,14.9875,0,0.0
2001-10-13,0.308,15.8760416667,0,0.0
2001-10-14,0.283,16.5630208333,0,0.0
2001-10-15,0.282,16.4817708333,0,0.0
2001-10-16,0.253,15.2348958333,0,0.0
2001-10-17,0.253,14.4848958333,0,0.0
2001-10-18,0.227,14.0427083333,0,0.0
2001-10-19,0.227,14.021875,0,0.0
2001-10-20,0.227,14.1661458333,0,0.0
2001-10-21,0.2,13.7614583333,0,0.0
2001-10-22,0.227,12.8526041667,0,0.0
2001-10-23,0.227,12.4260416667,0,0.0
2001-10-24,0.25,12.2427083333,0,0.0
2001-10-25,0.253,12.2338541667,0,0.0
2001-10-26,0.253,12.5875,0,0.0
2001-10-27,0.227,12.0515625,0,0.0
2001-10-28,0.288,11.4817708333,0,0.0
2001-10-29,0.409,12.065625,0,0.0
2001-10-30,0.405,12.0046875,0,0.0
2001-10-31,0.378,11.3760416667,0,0.0
2001-11-01,0.485,10.3,0,0.0
2001-11-02,0.353,7.8875,0,0.0
2001-11-03,0.343,6.0578125,0,0.0
2001-11-04,0.338,5.9411458333,0,0.0
2001-11-05,0.306,6.4005208333,0,0.0
2001-11-06,0.28,7.5375,0,0.0
2001-11-07,0.417,7.8609375,0,0.0
2001-11-08,0.685,6.4260416667,0,0.0
2001-11-09,4.895,4.23125,0,0.0
2001-11-10,2.995,2.1515625,0,0.0
2001-11-11,1.892,2.0947916667,0,0.0
2001-11-12,1.25,2.8567708333,0,0.0
2001-11-13,1.013,3.7114583333,0,0.0
2001-11-14,0.707,3.21875,0,0.0
2001-11-15,0.533,2.3265625,0,0.0
2001-11-16,0.44,2.0317708333,0,0.0
2001-11-17,0.41,2.39375,0,0.0
2001-11-18,0.389,3.8567708333,0,0.0
2001-11-19,0.347,4.9088541667,0,0.0
2001-11-20,0.299,5.871875,0,0.0
2001-11-21,0.279,6.409375,0,0.0
2001-11-22,0.257,5.9463541667,0,0.0
2001-11-23,3.381,5.2635416667,0,0.0
2001-11-24,2.851,5.278125,0,0.0
2001-11-25,2.135,5.6182291667,0,0.0
2001-11-26,1.837,6.0385416667,0,0.0
2001-11-27,2.743,6.5125,0,0.0
2001-11-28,2.697,6.196875,0,0.0
2001-11-29,3.103,6.8671875,0,0.0
2001-11-30,5.323,8.4307291667,0,0.0
2001-12-01,5.991,9.3171875,0,0.0
2001-12-02,6.176,9.9244791667,0,0.0
2001-12-03,4.28,9.4317708333,0,0.0
2001-12-04,2.764,8.5786458333,0,0.0
2001-12-05,2.1,7.9135416667,0,0.0
2001-12-06,1.808,6.0567708333,0,0.0
2001-12-07,1.71,4.4614583333,0,0.0
2001-12-08,1.63,2.465625,0,0.0
2001-12-09,1.217,0.5098958333,0,0.0
2001-12-10,0.904,0.2979166667,0,0.0
2001-12-11,0.713,0.5734375,0,0.0
2001-12-12,0.611,0.7421875,0,0.0
2001-12-13,0.493,0.1,0,0.0
2001-12-14,0.413,0.1,0,0.0
2001-12-15,0.342,0.1,0,0.0
2001-12-16,0.296,0.1,0,0.0
2001-12-17,0.25,0.1,0,0.0
2001-12-18,0.241,0.6348958333,0,0.0
2001-12-19,0.234,0.5098958333,0,0.0
2001-12-20,0.239,1.4005208333,0,0.0
2001-12-21,0.204,1.3833333333,0,0.0
2001-12-22,0.911,0.1,0,0.0
2001-12-23,0.543,0.1,0,0.0
2001-12-24,0.348,0.1,0,0.0
2001-12-25,0.805,0.1,0,0.0
2001-12-26,8.476,1.0947916667,0,0.0
2001-12-27,4.417,2.8619791667,0,0.0
2001-12-28,3.248,2.1947916667,0,0.0
2001-12-29,9.355,1.9947916667,0,0.0
2001-12-30,4.985,1.2755208333,0,0.0
2001-12-31,2.873,0.1,0,0.0
2002-01-01,1.85,0.1,0,0.0
2002-01-02,1.299,0.1,0,0.0
2002-01-03,1.024,0.1,0,0.0
2002-01-04,0.807,0.1,0,0.0
2002-01-05,0.647,0.1,0,0.0
2002-01-06,0.555,0.1,0,0.0
2002-01-07,0.497,0.1,0,0.0
2002-01-08,0.441,0.1,0,0.0
2002-01-09,0.398,0.1,0,0.0
2002-01-10,0.347,0.1,0,0.0
2002-01-11,0.296,0.1,0,0.0
2002-01-12,0.255,0.7953125,0,0.0
2002-01-13,0.247,1.5505208333,0,0.0
2002-01-14,0.244,1.4317708333,0,0.0
2002-01-15,0.206,0.7244791667,0,0.0
2002-01-16,0.202,0.1,0,0.0
2002-01-17,0.201,0.4479166667,0,0.0
2002-01-18,0.2,1.8588541667,0,0.0
2002-01-19,0.203,3.7234375,0,0.0
2002-01-20,0.601,5.9296875,0,0.0
2002-01-21,10.686,7.2364583333,0,0.0
2002-01-22,11.122,7.6765625,0,0.0
2002-01-23,4.925,8.3145833333,0,0.0
2002-01-24,3.766,7.1307291667,0,0.0
2002-01-25,3.106,8.0072916667,0,0.0
2002-01-26,2.44,9.01875,0,0.0
2002-01-27,2.398,9.7260416667,0,0.0
2002-01-28,10.969,10.8411458333,0,0.0
2002-01-29,6.019,10.8739583333,0,0.0
2002-01-30,3.524,10.4,0,0.0
2002-01-31,2.344,10.0182291667,0,0.0
2002-02-01,1.517,10.75625,0,0.0
2002-02-02,1.092,10.9796875,0,0.0
2002-02-03,0.836,11.3,0,0.0
2002-02-04,0.698,11.5614583333,0,0.0
2002-02-05,0.587,10.2989583333,0,0.0
2002-02-06,0.987,9.0432291667,0,0.0
2002-02-07,0.851,8.6494791667,0,0.0
2002-02-08,0.9,8.4380208333,0,0.0
2002-02-09,1.066,8.4239583333,0,0.0
2002-02-10,4.764,9.4515625,0,0.0
2002-02-11,4.325,10.2708333333,0,0.0
2002-02-12,4.693,9.2520833333,0,0.0
2002-02-13,5.161,8.275,0,0.0
2002-02-14,5.777,5.8322916667,0,0.0
2002-02-15,3.686,3.2807291667,0,0.0
2002-02-16,2.353,2.3635416667,0,0.0
2002-02-17,1.608,2.2609375,0,0.0
2002-02-18,1.115,3.1270833333,0,0.0
2002-02-19,0.88,4.2213541667,0,0.0
2002-02-20,1.249,4.0192708333,0,0.0
2002-02-21,10.491,4.4369791667,0,0.0
2002-02-22,4.92,4.1453125,0,0.0
2002-02-23,10.789,3.2953125,0,0.0
2002-02-24,6.505,4.6151041667,0,0.0
2002-02-25,4.154,6.2239583333,0,0.0
2002-02-26,9.988,7.2203125,0,0.0
2002-02-27,12.886,8.13125,0,0.0
2002-02-28,6.871,7.2375,0,0.0
2002-03-01,3.856,4.3760416667,0,0.0
2002-03-02,2.515,3.3760416667,0,0.0
2002-03-03,1.82,3.3203125,0,0.0
2002-03-04,1.386,3.6213541667,0,0.0
2002-03-05,1.108,5.44375,0,0.0
2002-03-06,0.893,7.0052083333,0,0.0
2002-03-07,1.015,7.3041666667,0,0.0
2002-03-08,0.748,8.1302083333,0,0.0
2002-03-09,0.707,8.2114583333,0,0.0
2002-03-10,0.703,8.2802083333,0,0.0
2002-03-11,0.611,9.3291666667,0,0.0
2002-03-12,0.54,9.1786458333,0,0.0
2002-03-13,0.481,8.0567708333,0,0.0
2002-03-14,0.467,7.2072916667,0,0.0
2002-03-15,0.578,6.9020833333,0,0.0
2002-03-16,0.416,8.05,0,0.0
2002-03-17,0.364,10.2864583333,0,0.0
2002-03-18,0.35,11.0015625,0,0.0
2002-03-19,1.028,11.1864583333,0,0.0
2002-03-20,0.536,11.0442708333,0,0.0
2002-03-21,2.334,10.0151041667,0,0.0
2002-03-22,5.844,8.9739583333,0,0.0
2002-03-23,3.841,7.065625,0,0.0
2002-03-24,2.77,4.6776041667,0,0.0
2002-03-25,1.888,3.6020833333,0,0.0
2002-03-26,1.31,3.4598958333,0,0.0
2002-03-27,0.906,4.3760416667,0,0.0
2002-03-28,0.715,6.0729166667,0,0.0
2002-03-29,0.585,7.2020833333,0,0.0
2002-03-30,0.491,8.6244791667,0,0.0
2002-03-31,0.424,10.1234375,0,0.0
2002-04-01,0.364,11.2984375,0,0.0
2002-04-02,0.314,13.01875,0,0.0
2002-04-03,0.261,13.721875,0,0.0
2002-04-04,0.24,12.7682291667,0,0.0
2002-04-05,0.198,10.7869791667,0,0.0
2002-04-06,0.155,8.7401041667,0,0.0
2002-04-07,0.15,7.2619791667,0,0.0
2002-04-08,0.126,6.6895833333,0,0.0
2002-04-09,0.125,7.1442708333,0,0.0
2002-04-10,0.125,7.2104166667,0,0.0
2002-04-11,0.125,7.3885416667,0,0.0
2002-04-12,0.124,7.7072916667,0,0.0
2002-04-13,0.108,7.5140625,0,0.0
2002-04-14,0.108,7.3125,0,0.0
2002-04-15,0.108,6.9635416667,0,0.0
2002-04-16,0.138,6.9338541667,0,0.0
2002-04-17,0.173,7.3989583333,0,0.0
2002-04-18,0.173,7.6625,0,0.0
2002-04-19,0.403,8.4453125,0,0.0
2002-04-20,0.203,9.1661458333,0,0.0
2002-04-21,0.173,10.1010416667,0,0.0
2002-04-22,0.173,11.7354166667,0,0.0
2002-04-23,0.173,12.8125,0,0.0
2002-04-24,0.173,13.6026041667,0,0.0
2002-04-25,0.173,13.0244791667,0,0.0
2002-04-26,0.147,11.6046875,0,0.0
2002-04-27,0.276,10.5296875,0,0.0
2002-04-28,0.258,9.4114583333,0,0.0
2002-04-29,0.473,10.0010416667,0,0.0
2002-04-30,2.209,11.2666666667,0,0.0
2002-05-01,2.044,11.5875,0,0.0
2002-05-02,1.233,11.4697916667,0,0.0
2002-05-03,0.785,10.3557291667,0,0.0
2002-05-04,0.554,8.8755208333,0,0.0
2002-05-05,1.927,8.4265625,0,0.0
2002-05-06,1.462,9.3911458333,0,0.0
2002-05-07,1.408,11.2651041667,0,0.0
2002-05-08,1.02,13.7760416667,0,0.0
2002-05-09,0.737,15.51875,0,0.0
2002-05-10,0.584,16.0796875,0,0.0
2002-05-11,0.459,15.3229166667,0,0.0
2002-05-12,0.376,14.8536458333,0,0.0
2002-05-13,0.315,14.3328125,0,0.0
2002-05-14,0.265,14.2401041667,0,0.0
2002-05-15,0.239,15.4765625,0,0.0
2002-05-16,0.204,16.4380208333,0,0.0
2002-05-17,0.175,16.8265625,0,0.0
2002-05-18,0.174,16.9859375,0,0.0
2002-05-19,0.174,17.03125,0,0.0
2002-05-20,0.173,17.0401041667,0,0.0
2002-05-21,0.146,17.7723958333,0,0.0
2002-05-22,0.146,17.3901041667,0,0.0
2002-05-23,0.146,16.5296875,0,0.0
2002-05-24,0.146,15.0208333333,0,0.0
2002-05-25,0.146,13.8119791667,0,0.0
2002-05-26,0.146,13.7572916667,0,0.0
2002-05-27,0.123,13.9598958333,0,0.0
2002-05-28,0.123,14.2739583333,0,0.0
2002-05-29,0.107,14.29375,0,0.0
2002-05-30,0.107,14.5119791667,0,0.0
2002-05-31,0.107,14.440625,0,0.0
2002-06-01,0.096,15.1520833333,0,0.0
2002-06-02,0.088,16.2979166667,0,0.0
2002-06-03,0.088,17.6984375,0,0.0
2002-06-04,0.1,18.7197916667,0,0.0
2002-06-05,0.088,18.8458333333,0,0.0
2002-06-06,0.096,18.3911458333,0,0.0
2002-06-07,0.088,17.5677083333,0,0.0
2002-06-08,0.078,17.028125,0,0.0
2002-06-09,0.078,16.0671875,0,0.0
2002-06-10,0.078,15.3708333333,0,0.0
2002-06-11,0.078,15.2072916667,0,0.0
2002-06-12,0.096,14.84375,0,0.0
2002-06-13,0.21,16.4078125,0,0.0
2002-06-14,0.146,17.7802083333,0,0.0
2002-06-15,0.1,18.6114583333,0,0.0
2002-06-16,0.18,21.0744791667,0,0.0
2002-06-17,0.126,22.8520833333,0,0.0
2002-06-18,0.107,23.1713541667,0,0.0
2002-06-19,0.096,23.2072916667,0,0.0
2002-06-20,0.088,21.5682291667,0,0.0
2002-06-21,0.296,20.0557291667,0,0.0
2002-06-22,0.13,19.46875,0,0.0
2002-06-23,0.111,18.6546875,0,0.0
2002-06-24,0.11,18.0484375,0,0.0
2002-06-25,0.097,17.4161458333,0,0.0
2002-06-26,0.089,16.9255208333,0,0.0
2002-06-27,0.088,16.1458333333,0,0.0
2002-06-28,0.088,15.6963541667,0,0.0
2002-06-29,0.088,15.1614583333,0,0.0
2002-06-30,0.088,14.7765625,0,0.0
2002-07-01,0.078,15.13125,0,0.0
2002-07-02,0.123,15.2572916667,0,0.0
2002-07-03,0.096,15.0682291667,0,0.0
2002-07-04,0.234,15.771875,0,0.0
2002-07-05,0.239,16.1427083333,0,0.0
2002-07-06,0.23,16.921875,0,0.0
2002-07-07,0.228,18.328125,0,0.0
2002-07-08,0.173,19.2,0,0.0
2002-07-09,0.146,18.6338541667,0,0.0
2002-07-10,0.217,17.9427083333,0,0.0
2002-07-11,2.3,16.8744791667,0,0.0
2002-07-12,1.373,15.93125,0,0.0
2002-07-13,0.745,16.8458333333,0,0.0
2002-07-14,0.676,18.1854166667,0,0.0
2002-07-15,0.519,18.6026041667,0,0.0
2002-07-16,0.4,18.5395833333,0,0.0
2002-07-17,0.33,18.1307291667,0,0.0
2002-07-18,0.305,16.7286458333,0,0.0
2002-07-19,0.21,16.3567708333,0,0.0
2002-07-20,0.18,16.1963541667,0,0.0
2002-07-21,0.173,16.1416666667,0,0.0
2002-07-22,0.173,16.8885416667,0,0.0
2002-07-23,0.124,16.7828125,0,0.0
2002-07-24,0.124,16.8973958333,0,0.0
2002-07-25,0.147,17.3645833333,0,0.0
2002-07-26,0.108,18.2,0,0.0
2002-07-27,0.124,19.7223958333,0,0.0
2002-07-28,0.107,21.4932291667,0,0.0
2002-07-29,0.096,22.9015625,0,0.0
2002-07-30,0.096,22.75625,0,0.0
2002-07-31,0.096,21.3692708333,0,0.0
2002-08-01,0.096,20.1677083333,0,0.0
2002-08-02,0.107,18.5067708333,0,0.0
2002-08-03,0.096,17.96875,0,0.0
2002-08-04,0.096,17.6645833333,0,0.0
2002-08-05,0.088,16.6515625,0,0.0
2002-08-06,0.088,16.5901041667,0,0.0
2002-08-07,0.088,16.5140625,0,0.0
2002-08-08,0.088,16.9520833333,0,0.0
2002-08-09,0.088,17.6744791667,0,0.0
2002-08-10,0.117,17.9614583333,0,0.0
2002-08-11,0.096,17.8619791667,0,0.0
2002-08-12,0.088,17.8234375,0,0.0
2002-08-13,0.088,18.1536458333,0,0.0
2002-08-14,0.085,18.9255208333,0,0.0
2002-08-15,0.078,19.975,0,0.0
2002-08-16,0.078,21.1234375,0,0.0
2002-08-17,0.066,22.2135416667,0,0.0
2002-08-18,0.066,22.7177083333,0,0.0
2002-08-19,0.066,22.6088541667,0,0.0
2002-08-20,0.078,21.065625,0,0.0
2002-08-21,0.271,19.3885416667,0,0.0
2002-08-22,0.228,18.3432291667,0,0.0
2002-08-23,0.156,17.0796875,0,0.0
2002-08-24,0.111,17.2510416667,0,0.0
2002-08-25,0.128,18.0390625,0,0.0
2002-08-26,0.109,18.0947916667,0,0.0
2002-08-27,0.096,19.1505208333,0,0.0
2002-08-28,0.098,19.7213541667,0,0.0
2002-08-29,0.096,19.534375,0,0.0
2002-08-30,0.088,19.440625,0,0.0
2002-08-31,0.088,17.9322916667,0,0.0
2002-09-01,0.088,17.1026041667,0,0.0
2002-09-02,0.088,16.36875,0,0.0
2002-09-03,0.088,15.978125,0,0.0
2002-09-04,0.078,16.4223958333,0,0.0
2002-09-05,0.146,16.5979166667,0,0.0
2002-09-06,0.096,16.9880208333,0,0.0
2002-09-07,0.088,17.4140625,0,0.0
2002-09-08,0.088,18.165625,0,0.0
2002-09-09,0.088,17.53125,0,0.0
2002-09-10,0.078,16.6401041667,0,0.0
2002-09-11,0.096,16.0203125,0,0.0
2002-09-12,0.107,14.7807291667,0,0.0
2002-09-13,0.088,14.6505208333,0,0.0
2002-09-14,0.088,14.73125,0,0.0
2002-09-15,0.088,13.7447916667,0,0.0
2002-09-16,0.088,13.2515625,0,0.0
2002-09-17,0.088,13.1114583333,0,0.0
2002-09-18,0.078,12.9015625,0,0.0
2002-09-19,0.078,13.3557291667,0,0.0
2002-09-20,0.078,13.3791666667,0,0.0
2002-09-21,0.078,12.8666666667,0,0.0
2002-09-22,0.078,11.9036458333,0,0.0
2002-09-23,0.088,10.7979166667,0,0.0
2002-09-24,0.078,9.61875,0,0.0
2002-09-25,0.078,9.6359375,0,0.0
2002-09-26,0.088,10.0348958333,0,0.0
2002-09-27,0.088,10.6380208333,0,0.0
2002-09-28,0.088,11.6942708333,0,0.0
2002-09-29,0.078,12.0302083333,0,0.0
2002-09-30,0.078,12.3265625,0,0.0
2002-10-01,0.078,12.8869791667,0,0.0
2002-10-02,0.078,13.615625,0,0.0
2002-10-03,0.078,13.821875,0,0.0
2002-10-04,0.096,13.4098958333,0,0.0
2002-10-05,0.078,12.4364583333,0,0.0
2002-10-06,3.268,10.4963541667,0,0.0
2002-10-07,0.92,9.0182291667,0,0.0
2002-10-08,0.565,8.4161458333,0,0.0
2002-10-09,0.337,7.9916666667,0,0.0
2002-10-10,0.241,8.2645833333,0,0.0
2002-10-11,0.192,8.290625,0,0.0
2002-10-12,0.167,7.9697916667,0,0.0
2002-10-13,0.147,8.5770833333,0,0.0
2002-10-14,0.124,9.2973958333,0,0.0
2002-10-15,0.183,10.5401041667,0,0.0
2002-10-16,0.146,11.1083333333,0,0.0
2002-10-17,0.294,10.0807291667,0,0.0
2002-10-18,0.201,8.8145833333,0,0.0
2002-10-19,1.702,7.1578125,0,0.0
2002-10-20,1.134,7.5697916667,0,0.0
2002-10-21,0.858,9.4114583333,0,0.0
2002-10-22,0.651,10.44375,0,0.0
2002-10-23,0.521,11.190625,0,0.0
2002-10-24,1.06,11.1239583333,0,0.0
2002-10-25,1.075,10.5276041667,0,0.0
2002-10-26,1.115,10.8947916667,0,0.0
2002-10-27,0.773,10.8317708333,0,0.0
2002-10-28,3.167,10.0557291667,0,0.0
2002-10-29,2.306,9.7104166667,0,0.0
2002-10-30,1.376,8.8708333333,0,0.0
2002-10-31,0.845,9.2333333333,0,0.0
2002-11-01,0.577,10.3880208333,0,0.0
2002-11-02,0.539,10.6380208333,0,0.0
2002-11-03,2.02,10.7098958333,0,0.0
2002-11-04,4.008,10.1911458333,0,0.0
2002-11-05,2.52,8.7677083333,0,0.0
2002-11-06,1.542,7.446875,0,0.0
2002-11-07,1.035,6.8286458333,0,0.0
2002-11-08,1.605,6.7848958333,0,0.0
2002-11-09,5.981,6.2260416667,0,0.0
2002-11-10,7.33,7.0796875,0,0.0
2002-11-11,5.166,7.971875,0,0.0
2002-11-12,5.857,8.6317708333,0,0.0
2002-11-13,3.341,9.9609375,0,0.0
2002-11-14,2.402,9.5385416667,0,0.0
2002-11-15,1.822,9.1614583333,0,0.0
2002-11-16,1.448,8.8807291667,0,0.0
2002-11-17,2.722,8.2932291667,0,0.0
2002-11-18,3.841,7.8973958333,0,0.0
2002-11-19,2.757,7.571875,0,0.0
2002-11-20,1.852,7.478125,0,0.0
2002-11-21,1.252,7.7125,0,0.0
2002-11-22,0.979,8.1651041667,0,0.0
2002-11-23,0.713,8.3651041667,0,0.0
2002-11-24,0.551,7.9807291667,0,0.0
2002-11-25,0.471,7.8390625,0,0.0
2002-11-26,0.432,7.5125,0,0.0
2002-11-27,0.357,7.8385416667,0,0.0
2002-11-28,0.303,8.0932291667,0,0.0
2002-11-29,0.274,7.9526041667,0,0.0
2002-11-30,0.253,7.9770833333,0,0.0
2002-12-01,0.24,7.225,0,0.0
2002-12-02,0.3,6.8411458333,0,0.0
2002-12-03,0.36,6.4677083333,0,0.0
2002-12-04,0.328,6.1,0,0.0
2002-12-05,0.327,5.1520833333,0,0.0
2002-12-06,0.308,3.8098958333,0,0.0
2002-12-07,0.291,2.2765625,0,0.0
2002-12-08,0.25,0.1,0,0.0
2002-12-09,0.238,0.1,0,0.0
2002-12-10,0.203,0.1,0,0.0
2002-12-11,0.191,0.1,0,0.0
2002-12-12,0.172,0.1,0,0.0
2002-12-13,0.172,0.1,0,0.0
2002-12-14,0.172,0.4875,0,0.0
2002-12-15,0.172,2.8354166667,0,0.0
2002-12-16,0.172,3.1197916667,0,0.0
2002-12-17,1.107,2.60625,0,0.0
2002-12-18,0.764,1.9625,0,0.0
2002-12-19,0.648,0.7421875,0,0.0
2002-12-20,0.596,1.353125,0,0.0
2002-12-21,0.526,3.1760416667,0,0.0
2002-12-22,0.451,4.9145833333,0,0.0
2002-12-23,5.833,7.0713541667,0,0.0
2002-12-24,4.323,8.5817708333,0,0.0
2002-12-25,2.596,8.8395833333,0,0.0
2002-12-26,1.76,9.6729166667,0,0.0
2002-12-27,1.689,9.5276041667,0,0.0
2002-12-28,3.001,8.9734375,0,0.0
2002-12-29,3.684,9.7223958333,0,0.0
2002-12-30,8.618,7.5989583333,0,0.0
2002-12-31,22.689,6.3145833333,0,0.0
2003-01-01,7.367,6.9697916667,0,0.0
2003-01-02,7.071,5.9421875,0,0.0
2003-01-03,8.869,5.5395833333,0,0.0
2003-01-04,8.897,3.9463541667,0,0.0
2003-01-05,4.889,0.859375,0,0.0
2003-01-06,2.994,0.1,0,0.0
2003-01-07,1.929,0.1,0,0.0
2003-01-08,1.321,0.1,0,0.0
2003-01-09,0.956,0.1,0,0.0
2003-01-10,0.751,0.1,0,0.0
2003-01-11,0.598,0.1,0,0.0
2003-01-12,0.504,0.1,0,0.0
2003-01-13,0.439,0.115625,0,0.0
2003-01-14,1.975,2.3223958333,0,0.0
2003-01-15,2.226,4.59375,0,0.0
2003-01-16,2.082,4.3682291667,0,0.0
2003-01-17,1.867,3.4,0,0.0
2003-01-18,1.692,3.3682291667,0,0.0
2003-01-19,1.292,4.1338541667,0,0.0
2003-01-20,1.085,5.4541666667,0,0.0
2003-01-21,1.177,6.5588541667,0,0.0
2003-01-22,1.228,6.8807291667,0,0.0
2003-01-23,1.531,5.4489583333,0,0.0
2003-01-24,1.603,4.0302083333,0,0.0
2003-01-25,1.683,3.321875,0,0.0
2003-01-26,1.508,3.921875,0,0.0
2003-01-27,1.704,4.8635416667,0,0.0
2003-01-28,1.973,5.3427083333,0,0.0
2003-01-29,4.081,4.2901041667,0,0.0
2003-01-30,4.917,1.15,0,0.0
2003-01-31,3.695,0.1,0,0.0
2003-02-01,2.333,0.1,0,0.0
2003-02-02,1.677,0.1,0,0.0
2003-02-03,1.754,0.5994791667,0,0.0
2003-02-04,2.161,1.8109375,0,0.0
2003-02-05,2.23,1.5395833333,0,0.0
2003-02-06,1.702,1.196875,0,0.0
2003-02-07,1.241,1.8348958333,0,0.0
2003-02-08,1.007,2.1473958333,0,0.0
2003-02-09,0.924,1.8067708333,0,0.0
2003-02-10,1.06,1.1729166667,0,0.0
2003-02-11,1.198,0.1,0,0.0
2003-02-12,1.095,0.1,0,0.0
2003-02-13,0.903,0.1,0,0.0
2003-02-14,0.772,0.1,0,0.0
2003-02-15,0.619,0.1,0,0.0
2003-02-16,0.523,0.1,0,0.0
2003-02-17,0.455,0.1,0,0.0
2003-02-18,0.385,0.1,0,0.0
2003-02-19,0.348,0.1,0,0.0
2003-02-20,0.333,0.6755208333,0,0.0
2003-02-21,0.288,1.8359375,0,0.0
2003-02-22,0.248,3.015625,0,0.0
2003-02-23,0.241,4.021875,0,0.0
2003-02-24,0.239,4.3713541667,0,0.0
2003-02-25,0.237,4.8239583333,0,0.0
2003-02-26,0.233,5.7651041667,0,0.0
2003-02-27,0.228,6.5255208333,0,0.0
2003-02-28,0.228,7.73125,0,0.0
2003-03-01,0.264,8.5666666667,0,0.0
2003-03-02,0.377,7.6859375,0,0.0
2003-03-03,0.931,6.9458333333,0,0.0
2003-03-04,1.39,7.31875,0,0.0
2003-03-05,1.154,7.1833333333,0,0.0
2003-03-06,0.932,7.3802083333,0,0.0
2003-03-07,1.094,8.0369791667,0,0.0
2003-03-08,0.959,8.0489583333,0,0.0
2003-03-09,0.858,8.7036458333,0,0.0
2003-03-10,0.772,10.05,0,0.0
2003-03-11,0.66,9.9890625,0,0.0
2003-03-12,3.19,8.7765625,0,0.0
2003-03-13,3.129,7.3385416667,0,0.0
2003-03-14,2.136,5.9520833333,0,0.0
2003-03-15,1.436,5.3697916667,0,0.0
2003-03-16,0.956,4.8765625,0,0.0
2003-03-17,0.751,4.9885416667,0,0.0
2003-03-18,0.596,4.9510416667,0,0.0
2003-03-19,0.509,4.4354166667,0,0.0
2003-03-20,0.428,4.6947916667,0,0.0
2003-03-21,0.354,4.9817708333,0,0.0
2003-03-22,0.321,5.9661458333,0,0.0
2003-03-23,0.278,8.0260416667,0,0.0
2003-03-24,0.239,9.6942708333,0,0.0
2003-03-25,0.203,10.8484375,0,0.0
2003-03-26,0.203,11.4802083333,0,0.0
2003-03-27,0.201,11.8265625,0,0.0
2003-03-28,0.173,12.4203125,0,0.0
2003-03-29,0.147,12.7744791667,0,0.0
2003-03-30,0.146,11.7416666667,0,0.0
2003-03-31,0.146,10.8703125,0,0.0
2003-04-01,0.123,8.7895833333,0,0.0
2003-04-02,0.251,6.9104166667,0,0.0
2003-04-03,0.343,6.4380208333,0,0.0
2003-04-04,0.207,5.9015625,0,0.0
2003-04-05,0.173,5.7072916667,0,0.0
2003-04-06,0.173,4.9296875,0,0.0
2003-04-07,0.173,3.7723958333,0,0.0
2003-04-08,0.146,2.3651041667,0,0.0
2003-04-09,0.146,1.6567708333,0,0.0
2003-04-10,0.146,2.3807291667,0,0.0
2003-04-11,0.146,4.2010416667,0,0.0
2003-04-12,0.146,6.6088541667,0,0.0
2003-04-13,0.123,9.925,0,0.0
2003-04-14,0.123,13.2145833333,0,0.0
2003-04-15,0.123,15.6083333333,0,0.0
2003-04-16,0.107,16.7161458333,0,0.0
2003-04-17,0.107,15.790625,0,0.0
2003-04-18,0.107,12.8125,0,0.0
2003-04-19,0.107,10.6838541667,0,0.0
2003-04-20,0.107,10.4088541667,0,0.0
2003-04-21,0.107,10.7447916667,0,0.0
2003-04-22,0.107,12.53125,0,0.0
2003-04-23,0.097,13.8911458333,0,0.0
2003-04-24,0.096,14.8520833333,0,0.0
2003-04-25,0.096,15.1182291667,0,0.0
2003-04-26,0.096,14.9625,0,0.0
2003-04-27,0.172,15.2421875,0,0.0
2003-04-28,0.123,14.4583333333,0,0.0
2003-04-29,0.107,14.2609375,0,0.0
2003-04-30,0.107,14.33125,0,0.0
2003-05-01,0.284,13.8927083333,0,0.0
2003-05-02,0.258,13.2005208333,0,0.0
2003-05-03,0.23,14.1166666667,0,0.0
2003-05-04,0.202,15.878125,0,0.0
2003-05-05,0.201,15.6385416667,0,0.0
2003-05-06,0.173,16.1088541667,0,0.0
2003-05-07,0.173,16.0067708333,0,0.0
2003-05-08,0.147,14.4104166667,0,0.0
2003-05-09,0.138,14.4354166667,0,0.0
2003-05-10,0.147,14.221875,0,0.0
2003-05-11,0.124,13.6458333333,0,0.0
2003-05-12,0.124,12.6890625,0,0.0
2003-05-13,0.123,11.4598958333,0,0.0
2003-05-14,0.123,10.3489583333,0,0.0
2003-05-15,0.146,9.8020833333,0,0.0
2003-05-16,0.146,10.8322916667,0,0.0
2003-05-17,0.124,12.384375,0,0.0
2003-05-18,0.124,13.1427083333,0,0.0
2003-05-19,0.232,13.1869791667,0,0.0
2003-05-20,0.281,12.6432291667,0,0.0
2003-05-21,0.204,12.334375,0,0.0
2003-05-22,0.296,13.425,0,0.0
2003-05-23,0.335,14.5395833333,0,0.0
2003-05-24,0.308,15.3255208333,0,0.0
2003-05-25,0.318,15.7677083333,0,0.0
2003-05-26,0.283,15.946875,0,0.0
2003-05-27,0.229,16.6,0,0.0
2003-05-28,0.202,17.88125,0,0.0
2003-05-29,0.201,19.3213541667,0,0.0
2003-05-30,0.173,20.0734375,0,0.0
2003-05-31,0.147,20.66875,0,0.0
2003-06-01,0.147,21.3239583333,0,0.0
2003-06-02,0.123,21.4140625,0,0.0
2003-06-03,0.162,22.2416666667,0,0.0
2003-06-04,0.146,21.6302083333,0,0.0
2003-06-05,0.107,20.8921875,0,0.0
2003-06-06,0.107,21.1239583333,0,0.0
2003-06-07,0.096,20.2572916667,0,0.0
2003-06-08,0.096,19.6135416667,0,0.0
2003-06-09,0.343,19.8432291667,0,0.0
2003-06-10,0.147,19.3473958333,0,0.0
2003-06-11,0.36,19.4390625,0,0.0
2003-06-12,0.237,20.2151041667,0,0.0
2003-06-13,0.201,19.5411458333,0,0.0
2003-06-14,0.146,19.0885416667,0,0.0
2003-06-15,0.146,18.5484375,0,0.0
2003-06-16,0.123,18.7083333333,0,0.0
2003-06-17,0.107,19.0833333333,0,0.0
2003-06-18,0.172,19.2536458333,0,0.0
2003-06-19,0.172,18.8322916667,0,0.0
2003-06-20,0.123,17.4697916667,0,0.0
2003-06-21,0.107,17.7010416667,0,0.0
2003-06-22,0.096,18.5151041667,0,0.0
2003-06-23,0.096,18.95,0,0.0
2003-06-24,0.088,19.7458333333,0,0.0
2003-06-25,0.088,19.6484375,0,0.0
2003-06-26,0.088,19.2953125,0,0.0
2003-06-27,0.078,19.6276041667,0,0.0
2003-06-28,0.078,20.3677083333,0,0.0
2003-06-29,0.078,20.1609375,0,0.0
2003-06-30,0.078,19.2473958333,0,0.0
2003-07-01,0.237,18.3734375,0,0.0
2003-07-02,0.107,17.1203125,0,0.0
2003-07-03,0.11,16.4166666667,0,0.0
2003-07-04,0.21,16.0322916667,0,0.0
2003-07-05,0.123,16.0854166667,0,0.0
2003-07-06,0.123,16.4130208333,0,0.0
2003-07-07,0.107,17.1291666667,0,0.0
2003-07-08,0.096,17.6682291667,0,0.0
2003-07-09,0.088,18.1739583333,0,0.0
2003-07-10,0.088,19.203125,0,0.0
2003-07-11,0.078,18.8208333333,0,0.0
2003-07-12,0.078,19.2125,0,0.0
2003-07-13,0.078,20.0125,0,0.0
2003-07-14,0.066,21,0,0.0
2003-07-15,0.066,23.528125,0,0.0
2003-07-16,0.066,23.5348958333,0,0.0
2003-07-17,1.352,23.4,0,0.0
2003-07-18,0.141,23.221875,0,0.0
2003-07-19,0.108,22.6,0,0.0
2003-07-20,0.088,22.9604166667,0,0.0
2003-07-21,0.149,22.9984375,0,0.0
2003-07-22,0.357,22.1307291667,0,0.0
2003-07-23,0.148,20.5854166667,0,0.0
2003-07-24,0.107,20.3807291667,0,0.0
2003-07-25,0.147,19.9515625,0,0.0
2003-07-26,0.108,19.9598958333,0,0.0
2003-07-27,0.204,19.9494791667,0,0.0
2003-07-28,0.174,19.7776041667,0,0.0
2003-07-29,0.147,19.4140625,0,0.0
2003-07-30,0.123,19.1494791667,0,0.0
2003-07-31,0.19,20.0208333333,0,0.0
2003-08-01,0.123,20.9385416667,0,0.0
2003-08-02,0.107,22.3166666667,0,0.0
2003-08-03,0.096,23.5109375,0,0.0
2003-08-04,0.096,24.034375,0,0.0
2003-08-05,0.088,24.7458333333,0,0.0
2003-08-06,0.088,25.8677083333,0,0.0
2003-08-07,0.078,26.7875,0,0.0
2003-08-08,0.078,27.1859375,0,0.0
2003-08-09,0.076,26.5776041667,0,0.0
2003-08-10,0.066,25.8473958333,0,0.0
2003-08-11,0.066,25.8197916667,0,0.0
2003-08-12,0.066,25.515625,0,0.0
2003-08-13,0.066,24.5963541667,0,0.0
2003-08-14,0.066,22.4286458333,0,0.0
2003-08-15,0.066,19.8453125,0,0.0
2003-08-16,0.066,18.7895833333,0,0.0
2003-08-17,0.066,18.4520833333,0,0.0
2003-08-18,0.066,19.1130208333,0,0.0
2003-08-19,0.156,19.0177083333,0,0.0
2003-08-20,0.088,18.4458333333,0,0.0
2003-08-21,0.079,18.4828125,0,0.0
2003-08-22,0.067,18.6723958333,0,0.0
2003-08-23,0.067,18.2760416667,0,0.0
2003-08-24,0.067,17.9510416667,0,0.0
2003-08-25,0.067,17.6916666667,0,0.0
2003-08-26,0.066,16.5020833333,0,0.0
2003-08-27,0.067,16.5229166667,0,0.0
2003-08-28,0.067,16.1703125,0,0.0
2003-08-29,0.067,15.4125,0,0.0
2003-08-30,0.144,14.9875,0,0.0
2003-08-31,0.093,13.8229166667,0,0.0
2003-09-01,0.089,12.828125,0,0.0
2003-09-02,0.089,12.184375,0,0.0
2003-09-03,0.079,12.5072916667,0,0.0
2003-09-04,0.067,14.1020833333,0,0.0
2003-09-05,0.067,15.7234375,0,0.0
2003-09-06,0.067,16.8989583333,0,0.0
2003-09-07,0.067,16.6463541667,0,0.0
2003-09-08,0.067,15.53125,0,0.0
2003-09-09,0.089,14.4135416667,0,0.0
2003-09-10,0.079,13.8255208333,0,0.0
2003-09-11,1.049,14.153125,0,0.0
2003-09-12,0.181,14.384375,0,0.0
2003-09-13,0.126,14.6416666667,0,0.0
2003-09-14,0.11,14.8479166667,0,0.0
2003-09-15,0.097,14.8192708333,0,0.0
2003-09-16,0.089,15.4369791667,0,0.0
2003-09-17,0.089,16.5161458333,0,0.0
2003-09-18,0.079,17.7770833333,0,0.0
2003-09-19,0.079,19.1223958333,0,0.0
2003-09-20,0.079,20.30625,0,0.0
2003-09-21,0.067,20.7953125,0,0.0
2003-09-22,0.067,18.4947916667,0,0.0
2003-09-23,0.066,15.4572916667,0,0.0
2003-09-24,0.088,12.7973958333,0,0.0
2003-09-25,0.066,11.290625,0,0.0
2003-09-26,0.066,11.7,0,0.0
2003-09-27,0.075,12.8921875,0,0.0
2003-09-28,0.067,13.1072916667,0,0.0
2003-09-29,0.068,12.3130208333,0,0.0
2003-09-30,0.079,11.9447916667,0,0.0
2003-10-01,0.067,12.2479166667,0,0.0
2003-10-02,0.255,13.065625,0,0.0
2003-10-03,0.1,12.9864583333,0,0.0
2003-10-04,2.037,12.2390625,0,0.0
2003-10-05,1.587,10.6026041667,0,0.0
2003-10-06,0.702,8.8822916667,0,0.0
2003-10-07,0.589,8.5036458333,0,0.0
2003-10-08,4.061,9.484375,0,0.0
2003-10-09,6.089,10.9317708333,0,0.0
2003-10-10,3.448,11.9276041667,0,0.0
2003-10-11,3.079,11.7703125,0,0.0
2003-10-12,2.319,11.0682291667,0,0.0
2003-10-13,1.445,9.7041666667,0,0.0
2003-10-14,0.853,8.4114583333,0,0.0
2003-10-15,0.538,7.7989583333,0,0.0
2003-10-16,0.394,7.1026041667,0,0.0
2003-10-17,0.297,6.6125,0,0.0
2003-10-18,0.25,6.0171875,0,0.0
2003-10-19,0.221,5.3958333333,0,0.0
2003-10-20,0.213,4.9604166667,0,0.0
2003-10-21,0.185,4.3078125,0,0.0
2003-10-22,0.159,3.7270833333,0,0.0
2003-10-23,0.15,2.8333333333,0,0.0
2003-10-24,0.135,2.9921875,0,0.0
2003-10-25,0.117,3.5463541667,0,0.0
2003-10-26,0.133,4.0588541667,0,0.0
2003-10-27,0.156,4.8479166667,0,0.0
2003-10-28,0.133,4.9984375,0,0.0
2003-10-29,0.117,5.059375,0,0.0
2003-10-30,0.118,5.9203125,0,0.0
2003-10-31,0.117,7.3963541667,0,0.0
2003-11-01,0.653,8.290625,0,0.0
2003-11-02,0.387,9.8708333333,0,0.0
2003-11-03,0.416,10.3703125,0,0.0
2003-11-04,1.261,10.19375,0,0.0
2003-11-05,1.088,9.9432291667,0,0.0
2003-11-06,0.77,8.54375,0,0.0
2003-11-07,0.537,7.9109375,0,0.0
2003-11-08,0.409,7.925,0,0.0
2003-11-09,0.346,8.1057291667,0,0.0
2003-11-10,0.274,7.5145833333,0,0.0
2003-11-11,0.24,6.95,0,0.0
2003-11-12,0.212,6.5322916667,0,0.0
2003-11-13,0.184,5.5791666667,0,0.0
2003-11-14,0.184,6.3104166667,0,0.0
2003-11-15,0.184,6.3645833333,0,0.0
2003-11-16,0.158,6.3984375,0,0.0
2003-11-17,0.264,7.4270833333,0,0.0
2003-11-18,0.258,8.7213541667,0,0.0
2003-11-19,0.709,9.8505208333,0,0.0
2003-11-20,0.863,10.2515625,0,0.0
2003-11-21,0.764,10.8807291667,0,0.0
2003-11-22,0.604,11.2828125,0,0.0
2003-11-23,0.523,12.3328125,0,0.0
2003-11-24,0.458,12.5890625,0,0.0
2003-11-25,0.451,11.9489583333,0,0.0
2003-11-26,0.437,10.2796875,0,0.0
2003-11-27,0.47,8.1046875,0,0.0
2003-11-28,0.78,6.7869791667,0,0.0
2003-11-29,0.846,5.996875,0,0.0
2003-11-30,0.857,6.3984375,0,0.0
2003-12-01,0.731,6.734375,0,0.0
2003-12-02,0.555,6.5713541667,0,0.0
2003-12-03,0.427,5.5333333333,0,0.0
2003-12-04,0.357,4.3171875,0,0.0
2003-12-05,0.313,3.340625,0,0.0
2003-12-06,0.275,1.9734375,0,0.0
2003-12-07,0.248,1.2432291667,0,0.0
2003-12-08,0.224,0.1104166667,0,0.0
2003-12-09,0.213,0.1,0,0.0
2003-12-10,0.213,0.1,0,0.0
2003-12-11,0.184,1.421875,0,0.0
2003-12-12,0.229,4.1484375,0,0.0
2003-12-13,0.184,6.1833333333,0,0.0
2003-12-14,23.333,6.646875,0,0.0
2003-12-15,9.665,6.2807291667,0,0.0
2003-12-16,5.05,4.8046875,0,0.0
2003-12-17,3.041,3.8286458333,0,0.0
2003-12-18,2.055,4.2953125,0,0.0
2003-12-19,1.483,5.4963541667,0,0.0
2003-12-20,1.082,5.771875,0,0.0
2003-12-21,1.347,5.1395833333,0,0.0
2003-12-22,1.813,3.9994791667,0,0.0
2003-12-23,2.125,2.4640625,0,0.0
2003-12-24,1.791,2.3869791667,0,0.0
2003-12-25,1.353,3.7067708333,0,0.0
2003-12-26,1.057,5.2760416667,0,0.0
2003-12-27,0.935,6.3151041667,0,0.0
2003-12-28,2.079,5.6609375,0,0.0
2003-12-29,2.56,3.9447916667,0,0.0
2003-12-30,2.19,1.9291666667,0,0.0
2003-12-31,1.648,0.1,0,0.0
2004-01-01,1.184,0.1,0,0.0
2004-01-02,0.94,0.1,0,0.0
2004-01-03,0.668,0.1,0,0.0
2004-01-04,0.561,0.1,0,0.0
2004-01-05,0.495,0.3625,0,0.0
2004-01-06,0.44,2.9947916667,0,0.0
2004-01-07,0.932,4.3901041667,0,0.0
2004-01-08,0.843,5.0567708333,0,0.0
2004-01-09,1.885,5.3291666667,0,0.0
2004-01-10,2.966,6.0104166667,0,0.0
2004-01-11,3.173,6.2,0,0.0
2004-01-12,3.671,6.7010416667,0,0.0
2004-01-13,4.137,6.875,0,0.0
2004-01-14,6.717,5.7067708333,0,0.0
2004-01-15,5.133,5.9395833333,0,0.0
2004-01-16,5.228,5.3927083333,0,0.0
2004-01-17,4.254,4.2317708333,0,0.0
2004-01-18,3.422,3.74375,0,0.0
2004-01-19,2.239,3.171875,0,0.0
2004-01-20,5.593,1.69375,0,0.0
2004-01-21,7.117,1.1791666667,0,0.0
2004-01-22,3.657,0.9526041667,0,0.0
2004-01-23,2.266,0.1,0,0.0
2004-01-24,1.45,0.7875,0,0.0
2004-01-25,1.057,1.1760416667,0,0.0
2004-01-26,0.935,0.6859375,0,0.0
2004-01-27,0.695,0.8942708333,0,0.0
2004-01-28,0.584,0.3354166667,0,0.0
2004-01-29,0.557,0.3927083333,0,0.0
2004-01-30,0.475,2.2817708333,0,0.0
2004-01-31,0.389,4.759375,0,0.0
2004-02-01,1.878,7.5791666667,0,0.0
2004-02-02,3.43,10.3489583333,0,0.0
2004-02-03,8.707,12.1625,0,0.0
2004-02-04,4.371,12.8833333333,0,0.0
2004-02-05,2.595,13.3244791667,0,0.0
2004-02-06,1.748,12.2963541667,0,0.0
2004-02-07,1.41,9.7359375,0,0.0
2004-02-08,1.113,7.0572916667,0,0.0
2004-02-09,2.24,4.4723958333,0,0.0
2004-02-10,2.289,3.9026041667,0,0.0
2004-02-11,2.424,3.6671875,0,0.0
2004-02-12,5.255,4.4760416667,0,0.0
2004-02-13,3.544,5.3286458333,0,0.0
2004-02-14,2.288,5.11875,0,0.0
2004-02-15,1.654,4.8223958333,0,0.0
2004-02-16,1.158,3.7536458333,0,0.0
2004-02-17,0.853,3.1421875,0,0.0
2004-02-18,0.726,2.13125,0,0.0
2004-02-19,0.589,1.9791666667,0,0.0
2004-02-20,0.5,2.0020833333,0,0.0
2004-02-21,0.437,1.396875,0,0.0
2004-02-22,0.417,0.88125,0,0.0
2004-02-23,0.352,0.5166666667,0,0.0
2004-02-24,0.285,0.1098958333,0,0.0
2004-02-25,0.276,0.1,0,0.0
2004-02-26,0.269,0.1,0,0.0
2004-02-27,0.233,0.1,0,0.0
2004-02-28,0.227,0.1,0,0.0
2004-02-29,0.2,0.1,0,0.0
2004-03-01,0.172,0.1,0,0.0
2004-03-02,0.171,0.2416666667,0,0.0
2004-03-03,0.199,1.7317708333,0,0.0
2004-03-04,0.2,3.0010416667,0,0.0
2004-03-05,0.2,2.3052083333,0,0.0
2004-03-06,0.227,2.4765625,0,0.0
2004-03-07,0.227,2.2046875,0,0.0
2004-03-08,0.235,1.6088541667,0,0.0
2004-03-09,0.262,1.5817708333,0,0.0
2004-03-10,0.269,1.1151041667,0,0.0
2004-03-11,0.274,1.4286458333,0,0.0
2004-03-12,0.269,3.4859375,0,0.0
2004-03-13,0.387,5.8604166667,0,0.0
2004-03-14,0.593,8.5744791667,0,0.0
2004-03-15,0.564,10.8885416667,0,0.0
2004-03-16,0.499,12.3114583333,0,0.0
2004-03-17,0.44,13.3546875,0,0.0
2004-03-18,0.41,13.3614583333,0,0.0
2004-03-19,0.36,13.1536458333,0,0.0
2004-03-20,0.466,11.790625,0,0.0
2004-03-21,0.5,9.9260416667,0,0.0
2004-03-22,0.58,8.078125,0,0.0
2004-03-23,0.862,6.1244791667,0,0.0
2004-03-24,1.058,4.4552083333,0,0.0
2004-03-25,0.799,2.9677083333,0,0.0
2004-03-26,0.637,2.2630208333,0,0.0
2004-03-27,0.548,2.1848958333,0,0.0
2004-03-28,0.44,3.1520833333,0,0.0
2004-03-29,0.365,5.7520833333,0,0.0
2004-03-30,0.315,8.4541666667,0,0.0
2004-03-31,0.286,11.0859375,0,0.0
2004-04-01,0.257,13.04375,0,0.0
2004-04-02,0.231,13.321875,0,0.0
2004-04-03,0.228,13.1567708333,0,0.0
2004-04-04,0.201,11.5458333333,0,0.0
2004-04-05,0.201,9.246875,0,0.0
2004-04-06,0.289,7.4791666667,0,0.0
2004-04-07,0.495,5.9375,0,0.0
2004-04-08,0.961,5.1776041667,0,0.0
2004-04-09,2.119,5.0765625,0,0.0
2004-04-10,1.99,4.8255208333,0,0.0
2004-04-11,1.341,5.0510416667,0,0.0
2004-04-12,0.891,6.0536458333,0,0.0
2004-04-13,0.644,7.2713541667,0,0.0
2004-04-14,0.529,9.0536458333,0,0.0
2004-04-15,0.435,10.90625,0,0.0
2004-04-16,0.355,12.428125,0,0.0
2004-04-17,0.307,12.7708333333,0,0.0
2004-04-18,0.295,12.2947916667,0,0.0
2004-04-19,0.312,11.5026041667,0,0.0
2004-04-20,0.258,11.2541666667,0,0.0
2004-04-21,0.229,12.1317708333,0,0.0
2004-04-22,0.201,12.6182291667,0,0.0
2004-04-23,0.201,12.6020833333,0,0.0
2004-04-24,0.286,11.9604166667,0,0.0
2004-04-25,0.233,11.8161458333,0,0.0
2004-04-26,0.227,12.8046875,0,0.0
2004-04-27,0.227,13.8489583333,0,0.0
2004-04-28,0.227,14.73125,0,0.0
2004-04-29,0.279,15.6244791667,0,0.0
2004-04-30,0.279,15.503125,0,0.0
2004-05-01,0.655,15.2411458333,0,0.0
2004-05-02,0.287,14.48125,0,0.0
2004-05-03,0.283,13.3619791667,0,0.0
2004-05-04,0.3,12.5255208333,0,0.0
2004-05-05,0.279,11.4635416667,0,0.0
2004-05-06,0.253,10.5057291667,0,0.0
2004-05-07,0.275,9.1338541667,0,0.0
2004-05-08,3.476,8.69375,0,0.0
2004-05-09,3.053,9.4770833333,0,0.0
2004-05-10,1.96,10.3005208333,0,0.0
2004-05-11,1.228,11.0114583333,0,0.0
2004-05-12,0.867,11.0098958333,0,0.0
2004-05-13,0.677,10.9026041667,0,0.0
2004-05-14,0.542,11.2083333333,0,0.0
2004-05-15,0.412,11.9994791667,0,0.0
2004-05-16,0.36,13.3760416667,0,0.0
2004-05-17,0.315,14.3729166667,0,0.0
2004-05-18,0.284,15.4177083333,0,0.0
2004-05-19,0.257,16.065625,0,0.0
2004-05-20,0.231,14.928125,0,0.0
2004-05-21,0.23,13.0421875,0,0.0
2004-05-22,0.228,11.2010416667,0,0.0
2004-05-23,0.202,9.7833333333,0,0.0
2004-05-24,0.174,10.1854166667,0,0.0
2004-05-25,0.174,10.9458333333,0,0.0
2004-05-26,0.172,11.0552083333,0,0.0
2004-05-27,0.146,11.5052083333,0,0.0
2004-05-28,0.146,12.4802083333,0,0.0
2004-05-29,0.126,14.0953125,0,0.0
2004-05-30,0.123,15.0895833333,0,0.0
2004-05-31,0.123,16.0390625,0,0.0
2004-06-01,0.201,15.6161458333,0,0.0
2004-06-02,0.124,14.8265625,0,0.0
2004-06-03,0.264,14.6453125,0,0.0
2004-06-04,0.147,13.9390625,0,0.0
2004-06-05,0.163,13.9302083333,0,0.0
2004-06-06,0.147,14.9864583333,0,0.0
2004-06-07,0.124,17.3640625,0,0.0
2004-06-08,0.107,19.6630208333,0,0.0
2004-06-09,0.097,20.8369791667,0,0.0
2004-06-10,0.096,20.2244791667,0,0.0
2004-06-11,0.107,17.934375,0,0.0
2004-06-12,0.096,15.6380208333,0,0.0
2004-06-13,0.172,14.6161458333,0,0.0
2004-06-14,0.124,15.1192708333,0,0.0
2004-06-15,0.108,15.2713541667,0,0.0
2004-06-16,0.097,16.3036458333,0,0.0
2004-06-17,0.097,16.0682291667,0,0.0
2004-06-18,0.097,14.5104166667,0,0.0
2004-06-19,0.108,13.9614583333,0,0.0
2004-06-20,0.097,12.7109375,0,0.0
2004-06-21,0.09,12.9505208333,0,0.0
2004-06-22,0.089,14.3026041667,0,0.0
2004-06-23,0.089,14.9473958333,0,0.0
2004-06-24,0.098,15.1854166667,0,0.0
2004-06-25,0.096,15.31875,0,0.0
2004-06-26,0.089,15.6057291667,0,0.0
2004-06-27,0.089,16.225,0,0.0
2004-06-28,0.089,17.0671875,0,0.0
2004-06-29,0.078,17.9390625,0,0.0
2004-06-30,0.078,17.3692708333,0,0.0
2004-07-01,0.078,16.9432291667,0,0.0
2004-07-02,0.078,16.6296875,0,0.0
2004-07-03,0.096,15.5458333333,0,0.0
2004-07-04,0.147,15.3958333333,0,0.0
2004-07-05,0.097,15.6072916667,0,0.0
2004-07-06,0.088,16.2473958333,0,0.0
2004-07-07,0.079,16.9572916667,0,0.0
2004-07-08,0.088,16.5958333333,0,0.0
2004-07-09,0.088,15.9963541667,0,0.0
2004-07-10,0.221,14.8973958333,0,0.0
2004-07-11,0.125,13.8567708333,0,0.0
2004-07-12,0.108,13.5151041667,0,0.0
2004-07-13,0.146,13.9145833333,0,0.0
2004-07-14,0.123,14.8875,0,0.0
2004-07-15,0.227,16.48125,0,0.0
2004-07-16,0.293,18.3026041667,0,0.0
2004-07-17,0.282,19.3010416667,0,0.0
2004-07-18,0.377,19.7234375,0,0.0
2004-07-19,0.569,19.1859375,0,0.0
2004-07-20,0.397,19.034375,0,0.0
2004-07-21,0.526,19.6598958333,0,0.0
2004-07-22,0.409,20.3505208333,0,0.0
2004-07-23,0.288,20.6234375,0,0.0
2004-07-24,0.442,19.6520833333,0,0.0
2004-07-25,0.298,17.9630208333,0,0.0
2004-07-26,0.246,16.4135416667,0,0.0
2004-07-27,0.228,16.1385416667,0,0.0
2004-07-28,0.153,17.2203125,0,0.0
2004-07-29,0.129,18.8479166667,0,0.0
2004-07-30,0.124,20.2036458333,0,0.0
2004-07-31,0.108,20.8359375,0,0.0
2004-08-01,0.108,20.9677083333,0,0.0
2004-08-02,0.108,21.2572916667,0,0.0
2004-08-03,0.096,21.2583333333,0,0.0
2004-08-04,0.096,22.2151041667,0,0.0
2004-08-05,0.097,23.0140625,0,0.0
2004-08-06,0.088,22.7625,0,0.0
2004-08-07,0.088,23.4088541667,0,0.0
2004-08-08,0.197,23.76875,0,0.0
2004-08-09,0.107,23.3328125,0,0.0
2004-08-10,0.096,23.1848958333,0,0.0
2004-08-11,0.107,22.1984375,0,0.0
2004-08-12,0.15,20.1567708333,0,0.0
2004-08-13,2.078,19.1697916667,0,0.0
2004-08-14,2.131,18.8822916667,0,0.0
2004-08-15,2.642,19.0020833333,0,0.0
2004-08-16,1.422,19.6796875,0,0.0
2004-08-17,0.894,20.4583333333,0,0.0
2004-08-18,0.636,20.5255208333,0,0.0
2004-08-19,1.103,20.0640625,0,0.0
2004-08-20,0.455,18.7473958333,0,0.0
2004-08-21,0.382,17.0760416667,0,0.0
2004-08-22,0.429,16.2161458333,0,0.0
2004-08-23,0.342,15.9958333333,0,0.0
2004-08-24,0.334,16.1921875,0,0.0
2004-08-25,0.321,16.3515625,0,0.0
2004-08-26,0.38,15.8203125,0,0.0
2004-08-27,0.488,15.7104166667,0,0.0
2004-08-28,1.355,16.2520833333,0,0.0
2004-08-29,1.959,16.1088541667,0,0.0
2004-08-30,1.647,15.896875,0,0.0
2004-08-31,1.068,15.1322916667,0,0.0
2004-09-01,0.772,15.0604166667,0,0.0
2004-09-02,0.576,16.1348958333,0,0.0
2004-09-03,0.465,17.640625,0,0.0
2004-09-04,0.369,19.1734375,0,0.0
2004-09-05,0.279,19.6432291667,0,0.0
2004-09-06,0.236,19.7010416667,0,0.0
2004-09-07,0.204,18.9822916667,0,0.0
2004-09-08,0.175,18.2036458333,0,0.0
2004-09-09,0.156,18.0197916667,0,0.0
2004-09-10,0.148,18.0192708333,0,0.0
2004-09-11,0.145,17.7421875,0,0.0
2004-09-12,0.274,17.5161458333,0,0.0
2004-09-13,0.178,16.5390625,0,0.0
2004-09-14,0.164,14.9588541667,0,0.0
2004-09-15,0.148,13.6838541667,0,0.0
2004-09-16,0.202,12.9760416667,0,0.0
2004-09-17,0.148,13.6161458333,0,0.0
2004-09-18,0.125,14.1875,0,0.0
2004-09-19,0.125,14.9708333333,0,0.0
2004-09-20,0.124,15.0130208333,0,0.0
2004-09-21,0.124,13.8291666667,0,0.0
2004-09-22,0.108,12.9661458333,0,0.0
2004-09-23,3.362,12.365625,0,0.0
2004-09-24,4.61,11.9166666667,0,0.0
2004-09-25,2.733,11.9583333333,0,0.0
2004-09-26,1.49,12.4838541667,0,0.0
2004-09-27,1.165,13.4598958333,0,0.0
2004-09-28,1.019,13.8484375,0,0.0
2004-09-29,0.811,13.6776041667,0,0.0
2004-09-30,0.691,13.8010416667,0,0.0
2004-10-01,0.581,13.3880208333,0,0.0
2004-10-02,0.474,13.4921875,0,0.0
2004-10-03,0.405,14.7078125,0,0.0
2004-10-04,0.337,15.6291666667,0,0.0
2004-10-05,0.297,15.3463541667,0,0.0
2004-10-06,0.261,14.7291666667,0,0.0
2004-10-07,0.234,12.8572916667,0,0.0
2004-10-08,0.205,10.6625,0,0.0
2004-10-09,0.203,9.8963541667,0,0.0
2004-10-10,0.175,9.3359375,0,0.0
2004-10-11,0.174,9.0901041667,0,0.0
2004-10-12,0.147,9.1994791667,0,0.0
2004-10-13,0.148,9.6135416667,0,0.0
2004-10-14,0.148,9.8609375,0,0.0
2004-10-15,0.147,9.7447916667,0,0.0
2004-10-16,0.226,9.4614583333,0,0.0
2004-10-17,0.202,9.1005208333,0,0.0
2004-10-18,0.202,9.0036458333,0,0.0
2004-10-19,0.204,10.396875,0,0.0
2004-10-20,0.176,11.5635416667,0,0.0
2004-10-21,0.203,12.2067708333,0,0.0
2004-10-22,0.258,13.8682291667,0,0.0
2004-10-23,0.258,14.6765625,0,0.0
2004-10-24,0.258,14.8536458333,0,0.0
2004-10-25,0.236,13.946875,0,0.0
2004-10-26,0.23,12.0932291667,0,0.0
2004-10-27,0.203,10.9828125,0,0.0
2004-10-28,0.203,10.690625,0,0.0
2004-10-29,0.23,10.99375,0,0.0
2004-10-30,0.203,11.2932291667,0,0.0
2004-10-31,0.179,10.5322916667,0,0.0
2004-11-01,0.175,9.8479166667,0,0.0
2004-11-02,0.15,10.1291666667,0,0.0
2004-11-03,0.15,10.35,0,0.0
2004-11-04,0.147,10.1661458333,0,0.0
2004-11-05,0.173,9.5223958333,0,0.0
2004-11-06,0.147,7.9307291667,0,0.0
2004-11-07,0.201,6.4333333333,0,0.0
2004-11-08,0.173,4.7723958333,0,0.0
2004-11-09,0.173,3.15,0,0.0
2004-11-10,0.173,2.5604166667,0,0.0
2004-11-11,0.228,2.3322916667,0,0.0
2004-11-12,0.254,2.9333333333,0,0.0
2004-11-13,0.402,3.3484375,0,0.0
2004-11-14,1.016,3.5791666667,0,0.0
2004-11-15,0.814,4.5307291667,0,0.0
2004-11-16,0.683,6.0927083333,0,0.0
2004-11-17,0.896,7.4604166667,0,0.0
2004-11-18,3.944,7.3864583333,0,0.0
2004-11-19,20.204,5.8734375,0,0.0
2004-11-20,8.407,3.659375,0,0.0
2004-11-21,4.257,4.0052083333,0,0.0
2004-11-22,2.899,5.1098958333,0,0.0
2004-11-23,4.013,4.7416666667,0,0.0
2004-11-24,3.605,4.6380208333,0,0.0
2004-11-25,2.754,2.8302083333,0,0.0
2004-11-26,1.915,2.8666666667,0,0.0
2004-11-27,1.416,4.7083333333,0,0.0
2004-11-28,1.041,6.0171875,0,0.0
2004-11-29,0.876,6.5729166667,0,0.0
2004-11-30,0.689,5.4291666667,0,0.0
2004-12-01,0.612,4.0317708333,0,0.0
2004-12-02,0.577,2.7510416667,0,0.0
2004-12-03,0.472,1.5453125,0,0.0
2004-12-04,0.425,1.0885416667,0,0.0
2004-12-05,0.382,1.809375,0,0.0
2004-12-06,0.341,2.6036458333,0,0.0
2004-12-07,0.322,3.7598958333,0,0.0
2004-12-08,0.308,3.7729166667,0,0.0
2004-12-09,0.279,2.4791666667,0,0.0
2004-12-10,0.278,0.8270833333,0,0.0
2004-12-11,0.251,0.1,0,0.0
2004-12-12,0.251,0.1,0,0.0
2004-12-13,0.251,0.1,0,0.0
2004-12-14,0.225,0.1,0,0.0
2004-12-15,0.225,0.1,0,0.0
2004-12-16,0.226,1.8864583333,0,0.0
2004-12-17,0.278,3.2364583333,0,0.0
2004-12-18,1.26,3.1083333333,0,0.0
2004-12-19,0.912,1.6395833333,0,0.0
2004-12-20,0.835,0.1,0,0.0
2004-12-21,0.731,0.1,0,0.0
2004-12-22,0.6,0.1,0,0.0
2004-12-23,0.587,2.621875,0,0.0
2004-12-24,2.391,4.9666666667,0,0.0
2004-12-25,2.193,5.59375,0,0.0
2004-12-26,2.349,3.8989583333,0,0.0
2004-12-27,1.795,1.7546875,0,0.0
2004-12-28,1.273,1.1598958333,0,0.0
2004-12-29,1.05,1.734375,0,0.0
2004-12-30,0.803,3.5598958333,0,0.0
2004-12-31,0.8,5.3630208333,0,0.0
2005-01-01,1.77,6.1463541667,0,0.0
2005-01-02,2.466,6.64375,0,0.0
2005-01-03,2.266,6.621875,0,0.0
2005-01-04,1.884,6.315625,0,0.0
2005-01-05,1.494,6.6697916667,0,0.0
2005-01-06,1.444,7.484375,0,0.0
2005-01-07,2.182,7.7838541667,0,0.0
2005-01-08,1.996,8.0677083333,0,0.0
2005-01-09,1.583,9.1473958333,0,0.0
2005-01-10,1.106,9.2692708333,0,0.0
2005-01-11,0.884,9.1635416667,0,0.0
2005-01-12,0.803,8.640625,0,0.0
2005-01-13,0.916,6.5901041667,0,0.0
2005-01-14,0.926,4.2489583333,0,0.0
2005-01-15,0.855,2.6260416667,0,0.0
2005-01-16,0.746,2.478125,0,0.0
2005-01-17,0.638,2.7583333333,0,0.0
2005-01-18,0.7,3.6859375,0,0.0
2005-01-19,2.775,5.5223958333,0,0.0
2005-01-20,3.556,5.6552083333,0,0.0
2005-01-21,25.951,5.4010416667,0,0.0
2005-01-22,8.078,4.7408612543,0,0.0
2005-01-23,4.379,2.3677190723,0,0.0
2005-01-24,2.987,0.4927083333,0,0.0
2005-01-25,1.968,0.1,0,0.0
2005-01-26,1.313,0.1,0,0.0
2005-01-27,0.941,0.1,0,0.0
2005-01-28,0.773,0.1,0,0.0
2005-01-29,0.601,0.1,0,0.0
2005-01-30,0.469,0.4453125,0,0.0
2005-01-31,0.417,1.5932291667,0,0.0
2005-02-01,2.222,3.3911458333,0,0.0
2005-02-02,1.83,4.6291666667,0,0.0
2005-02-03,1.681,4.1666666667,0,0.0
2005-02-04,1.428,3.65625,0,0.0
2005-02-05,1.291,2.6359375,0,0.0
2005-02-06,1.041,1.3411458333,0,0.0
2005-02-07,0.81,0.6666666667,0,0.0
2005-02-08,0.649,1.1682291667,0,0.0
2005-02-09,0.509,2.7979166667,0,0.0
2005-02-10,0.398,4.8364583333,0,0.0
2005-02-11,4.075,6.9661458333,0,0.0
2005-02-12,9.397,6.7302083333,0,0.0
2005-02-13,13.916,5.3395833333,0,0.0
2005-02-14,7.343,3.3390625,0,0.0
2005-02-15,4.552,0.8265625,0,0.0
2005-02-16,3.164,0.1,0,0.0
2005-02-17,2.239,0.1,0,0.0
2005-02-18,1.576,0.1,0,0.0
2005-02-19,1.271,0.1,0,0.0
2005-02-20,0.957,0.2114583333,0,0.0
2005-02-21,0.777,0.225,0,0.0
2005-02-22,0.653,0.1,0,0.0
2005-02-23,0.53,0.1,0,0.0
2005-02-24,0.492,0.1,0,0.0
2005-02-25,0.431,0.1,0,0.0
2005-02-26,0.385,0.1,0,0.0
2005-02-27,0.373,0.1,0,0.0
2005-02-28,0.228,0.1,0,0.0
2005-03-01,0.267,0.1,0,0.0
2005-03-02,0.27,0.1,0,0.0
2005-03-03,0.255,0.1,0,0.0
2005-03-04,0.216,0.1,0,0.0
2005-03-05,0.206,0.1,0,0.0
2005-03-06,0.179,0.1,0,0.0
2005-03-07,0.176,0.625,0,0.0
2005-03-08,0.176,1.8453125,0,0.0
2005-03-09,0.298,2.5994791667,0,0.0
2005-03-10,0.551,3.165625,0,0.0
2005-03-11,0.785,2.7255208333,0,0.0
2005-03-12,3.727,2.8729166667,0,0.0
2005-03-13,3.704,3.9286458333,0,0.0
2005-03-14,3.402,5,0,0.0
2005-03-15,2.763,8.16875,0,0.0
2005-03-16,2.193,10.7395833333,0,0.0
2005-03-17,2.009,12.6354166667,0,0.0
2005-03-18,1.411,13.4432291667,0,0.0
2005-03-19,0.981,12.2666666667,0,0.0
2005-03-20,0.723,11.0640625,0,0.0
2005-03-21,0.573,11.075,0,0.0
2005-03-22,0.463,11.6098958333,0,0.0
2005-03-23,0.409,12.3651041667,0,0.0
2005-03-24,0.343,12.7005208333,0,0.0
2005-03-25,0.296,12.7208333333,0,0.0
2005-03-26,0.323,12.5375,0,0.0
2005-03-27,0.344,12.2171875,0,0.0
2005-03-28,0.419,12.1864583333,0,0.0
2005-03-29,0.34,11.8994791667,0,0.0
2005-03-30,0.308,11.5802083333,0,0.0
2005-03-31,0.294,11.1265625,0,0.0
2005-04-01,0.261,11.246875,0,0.0
2005-04-02,0.219,12.0296875,0,0.0
2005-04-03,0.208,12.8072916667,0,0.0
2005-04-04,0.18,12.7348958333,0,0.0
2005-04-05,0.179,12.2338541667,0,0.0
2005-04-06,0.179,11.0354166667,0,0.0
2005-04-07,0.18,9.1380208333,0,0.0
2005-04-08,0.259,7.771875,0,0.0
2005-04-09,0.251,7.1203125,0,0.0
2005-04-10,0.24,6.2947916667,0,0.0
2005-04-11,0.244,6.9723958333,0,0.0
2005-04-12,0.24,8.9484375,0,0.0
2005-04-13,0.266,10.50625,0,0.0
2005-04-14,0.267,12.1390625,0,0.0
2005-04-15,0.241,12.1041666667,0,0.0
2005-04-16,0.241,11.9244791667,0,0.0
2005-04-17,0.242,11.7770833333,0,0.0
2005-04-18,0.212,10.6265625,0,0.0
2005-04-19,0.184,10.5135416667,0,0.0
2005-04-20,1.198,9.3416666667,0,0.0
2005-04-21,2.327,8.3421875,0,0.0
2005-04-22,1.705,9.0953125,0,0.0
2005-04-23,1.064,10.1192708333,0,0.0
2005-04-24,0.731,11.5046875,0,0.0
2005-04-25,0.888,12.4963541667,0,0.0
2005-04-26,2.145,12.4453125,0,0.0
2005-04-27,1.46,12.3708333333,0,0.0
2005-04-28,1.26,12.8088541667,0,0.0
2005-04-29,0.997,13.8265625,0,0.0
2005-04-30,0.944,16.2260416667,0,0.0
2005-05-01,0.789,18.0755208333,0,0.0
2005-05-02,0.634,18.1755208333,0,0.0
2005-05-03,0.553,17.2536458333,0,0.0
2005-05-04,0.612,14.7380208333,0,0.0
2005-05-05,0.797,12.2807291667,0,0.0
2005-05-06,0.688,10.6494791667,0,0.0
2005-05-07,0.77,9.13125,0,0.0
2005-05-08,1.748,8.0619791667,0,0.0
2005-05-09,2.617,7.1338541667,0,0.0
2005-05-10,2.559,6.96875,0,0.0
2005-05-11,2.039,7.6984375,0,0.0
2005-05-12,1.432,9.115625,0,0.0
2005-05-13,1.05,10.1505208333,0,0.0
2005-05-14,0.763,10.5098958333,0,0.0
2005-05-15,0.698,10.9020833333,0,0.0
2005-05-16,0.612,9.7333333333,0,0.0
2005-05-17,0.478,8.8796875,0,0.0
2005-05-18,0.414,9.8885416667,0,0.0
2005-05-19,0.355,11.3859375,0,0.0
2005-05-20,0.304,13.6447916667,0,0.0
2005-05-21,0.294,15.846875,0,0.0
2005-05-22,0.293,16.0875,0,0.0
2005-05-23,0.291,15.2729166667,0,0.0
2005-05-24,0.26,15.9625,0,0.0
2005-05-25,0.261,17.4708333333,0,0.0
2005-05-26,0.235,20.0213541667,0,0.0
2005-05-27,0.206,22.8078125,0,0.0
2005-05-28,0.206,22.8359375,0,0.0
2005-05-29,0.178,20.2395833333,0,0.0
2005-05-30,0.158,17.234375,0,0.0
2005-05-31,0.28,14.0276041667,0,0.0
2005-06-01,0.178,13.2364583333,0,0.0
2005-06-02,0.15,15.1703125,0,0.0
2005-06-03,0.125,15.8421875,0,0.0
2005-06-04,0.116,16.2234375,0,0.0
2005-06-05,0.125,15.20625,0,0.0
2005-06-06,0.214,12.8489583333,0,0.0
2005-06-07,0.149,11.7692708333,0,0.0
2005-06-08,0.126,11.3328125,0,0.0
2005-06-09,0.108,11.615625,0,0.0
2005-06-10,0.108,11.7692708333,0,0.0
2005-06-11,0.097,12.140625,0,0.0
2005-06-12,0.097,12.4880208333,0,0.0
2005-06-13,0.097,12.9848958333,0,0.0
2005-06-14,0.097,15.0078125,0,0.0
2005-06-15,0.088,17.00625,0,0.0
2005-06-16,0.088,18.440625,0,0.0
2005-06-17,0.084,19.8567708333,0,0.0
2005-06-18,0.088,20.5859375,0,0.0
2005-06-19,0.079,21.81875,0,0.0
2005-06-20,0.067,22.75,0,0.0
2005-06-21,0.067,22.5869791667,0,0.0
2005-06-22,0.056,22.9619791667,0,0.0
2005-06-23,0.054,23.3864583333,0,0.0
2005-06-24,0.054,23.0661458333,0,0.0
2005-06-25,0.054,22.8911458333,0,0.0
2005-06-26,0.079,22.2489583333,0,0.0
2005-06-27,0.054,21.2010416667,0,0.0
2005-06-28,0.05,20.815625,0,0.0
2005-06-29,0.042,20.4057291667,0,0.0
2005-06-30,0.151,19.4682291667,0,0.0
2005-07-01,0.546,18.3026041667,0,0.0
2005-07-02,0.492,18.665625,0,0.0
2005-07-03,0.251,18.9510416667,0,0.0
2005-07-04,0.133,18.4338541667,0,0.0
2005-07-05,0.182,17.7505208333,0,0.0
2005-07-06,0.13,15.9552083333,0,0.0
2005-07-07,0.127,14.7963541667,0,0.0
2005-07-08,0.109,15.2255208333,0,0.0
2005-07-09,0.151,16.8755208333,0,0.0
2005-07-10,0.109,18.4609375,0,0.0
2005-07-11,0.098,20.1713541667,0,0.0
2005-07-12,0.097,21.5682291667,0,0.0
2005-07-13,0.088,21.7427083333,0,0.0
2005-07-14,0.08,22.15,0,0.0
2005-07-15,0.079,21.7703125,0,0.0
2005-07-16,0.079,20.9833333333,0,0.0
2005-07-17,0.076,20.740625,0,0.0
2005-07-18,0.067,19.8354166667,0,0.0
2005-07-19,0.067,19.125,0,0.0
2005-07-20,0.067,18.290625,0,0.0
2005-07-21,0.068,16.5869791667,0,0.0
2005-07-22,0.079,15.6322916667,0,0.0
2005-07-23,0.087,15.5692708333,0,0.0
2005-07-24,0.079,16.3557291667,0,0.0
2005-07-25,0.079,17.0609375,0,0.0
2005-07-26,0.234,18.515625,0,0.0
2005-07-27,0.099,20.1432291667,0,0.0
2005-07-28,0.18,20.9286458333,0,0.0
2005-07-29,0.304,21.0395833333,0,0.0
2005-07-30,0.181,19.7432291667,0,0.0
2005-07-31,0.151,18.1401041667,0,0.0
2005-08-01,0.177,16.5744791667,0,0.0
2005-08-02,0.128,16.1213541667,0,0.0
2005-08-03,0.11,16.1833333333,0,0.0
2005-08-04,0.127,15.7765625,0,0.0
2005-08-05,0.098,15.28125,0,0.0
2005-08-06,0.237,14.5088541667,0,0.0
2005-08-07,0.304,14.084375,0,0.0
2005-08-08,0.209,14.0708333333,0,0.0
2005-08-09,0.26,14.290625,0,0.0
2005-08-10,0.234,15.2453125,0,0.0
2005-08-11,0.234,15.821875,0,0.0
2005-08-12,0.207,15.9359375,0,0.0
2005-08-13,0.509,15.9578125,0,0.0
2005-08-14,0.301,15.5432291667,0,0.0
2005-08-15,1.495,15.3760416667,0,0.0
2005-08-16,2.356,15.9432291667,0,0.0
2005-08-17,1.47,17.5755208333,0,0.0
2005-08-18,0.821,18.9213541667,0,0.0
2005-08-19,0.51,19.2411458333,0,0.0
2005-08-20,0.662,18.6947916667,0,0.0
2005-08-21,0.391,17.6333333333,0,0.0
2005-08-22,0.319,16.7401041667,0,0.0
2005-08-23,0.291,16.5864583333,0,0.0
2005-08-24,0.264,16.1296875,0,0.0
2005-08-25,0.211,15.4192708333,0,0.0
2005-08-26,0.33,14.9625,0,0.0
2005-08-27,0.238,14.665625,0,0.0
2005-08-28,0.208,15.6109375,0,0.0
2005-08-29,0.179,17.0067708333,0,0.0
2005-08-30,0.152,18.7234375,0,0.0
2005-08-31,0.152,20.278125,0,0.0
2005-09-01,0.127,20.6369791667,0,0.0
2005-09-02,0.127,20.48125,0,0.0
2005-09-03,0.111,19.7869791667,0,0.0
2005-09-04,0.109,19.4625,0,0.0
2005-09-05,0.099,19.8192708333,0,0.0
2005-09-06,0.098,20.2661458333,0,0.0
2005-09-07,0.098,20.9994791667,0,0.0
2005-09-08,0.097,21.0364583333,0,0.0
2005-09-09,0.213,20.8927083333,0,0.0
2005-09-10,0.109,20.0817708333,0,0.0
2005-09-11,0.099,18.7661458333,0,0.0
2005-09-12,0.099,17.3255208333,0,0.0
2005-09-13,0.099,16.2796875,0,0.0
2005-09-14,0.09,16.3979166667,0,0.0
2005-09-15,0.099,15.5453125,0,0.0
2005-09-16,1.31,14.2026041667,0,0.0
2005-09-17,0.227,12.8109375,0,0.0
2005-09-18,0.171,11.003125,0,0.0
2005-09-19,0.131,10.4786458333,0,0.0
2005-09-20,0.111,11.290625,0,0.0
2005-09-21,0.111,12.046875,0,0.0
2005-09-22,0.099,13.090625,0,0.0
2005-09-23,0.099,13.8208333333,0,0.0
2005-09-24,0.09,14.6796875,0,0.0
2005-09-25,0.098,15.2447916667,0,0.0
2005-09-26,0.09,15.5989583333,0,0.0
2005-09-27,0.09,15.5125,0,0.0
2005-09-28,0.091,14.4864583333,0,0.0
2005-09-29,0.09,13.5765625,0,0.0
2005-09-30,0.099,12.409375,0,0.0
2005-10-01,0.09,11.5453125,0,0.0
2005-10-02,0.238,10.8052083333,0,0.0
2005-10-03,0.183,11.0286458333,0,0.0
2005-10-04,0.155,11.7026041667,0,0.0
2005-10-05,0.13,12.8536458333,0,0.0
2005-10-06,0.129,14.1291666667,0,0.0
2005-10-07,0.111,14.2744791667,0,0.0
2005-10-08,0.111,14.3625,0,0.0
2005-10-09,0.111,14.2604166667,0,0.0
2005-10-10,0.101,14.2901041667,0,0.0
2005-10-11,0.1,14.7182291667,0,0.0
2005-10-12,0.099,14.5083333333,0,0.0
2005-10-13,0.099,14.13125,0,0.0
2005-10-14,0.091,13.7057291667,0,0.0
2005-10-15,0.091,12.7010416667,0,0.0
2005-10-16,0.091,11.4494791667,0,0.0
2005-10-17,0.09,10.6473958333,0,0.0
2005-10-18,0.089,9.5291666667,0,0.0
2005-10-19,0.081,9.6895833333,0,0.0
2005-10-20,0.099,10.9734375,0,0.0
2005-10-21,0.09,12.0328125,0,0.0
2005-10-22,0.099,13.0541666667,0,0.0
2005-10-23,0.203,13.0979166667,0,0.0
2005-10-24,0.338,13.2072916667,0,0.0
2005-10-25,1.457,13.4817708333,0,0.0
2005-10-26,1.914,14.5609375,0,0.0
2005-10-27,1.303,15.7765625,0,0.0
2005-10-28,0.722,16.0208333333,0,0.0
2005-10-29,0.484,16.0489583333,0,0.0
2005-10-30,0.346,15.75,0,0.0
2005-10-31,0.27,14.7526041667,0,0.0
2005-11-01,0.239,13.7776041667,0,0.0
2005-11-02,0.212,13.8130208333,0,0.0
2005-11-03,0.275,13.2619791667,0,0.0
2005-11-04,0.325,12.1182291667,0,0.0
2005-11-05,0.698,11.6921875,0,0.0
2005-11-06,0.796,10.0901041667,0,0.0
2005-11-07,0.791,9.6588541667,0,0.0
2005-11-08,0.835,10.33125,0,0.0
2005-11-09,0.752,10.2140625,0,0.0
2005-11-10,0.583,10.4932291667,0,0.0
2005-11-11,0.441,9.8953125,0,0.0
2005-11-12,0.416,9.253125,0,0.0
2005-11-13,0.317,8.1052083333,0,0.0
2005-11-14,0.271,7.2078125,0,0.0
2005-11-15,0.24,6.3869791667,0,0.0
2005-11-16,0.441,5.4395833333,0,0.0
2005-11-17,0.457,4.9239583333,0,0.0
2005-11-18,0.524,3.4276041667,0,0.0
2005-11-19,0.464,2.9541666667,0,0.0
2005-11-20,0.419,2.7260416667,0,0.0
2005-11-21,0.359,1.7395833333,0,0.0
2005-11-22,0.31,1.1296875,0,0.0
2005-11-23,0.246,0.4098958333,0,0.0
2005-11-24,0.238,0.1,0,0.0
2005-11-25,0.272,0.6375,0,0.0
2005-11-26,0.271,1.4541666667,0,0.0
2005-11-27,0.269,1.6505208333,0,0.0
2005-11-28,0.27,2.0354166667,0,0.0
2005-11-29,0.274,2.3322916667,0,0.0
2005-11-30,0.357,2.3713541667,0,0.0
2005-12-01,0.461,2.4125,0,0.0
2005-12-02,0.527,3.1041666667,0,0.0
2005-12-03,0.621,4.2697916667,0,0.0
2005-12-04,0.921,5.459375,0,0.0
2005-12-05,8.19,6.2572916667,0,0.0
2005-12-06,5.661,6.1088541667,0,0.0
2005-12-07,3.36,5.125,0,0.0
2005-12-08,2.603,4.3598958333,0,0.0
2005-12-09,1.786,3.0088541667,0,0.0
2005-12-10,1.219,1.65625,0,0.0
2005-12-11,0.836,1.3572916667,0,0.0
2005-12-12,0.672,1.3552083333,0,0.0
2005-12-13,0.568,2.7052083333,0,0.0
2005-12-14,0.451,4.1630208333,0,0.0
2005-12-15,0.416,4.9541666667,0,0.0
2005-12-16,0.462,4.4385416667,0,0.0
2005-12-17,3.957,3.5880208333,0,0.0
2005-12-18,2.675,2.584375,0,0.0
2005-12-19,1.734,2.0953125,0,0.0
2005-12-20,1.293,2.5817708333,0,0.0
2005-12-21,1.227,3.5130208333,0,0.0
2005-12-22,1.454,4.7104166667,0,0.0
2005-12-23,1.72,5.3963541667,0,0.0
2005-12-24,2.24,5.5078125,0,0.0
2005-12-25,2.01,4.471875,0,0.0
2005-12-26,1.528,2.321875,0,0.0
2005-12-27,1.186,0.1708333333,0,0.0
2005-12-28,0.88,0.1,0,0.0
2005-12-29,0.69,0.1,0,0.0
2005-12-30,0.585,0.1,0,0.0
2005-12-31,0.529,0.965625,0,0.0
2006-01-01,0.574,2.115625,0,0.0
2006-01-02,0.627,2.88125,0,0.0
2006-01-03,0.627,2.0390625,0,0.0
2006-01-04,0.587,1.3286458333,0,0.0
2006-01-05,0.556,1.1817708333,0,0.0
2006-01-06,0.505,1.7322916667,0,0.0
2006-01-07,0.439,2.1567708333,0,0.0
2006-01-08,0.381,1.6416666667,0,0.0
2006-01-09,0.329,0.9822916667,0,0.0
2006-01-10,0.283,0.4140625,0,0.0
2006-01-11,0.27,0.4083333333,0,0.0
2006-01-12,0.242,0.6817708333,0,0.0
2006-01-13,0.237,1.053125,0,0.0
2006-01-14,0.209,0.1,0,0.0
2006-01-15,0.208,0.1,0,0.0
2006-01-16,0.179,0.1,0,0.0
2006-01-17,0.179,0.7916666667,0,0.0
2006-01-18,0.599,2.5125,0,0.0
2006-01-19,0.547,4.3109375,0,0.0
2006-01-20,0.447,4.8703125,0,0.0
2006-01-21,1.091,3.8942708333,0,0.0
2006-01-22,1.805,2.0536458333,0,0.0
2006-01-23,1.639,0.1,0,0.0
2006-01-24,1.249,0.1,0,0.0
2006-01-25,0.914,0.1,0,0.0
2006-01-26,0.727,0.1,0,0.0
2006-01-27,0.544,0.1,0,0.0
2006-01-28,0.427,0.1,0,0.0
2006-01-29,0.337,0.1,0,0.0
2006-01-30,0.283,0.1,0,0.0
2006-01-31,0.248,0.1,0,0.0
2006-02-01,0.24,0.1,0,0.0
2006-02-02,0.209,0.1,0,0.0
2006-02-03,0.182,0.1,0,0.0
2006-02-04,0.18,0.1,0,0.0
2006-02-05,0.18,0.1,0,0.0
2006-02-06,0.153,1.578125,0,0.0
2006-02-07,0.152,2.7442708333,0,0.0
2006-02-08,0.515,3.2916666667,0,0.0
2006-02-09,2.099,3.296875,0,0.0
2006-02-10,1.584,2.3171875,0,0.0
2006-02-11,1.118,1.6770833333,0,0.0
2006-02-12,0.866,1.6723958333,0,0.0
2006-02-13,0.725,2.1604166667,0,0.0
2006-02-14,0.583,3.459375,0,0.0
2006-02-15,0.544,4.8140625,0,0.0
2006-02-16,3.911,5.7473958333,0,0.0
2006-02-17,4.813,6.0010416667,0,0.0
2006-02-18,3.361,5.9786458333,0,0.0
2006-02-19,3.53,5.121875,0,0.0
2006-02-20,3.01,4.3364583333,0,0.0
2006-02-21,2.15,3.6229166667,0,0.0
2006-02-22,1.496,2.165625,0,0.0
2006-02-23,1.07,1.871875,0,0.0
2006-02-24,0.864,1.0411458333,0,0.0
2006-02-25,0.682,0.11875,0,0.0
2006-02-26,0.554,0.1,0,0.0
2006-02-27,0.462,0.1,0,0.0
2006-02-28,0.412,0.1,0,0.0
2006-03-01,0.402,0.1,0,0.0
2006-03-02,0.329,0.1,0,0.0
2006-03-03,0.281,0.1,0,0.0
2006-03-04,0.246,0.1,0,0.0
2006-03-05,0.238,0.2104166667,0,0.0
2006-03-06,0.211,0.7739583333,0,0.0
2006-03-07,0.179,1.3380208333,0,0.0
2006-03-08,0.181,3.2854166667,0,0.0
2006-03-09,1.547,4.0197916667,0,0.0
2006-03-10,10.639,3.6916666667,0,0.0
2006-03-11,8.558,2.2677083333,0,0.0
2006-03-12,4.717,0.1,0,0.0
2006-03-13,2.782,0.1,0,0.0
2006-03-14,1.862,0.1,0,0.0
2006-03-15,1.277,0.1807291667,0,0.0
2006-03-16,0.933,1.4041666667,0,0.0
2006-03-17,0.726,2.3895833333,0,0.0
2006-03-18,0.618,2.590625,0,0.0
2006-03-19,0.56,2.3755208333,0,0.0
2006-03-20,0.54,2.5510416667,0,0.0
2006-03-21,0.508,2.1791666667,0,0.0
2006-03-22,0.444,2.35,0,0.0
2006-03-23,0.383,3.6260416667,0,0.0
2006-03-24,0.349,5.7557291667,0,0.0
2006-03-25,0.366,8.690625,0,0.0
2006-03-26,0.542,11.3911458333,0,0.0
2006-03-27,1.84,12.4546875,0,0.0
2006-03-28,2.212,11.5557291667,0,0.0
2006-03-29,2.054,10.9114583333,0,0.0
2006-03-30,1.747,10.3151041667,0,0.0
2006-03-31,8.984,10.4041666667,0,0.0
2006-04-01,8.205,10.9791666667,0,0.0
2006-04-02,6.102,10.10625,0,0.0
2006-04-03,4.163,8.5333333333,0,0.0
2006-04-04,2.657,6.4661458333,0,0.0
2006-04-05,1.838,5.0822916667,0,0.0
2006-04-06,1.341,4.89375,0,0.0
2006-04-07,0.972,5.7395833333,0,0.0
2006-04-08,0.755,6.7921875,0,0.0
2006-04-09,0.744,7.0302083333,0,0.0
2006-04-10,0.492,6.4963541667,0,0.0
2006-04-11,0.417,6.021875,0,0.0
2006-04-12,0.367,6.5953125,0,0.0
2006-04-13,0.396,7.6302083333,0,0.0
2006-04-14,0.679,9.0333333333,0,0.0
2006-04-15,0.6,10.178125,0,0.0
2006-04-16,0.767,10.4130208333,0,0.0
2006-04-17,1.688,10.509375,0,0.0
2006-04-18,1.973,10.353125,0,0.0
2006-04-19,1.655,10.2057291667,0,0.0
2006-04-20,1.168,11.1723958333,0,0.0
2006-04-21,0.842,11.1864583333,0,0.0
2006-04-22,0.656,10.9625,0,0.0
2006-04-23,0.536,11.5807291667,0,0.0
2006-04-24,0.447,12.3791666667,0,0.0
2006-04-25,0.374,13.2375,0,0.0
2006-04-26,0.335,13.9776041667,0,0.0
2006-04-27,0.288,12.903125,0,0.0
2006-04-28,0.25,10.1239583333,0,0.0
2006-04-29,0.229,7.9598958333,0,0.0
2006-04-30,0.286,6.9177083333,0,0.0
2006-05-01,0.49,8.1817708333,0,0.0
2006-05-02,0.398,11.5526041667,0,0.0
2006-05-03,0.343,15.2380208333,0,0.0
2006-05-04,0.32,17.8807291667,0,0.0
2006-05-05,0.301,18.69375,0,0.0
2006-05-06,0.277,18.4755208333,0,0.0
2006-05-07,0.25,18.0901041667,0,0.0
2006-05-08,0.233,17.54375,0,0.0
2006-05-09,0.219,17.3770833333,0,0.0
2006-05-10,0.203,17.0057291667,0,0.0
2006-05-11,0.184,16.9385416667,0,0.0
2006-05-12,0.168,16.5953125,0,0.0
2006-05-13,0.167,15.4947916667,0,0.0
2006-05-14,0.17,15.2067708333,0,0.0
2006-05-15,0.15,15.1348958333,0,0.0
2006-05-16,0.121,15.4072916667,0,0.0
2006-05-17,0.112,16.2677083333,0,0.0
2006-05-18,0.112,15.5822916667,0,0.0
2006-05-19,0.155,14.1244791667,0,0.0
2006-05-20,0.245,13.7739583333,0,0.0
2006-05-21,0.635,13.5963541667,0,0.0
2006-05-22,0.425,13.1802083333,0,0.0
2006-05-23,0.542,13.0708333333,0,0.0
2006-05-24,0.557,12.2020833333,0,0.0
2006-05-25,0.527,11.5932291667,0,0.0
2006-05-26,1.725,12.4677083333,0,0.0
2006-05-27,11.105,13.1140625,0,0.0
2006-05-28,11.442,12.7239583333,0,0.0
2006-05-29,5.853,11.5338541667,0,0.0
2006-05-30,3.294,9.9338541667,0,0.0
2006-05-31,2.131,8.753125,0,0.0
2006-06-01,1.453,9.3166666667,0,0.0
2006-06-02,1.025,10.6182291667,0,0.0
2006-06-03,0.727,11.6588541667,0,0.0
2006-06-04,0.749,12.2557291667,0,0.0
2006-06-05,0.486,12.3098958333,0,0.0
2006-06-06,0.417,12.6177083333,0,0.0
2006-06-07,0.334,13.5755208333,0,0.0
2006-06-08,0.252,15.440625,0,0.0
2006-06-09,0.24,17.5760416667,0,0.0
2006-06-10,0.221,19.3619791667,0,0.0
2006-06-11,0.199,20.778125,0,0.0
2006-06-12,0.153,22.08125,0,0.0
2006-06-13,0.131,22.7072916667,0,0.0
2006-06-14,0.129,21.9265625,0,0.0
2006-06-15,0.109,20.2390625,0,0.0
2006-06-16,0.127,18.2666666667,0,0.0
2006-06-17,0.125,17.8010416667,0,0.0
2006-06-18,0.1,18.4114583333,0,0.0
2006-06-19,0.291,19.8109375,0,0.0
2006-06-20,0.515,20.7572916667,0,0.0
2006-06-21,0.269,19.2854166667,0,0.0
2006-06-22,0.25,18.0921875,0,0.0
2006-06-23,0.215,17.7885416667,0,0.0
2006-06-24,0.156,18.2614583333,0,0.0
2006-06-25,0.131,19.5234375,0,0.0
2006-06-26,0.152,19.6083333333,0,0.0
2006-06-27,0.113,19.165625,0,0.0
2006-06-28,0.128,18.4911458333,0,0.0
2006-06-29,0.1,18.8765625,0,0.0
2006-06-30,0.099,20.4130208333,0,0.0
2006-07-01,0.1,21.8546875,0,0.0
2006-07-02,0.096,22.9760416667,0,0.0
2006-07-03,0.096,23.7390625,0,0.0
2006-07-04,0.094,24.0140625,0,0.0
2006-07-05,0.091,23.6171875,0,0.0
2006-07-06,0.115,22.7864583333,0,0.0
2006-07-07,0.098,21.625,0,0.0
2006-07-08,0.094,21.2041666667,0,0.0
2006-07-09,0.089,20.9130208333,0,0.0
2006-07-10,0.101,21.3875,0,0.0
2006-07-11,0.089,22.0536458333,0,0.0
2006-07-12,0.119,22.5354166667,0,0.0
2006-07-13,0.092,22.2380208333,0,0.0
2006-07-14,0.085,21.85,0,0.0
2006-07-15,0.081,21.803125,0,0.0
2006-07-16,0.079,21.5958333333,0,0.0
2006-07-17,0.074,22.971875,0,0.0
2006-07-18,0.072,24.6505208333,0,0.0
2006-07-19,0.069,25.7369791667,0,0.0
2006-07-20,0.065,26.5375,0,0.0
2006-07-21,0.068,25.9067708333,0,0.0
2006-07-22,0.066,25.1072916667,0,0.0
2006-07-23,0.077,24.3177083333,0,0.0
2006-07-24,0.067,24.5145833333,0,0.0
2006-07-25,0.062,25.5390625,0,0.0
2006-07-26,0.056,25.7104166667,0,0.0
2006-07-27,0.075,25.2328125,0,0.0
2006-07-28,0.064,24.11875,0,0.0
2006-07-29,0.133,22.978125,0,0.0
2006-07-30,0.083,21.8276041667,0,0.0
2006-07-31,0.078,20.9135416667,0,0.0
2006-08-01,0.056,19.55,0,0.0
2006-08-02,0.141,17.8666666667,0,0.0
2006-08-03,0.148,17.1244791667,0,0.0
2006-08-04,0.091,17.1458333333,0,0.0
2006-08-05,0.082,17.88125,0,0.0
2006-08-06,0.07,18.6744791667,0,0.0
2006-08-07,0.071,18.6963541667,0,0.0
2006-08-08,0.059,18.1401041667,0,0.0
2006-08-09,0.069,16.4380208333,0,0.0
2006-08-10,0.078,15.0447916667,0,0.0
2006-08-11,0.128,14.1114583333,0,0.0
2006-08-12,0.099,13.4854166667,0,0.0
2006-08-13,0.09,13.68125,0,0.0
2006-08-14,0.09,14.3854166667,0,0.0
2006-08-15,0.107,15.2369791667,0,0.0
2006-08-16,0.254,16.5927083333,0,0.0
2006-08-17,0.101,17.8239583333,0,0.0
2006-08-18,0.091,18.5182291667,0,0.0
2006-08-19,0.093,18.5479166667,0,0.0
2006-08-20,0.092,17.83125,0,0.0
2006-08-21,0.144,17.0838541667,0,0.0
2006-08-22,0.205,16.4640625,0,0.0
2006-08-23,0.132,16.2645833333,0,0.0
2006-08-24,0.102,16.0947916667,0,0.0
2006-08-25,0.13,16.1505208333,0,0.0
2006-08-26,0.101,15.9651041667,0,0.0
2006-08-27,0.101,15.1322916667,0,0.0
2006-08-28,0.161,14.4161458333,0,0.0
2006-08-29,0.835,13.4859375,0,0.0
2006-08-30,0.535,13.3958333333,0,0.0
2006-08-31,0.494,15.075,0,0.0
2006-09-01,0.391,16.7244791667,0,0.0
2006-09-02,0.316,18.8557291667,0,0.0
2006-09-03,0.248,20.0359375,0,0.0
2006-09-04,0.449,19.3791666667,0,0.0
2006-09-05,0.285,19.5541666667,0,0.0
2006-09-06,0.279,18.3338541667,0,0.0
2006-09-07,0.25,16.6770833333,0,0.0
2006-09-08,0.22,16.0494791667,0,0.0
2006-09-09,0.178,15.5796875,0,0.0
2006-09-10,0.131,16.7036458333,0,0.0
2006-09-11,0.113,18.9541666667,0,0.0
2006-09-12,0.101,20.9505208333,0,0.0
2006-09-13,0.1,21.7557291667,0,0.0
2006-09-14,0.092,22.1026041667,0,0.0
2006-09-15,0.092,21.6609375,0,0.0
2006-09-16,0.083,20.5567708333,0,0.0
2006-09-17,0.082,19.271875,0,0.0
2006-09-18,0.119,17.4984375,0,0.0
2006-09-19,0.111,16.0041666667,0,0.0
2006-09-20,0.101,16.1333333333,0,0.0
2006-09-21,0.092,17.1473958333,0,0.0
2006-09-22,0.081,18.3322916667,0,0.0
2006-09-23,0.09,19.4489583333,0,0.0
2006-09-24,0.089,18.8796875,0,0.0
2006-09-25,0.087,17.8411458333,0,0.0
2006-09-26,0.081,16.9166666667,0,0.0
2006-09-27,0.081,16.2270833333,0,0.0
2006-09-28,0.07,16.46875,0,0.0
2006-09-29,0.084,16.821875,0,0.0
2006-09-30,0.088,17.1802083333,0,0.0
2006-10-01,0.08,17.1364583333,0,0.0
2006-10-02,0.08,16.2109375,0,0.0
2006-10-03,0.07,14.9453125,0,0.0
2006-10-04,0.069,13.8822916667,0,0.0
2006-10-05,0.101,13.6166666667,0,0.0
2006-10-06,0.096,13.4005208333,0,0.0
2006-10-07,0.424,13.1052083333,0,0.0
2006-10-08,0.286,13.3015625,0,0.0
2006-10-09,0.209,13.3088541667,0,0.0
2006-10-10,0.179,13.8864583333,0,0.0
2006-10-11,0.152,15.1640625,0,0.0
2006-10-12,0.128,15.4567708333,0,0.0
2006-10-13,0.111,14.8401041667,0,0.0
2006-10-14,0.128,13.7083333333,0,0.0
2006-10-15,0.103,12.0375,0,0.0
2006-10-16,0.099,11.1036458333,0,0.0
2006-10-17,0.099,11.3869791667,0,0.0
2006-10-18,0.097,12.2354166667,0,0.0
2006-10-19,0.099,13.7260416667,0,0.0
2006-10-20,0.098,14.7619791667,0,0.0
2006-10-21,0.141,15.1588541667,0,0.0
2006-10-22,0.099,15.759375,0,0.0
2006-10-23,0.099,15.2890625,0,0.0
2006-10-24,2.542,14.6213541667,0,0.0
2006-10-25,1.476,15.2572916667,0,0.0
2006-10-26,1.086,14.9828125,0,0.0
2006-10-27,0.618,15.003125,0,0.0
2006-10-28,0.4,15.39375,0,0.0
2006-10-29,0.314,13.7958333333,0,0.0
2006-10-30,0.272,12.7645833333,0,0.0
2006-10-31,0.236,10.9442708333,0,0.0
2006-11-01,0.23,8.0661458333,0,0.0
2006-11-02,0.209,6.7609375,0,0.0
2006-11-03,0.181,6.0359375,0,0.0
2006-11-04,0.153,6.8322916667,0,0.0
2006-11-05,0.153,8.5369791667,0,0.0
2006-11-06,0.153,8.971875,0,0.0
2006-11-07,0.128,9.1588541667,0,0.0
2006-11-08,0.128,8.9416666667,0,0.0
2006-11-09,0.133,7.9125,0,0.0
2006-11-10,0.297,7.8958333333,0,0.0
2006-11-11,0.31,7.46875,0,0.0
2006-11-12,0.709,7.596875,0,0.0
2006-11-13,1.88,9.40625,0,0.0
2006-11-14,4.332,10.6723958333,0,0.0
2006-11-15,3.232,12.5625,0,0.0
2006-11-16,2.468,13.1239583333,0,0.0
2006-11-17,1.723,11.9484375,0,0.0
2006-11-18,1.208,10.4125,0,0.0
2006-11-19,0.896,8.1020833333,0,0.0
2006-11-20,1.268,7.1067708333,0,0.0
2006-11-21,2.54,6.5765625,0,0.0
2006-11-22,3.652,7.1578125,0,0.0
2006-11-23,2.441,8.3447916667,0,0.0
2006-11-24,5.276,10.3979166667,0,0.0
2006-11-25,4.393,11.6505208333,0,0.0
2006-11-26,2.891,12.3270833333,0,0.0
2006-11-27,2.19,12.0713541667,0,0.0
2006-11-28,1.438,10.0140625,0,0.0
2006-11-29,0.923,8.5385416667,0,0.0
2006-11-30,0.652,7.5796875,0,0.0
2006-12-01,0.512,7.3473958333,0,0.0
2006-12-02,0.424,8.0786458333,0,0.0
2006-12-03,0.377,9.2697916667,0,0.0
2006-12-04,0.523,10.8260416667,0,0.0
2006-12-05,0.732,11.14375,0,0.0
2006-12-06,2.061,10.5671875,0,0.0
2006-12-07,1.741,10.7083333333,0,0.0
2006-12-08,1.647,8.8885416667,0,0.0
2006-12-09,1.367,7.5536458333,0,0.0
2006-12-10,1.203,6.7927083333,0,0.0
2006-12-11,0.876,5.9151041667,0,0.0
2006-12-12,2.996,6.2338541667,0,0.0
2006-12-13,5.134,6.9213541667,0,0.0
2006-12-14,3.781,7.1109375,0,0.0
2006-12-15,2.638,7.0760416667,0,0.0
2006-12-16,1.761,6.2494791667,0,0.0
2006-12-17,1.292,5.4151041667,0,0.0
2006-12-18,0.892,4.7442708333,0,0.0
2006-12-19,0.655,3.3942708333,0,0.0
2006-12-20,0.558,3.1921875,0,0.0
2006-12-21,0.479,3.046875,0,0.0
2006-12-22,0.424,2.8578125,0,0.0
2006-12-23,0.368,2.41875,0,0.0
2006-12-24,0.315,1.4578125,0,0.0
2006-12-25,0.289,0.8515625,0,0.0
2006-12-26,0.253,0.1,0,0.0
2006-12-27,0.217,0.4,0,0.0
2006-12-28,0.21,1.3671875,0,0.0
2006-12-29,0.217,2.940625,0,0.0
2006-12-30,0.201,5.8505208333,0,0.0
2006-12-31,0.389,7.2854166667,0,0.0
2007-01-01,0.285,7.5161458333,0,0.0
2007-01-02,0.775,7.328125,0,0.0
2007-01-03,1.365,6.8505208333,0,0.0
2007-01-04,1.34,7.0197916667,0,0.0
2007-01-05,2.088,8.2614583333,0,0.0
2007-01-06,2.631,8.7041666667,0,0.0
2007-01-07,5.595,8.9963541667,0,0.0
2007-01-08,5.305,10.1901041667,0,0.0
2007-01-09,3.741,10.5411458333,0,0.0
2007-01-10,2.854,10.3755208333,0,0.0
2007-01-11,2.958,10.4640625,0,0.0
2007-01-12,6.111,10.0083333333,0,0.0
2007-01-13,4.441,8.896875,0,0.0
2007-01-14,2.859,7.8984375,0,0.0
2007-01-15,2.014,6.9942708333,0,0.0
2007-01-16,1.6,6.6322916667,0,0.0
2007-01-17,1.194,7.7802083333,0,0.0
2007-01-18,1.555,9.38125,0,0.0
2007-01-19,10.929,10.6364583333,0,0.0
2007-01-20,6.026,9.7703125,0,0.0
2007-01-21,3.759,7.41875,0,0.0
2007-01-22,2.7,4.1098958333,0,0.0
2007-01-23,1.886,0.3197916667,0,0.0
2007-01-24,1.433,0.1,0,0.0
2007-01-25,0.97,0.1,0,0.0
2007-01-26,0.71,0.1,0,0.0
2007-01-27,0.627,0.5479166667,0,0.0
2007-01-28,0.526,3.3083333333,0,0.0
2007-01-29,1.373,5.6786458333,0,0.0
2007-01-30,1.092,6.6229166667,0,0.0
2007-01-31,1.151,7.2770833333,0,0.0
2007-02-01,1.044,7.5130208333,0,0.0
2007-02-02,0.827,7.0270833333,0,0.0
2007-02-03,0.671,6.3760416667,0,0.0
2007-02-04,0.578,5.0317708333,0,0.0
2007-02-05,0.513,3.4234375,0,0.0
2007-02-06,0.505,2.2515625,0,0.0
2007-02-07,0.451,1.6901041667,0,0.0
2007-02-08,0.402,2.2057291667,0,0.0
2007-02-09,0.415,3.0510416667,0,0.0
2007-02-10,0.44,4.91875,0,0.0
2007-02-11,0.46,6.40625,0,0.0
2007-02-12,1.576,7.1546875,0,0.0
2007-02-13,3.241,7.2947916667,0,0.0
2007-02-14,4.438,6.9510416667,0,0.0
2007-02-15,3.745,6.6427083333,0,0.0
2007-02-16,3.039,6.615625,0,0.0
2007-02-17,2.161,6.1796875,0,0.0
2007-02-18,1.449,5.7020833333,0,0.0
2007-02-19,0.97,5.7020833333,0,0.0
2007-02-20,0.737,5.7989583333,0,0.0
2007-02-21,0.585,6.8057291667,0,0.0
2007-02-22,0.554,8.0791666667,0,0.0
2007-02-23,0.417,8.7697916667,0,0.0
2007-02-24,0.418,8.846875,0,0.0
2007-02-25,0.434,8.5953125,0,0.0
2007-02-26,0.884,7.6927083333,0,0.0
2007-02-27,1.514,7.8260416667,0,0.0
2007-02-28,2.743,8.0828125,0,0.0
2007-03-01,3.836,8.0473958333,0,0.0
2007-03-02,7.91,8.0463541667,0,0.0
2007-03-03,4.077,7.7567708333,0,0.0
2007-03-04,8.012,7.8541666667,0,0.0
2007-03-05,5.179,8.59375,0,0.0
2007-03-06,3.334,9.084375,0,0.0
2007-03-07,3.377,8.8067708333,0,0.0
2007-03-08,4.172,8.1286458333,0,0.0
2007-03-09,3.551,7.1901041667,0,0.0
2007-03-10,2.68,7.2729166667,0,0.0
2007-03-11,1.989,7.7760416667,0,0.0
2007-03-12,1.675,8.1515625,0,0.0
2007-03-13,1.264,8.7578125,0,0.0
2007-03-14,0.921,8.4755208333,0,0.0
2007-03-15,0.727,7.8755208333,0,0.0
2007-03-16,0.587,8.184375,0,0.0
2007-03-17,0.504,7.7083333333,0,0.0
2007-03-18,0.493,6.5994791667,0,0.0
2007-03-19,0.712,5.2041666667,0,0.0
2007-03-20,0.752,3.7875,0,0.0
2007-03-21,0.785,3.0104166667,0,0.0
2007-03-22,0.769,3.2677083333,0,0.0
2007-03-23,1.548,4.5203125,0,0.0
2007-03-24,2.493,6.0692708333,0,0.0
2007-03-25,2.054,8.4067708333,0,0.0
2007-03-26,1.44,10.4791666667,0,0.0
2007-03-27,0.983,11.65,0,0.0
2007-03-28,0.774,11.2609375,0,0.0
2007-03-29,0.612,10.4177083333,0,0.0
2007-03-30,0.494,10.3114583333,0,0.0
2007-03-31,0.45,10.7692708333,0,0.0
2007-04-01,0.351,11.8401041667,0,0.0
2007-04-02,0.293,11.1583333333,0,0.0
2007-04-03,0.252,10.0208333333,0,0.0
2007-04-04,0.249,8.3880208333,0,0.0
2007-04-05,0.219,7.8494791667,0,0.0
2007-04-06,0.217,8.1734375,0,0.0
2007-04-07,0.186,8.4401041667,0,0.0
2007-04-08,0.184,9.225,0,0.0
2007-04-09,0.154,9.4791666667,0,0.0
2007-04-10,0.151,10.6083333333,0,0.0
2007-04-11,0.15,12.4786458333,0,0.0
2007-04-12,0.126,14.5817708333,0,0.0
2007-04-13,0.126,16.8015625,0,0.0
2007-04-14,0.126,18.6510416667,0,0.0
2007-04-15,0.108,19.5041666667,0,0.0
2007-04-16,0.108,18.075,0,0.0
2007-04-17,0.108,15.0817708333,0,0.0
2007-04-18,0.108,12.7067708333,0,0.0
2007-04-19,0.097,10.1161458333,0,0.0
2007-04-20,0.097,9.284375,0,0.0
2007-04-21,0.097,10.859375,0,0.0
2007-04-22,0.097,12.3661458333,0,0.0
2007-04-23,0.097,14.8515625,0,0.0
2007-04-24,0.097,17.7713541667,0,0.0
2007-04-25,0.097,19.134375,0,0.0
2007-04-26,0.087,19.8494791667,0,0.0
2007-04-27,0.088,20.025,0,0.0
2007-04-28,0.084,19.2213541667,0,0.0
2007-04-29,0.075,17.9203125,0,0.0
2007-04-30,0.075,16.896875,0,0.0
2007-05-01,0.075,15.6354166667,0,0.0
2007-05-02,0.075,14.8166666667,0,0.0
2007-05-03,0.075,15.2744791667,0,0.0
2007-05-04,0.075,15.7427083333,0,0.0
2007-05-05,0.075,15.8619791667,0,0.0
2007-05-06,0.063,15.8395833333,0,0.0
2007-05-07,0.063,14.9630208333,0,0.0
2007-05-08,0.349,13.6151041667,0,0.0
2007-05-09,0.473,14.0197916667,0,0.0
2007-05-10,0.394,13.9692708333,0,0.0
2007-05-11,0.333,14.2546875,0,0.0
2007-05-12,0.306,15.4239583333,0,0.0
2007-05-13,0.395,15.1697916667,0,0.0
2007-05-14,0.395,14.5864583333,0,0.0
2007-05-15,0.333,13.8567708333,0,0.0
2007-05-16,1.105,12.3260416667,0,0.0
2007-05-17,2.214,12.0317708333,0,0.0
2007-05-18,1.686,13.0416666667,0,0.0
2007-05-19,1.02,14.9411458333,0,0.0
2007-05-20,0.731,17.2921875,0,0.0
2007-05-21,0.497,18.4260416667,0,0.0
2007-05-22,0.329,18.9875,0,0.0
2007-05-23,0.282,19.3640625,0,0.0
2007-05-24,0.243,19.6583333333,0,0.0
2007-05-25,0.218,19.3776041667,0,0.0
2007-05-26,0.199,18.5578125,0,0.0
2007-05-27,0.41,16.2640625,0,0.0
2007-05-28,0.309,13.7666666667,0,0.0
2007-05-29,0.553,12.6484375,0,0.0
2007-05-30,0.637,12.3192708333,0,0.0
2007-05-31,0.653,13.2427083333,0,0.0
2007-06-01,0.565,14.8755208333,0,0.0
2007-06-02,0.402,16.071875,0,0.0
2007-06-03,0.301,17.3333333333,0,0.0
2007-06-04,0.266,18.2786458333,0,0.0
2007-06-05,0.233,18.8963541667,0,0.0
2007-06-06,0.202,20.0458333333,0,0.0
2007-06-07,0.179,21.2109375,0,0.0
2007-06-08,0.155,21.278125,0,0.0
2007-06-09,0.134,20.9588541667,0,0.0
2007-06-10,0.129,20.078125,0,0.0
2007-06-11,0.12,18.4567708333,0,0.0
2007-06-12,0.109,18.5661458333,0,0.0
2007-06-13,0.109,18.8463541667,0,0.0
2007-06-14,0.099,18.675,0,0.0
2007-06-15,0.225,18.6989583333,0,0.0
2007-06-16,0.255,18.5671875,0,0.0
2007-06-17,0.402,18.334375,0,0.0
2007-06-18,0.182,19.0723958333,0,0.0
2007-06-19,0.159,20.025,0,0.0
2007-06-20,0.128,19.2791666667,0,0.0
2007-06-21,0.119,18.5817708333,0,0.0
2007-06-22,1.646,17.2536458333,0,0.0
2007-06-23,1.124,16.5609375,0,0.0
2007-06-24,1.122,16.7291666667,0,0.0
2007-06-25,0.774,16.0348958333,0,0.0
2007-06-26,0.998,15.3984375,0,0.0
2007-06-27,1.077,14.5078125,0,0.0
2007-06-28,0.947,14.1151041667,0,0.0
2007-06-29,0.707,15.0447916667,0,0.0
2007-06-30,0.982,16.7182291667,0,0.0
2007-07-01,0.597,17.53125,0,0.0
2007-07-02,0.549,17.3765625,0,0.0
2007-07-03,0.519,16.54375,0,0.0
2007-07-04,0.532,15.1567708333,0,0.0
2007-07-05,8.372,14.7161458333,0,0.0
2007-07-06,8.564,15.3208333333,0,0.0
2007-07-07,4.484,16.2916666667,0,0.0
2007-07-08,2.476,16.4083333333,0,0.0
2007-07-09,1.431,15.7791666667,0,0.0
2007-07-10,0.933,15.071875,0,0.0
2007-07-11,0.705,14.80625,0,0.0
2007-07-12,0.521,16.05625,0,0.0
2007-07-13,0.424,18.7385416667,0,0.0
2007-07-14,0.361,21.6197916667,0,0.0
2007-07-15,0.265,24.0635416667,0,0.0
2007-07-16,0.222,24.4125,0,0.0
2007-07-17,0.192,23.0760416667,0,0.0
2007-07-18,0.171,21.015625,0,0.0
2007-07-19,0.15,19.3723958333,0,0.0
2007-07-20,0.137,18.5578125,0,0.0
2007-07-21,0.131,18.2791666667,0,0.0
2007-07-22,0.12,17.9380208333,0,0.0
2007-07-23,0.118,16.9848958333,0,0.0
2007-07-24,0.126,17.00625,0,0.0
2007-07-25,0.188,17.8604166667,0,0.0
2007-07-26,0.126,18.8963541667,0,0.0
2007-07-27,0.115,19.5463541667,0,0.0
2007-07-28,0.119,18.5380208333,0,0.0
2007-07-29,0.315,16.3130208333,0,0.0
2007-07-30,2.812,14.596875,0,0.0
2007-07-31,2.063,14.1026041667,0,0.0
2007-08-01,1.366,14.4822916667,0,0.0
2007-08-02,0.827,15.4166666667,0,0.0
2007-08-03,0.695,16.7708333333,0,0.0
2007-08-04,0.446,18.2151041667,0,0.0
2007-08-05,0.333,19.934375,0,0.0
2007-08-06,0.267,20.2015625,0,0.0
2007-08-07,0.228,19.1802083333,0,0.0
2007-08-08,0.257,17.4572916667,0,0.0
2007-08-09,0.262,16.0994791667,0,0.0
2007-08-10,3.581,16.1026041667,0,0.0
2007-08-11,3.002,16.728125,0,0.0
2007-08-12,1.748,17.4739583333,0,0.0
2007-08-13,1.035,17.984375,0,0.0
2007-08-14,0.678,18.884375,0,0.0
2007-08-15,0.514,18.9614583333,0,0.0
2007-08-16,2.186,18.365625,0,0.0
2007-08-17,0.621,17.4916666667,0,0.0
2007-08-18,0.502,16.553125,0,0.0
2007-08-19,0.43,16.1255208333,0,0.0
2007-08-20,0.477,15.8125,0,0.0
2007-08-21,0.492,15.7760416667,0,0.0
2007-08-22,9.345,16.18125,0,0.0
2007-08-23,9.209,17.078125,0,0.0
2007-08-24,4.382,18.1385416667,0,0.0
2007-08-25,2.413,18.7854166667,0,0.0
2007-08-26,1.438,17.8239583333,0,0.0
2007-08-27,0.944,16.3255208333,0,0.0
2007-08-28,0.676,14.8666666667,0,0.0
2007-08-29,0.517,13.6052083333,0,0.0
2007-08-30,0.409,13.9307291667,0,0.0
2007-08-31,0.348,14.5947916667,0,0.0
2007-09-01,0.321,15.3651041667,0,0.0
2007-09-02,0.325,15.64375,0,0.0
2007-09-03,0.253,14.5,0,0.0
2007-09-04,0.577,13.2859375,0,0.0
2007-09-05,0.44,12.8369791667,0,0.0
2007-09-06,0.376,13.0046875,0,0.0
2007-09-07,0.325,13.6348958333,0,0.0
2007-09-08,0.291,14.3265625,0,0.0
2007-09-09,0.275,13.9260416667,0,0.0
2007-09-10,0.229,13.6098958333,0,0.0
2007-09-11,0.381,13.3989583333,0,0.0
2007-09-12,0.26,13.2723958333,0,0.0
2007-09-13,0.223,13.6369791667,0,0.0
2007-09-14,0.211,13.5229166667,0,0.0
2007-09-15,0.199,14.0734375,0,0.0
2007-09-16,0.182,14.6416666667,0,0.0
2007-09-17,0.177,13.7510416667,0,0.0
2007-09-18,0.184,13.0916666667,0,0.0
2007-09-19,0.211,12.6947916667,0,0.0
2007-09-20,0.172,12.5244791667,0,0.0
2007-09-21,0.157,13.6125,0,0.0
2007-09-22,0.145,15.2,0,0.0
2007-09-23,0.136,15.703125,0,0.0
2007-09-24,0.127,14.9375,0,0.0
2007-09-25,0.156,13.7333333333,0,0.0
2007-09-26,0.137,11.9880208333,0,0.0
2007-09-27,0.176,11.1411458333,0,0.0
2007-09-28,0.311,11.3015625,0,0.0
2007-09-29,0.448,11.9880208333,0,0.0
2007-09-30,2.01,12.7864583333,0,0.0
2007-10-01,1.821,13.4854166667,0,0.0
2007-10-02,1.311,14.4354166667,0,0.0
2007-10-03,0.844,14.9911458333,0,0.0
2007-10-04,0.677,14.565625,0,0.0
2007-10-05,0.542,13.6135416667,0,0.0
2007-10-06,0.451,11.9807291667,0,0.0
2007-10-07,0.376,10.6223958333,0,0.0
2007-10-08,0.328,10.4067708333,0,0.0
2007-10-09,0.288,10.7984375,0,0.0
2007-10-10,0.245,11.0104166667,0,0.0
2007-10-11,0.217,11.6864583333,0,0.0
2007-10-12,0.197,11.9796875,0,0.0
2007-10-13,0.192,11.4833333333,0,0.0
2007-10-14,0.17,12.09375,0,0.0
2007-10-15,0.158,12.6859375,0,0.0
2007-10-16,0.146,12.8208333333,0,0.0
2007-10-17,0.143,12.2458333333,0,0.0
2007-10-18,0.19,10.6546875,0,0.0
2007-10-19,0.148,8.1614583333,0,0.0
2007-10-20,0.139,6.371875,0,0.0
2007-10-21,0.129,5.1416666667,0,0.0
2007-10-22,0.133,4.1989583333,0,0.0
2007-10-23,0.124,4.2572916667,0,0.0
2007-10-24,0.121,5.0796875,0,0.0
2007-10-25,0.117,6.24375,0,0.0
2007-10-26,0.103,7.5036458333,0,0.0
2007-10-27,0.101,8.3208333333,0,0.0
2007-10-28,0.098,8.31875,0,0.0
2007-10-29,0.097,8.3161458333,0,0.0
2007-10-30,0.462,7.4854166667,0,0.0
2007-10-31,0.278,7.1291666667,0,0.0
2007-11-01,0.232,7.6973958333,0,0.0
2007-11-02,0.219,8.6640625,0,0.0
2007-11-03,0.224,9.74375,0,0.0
2007-11-04,0.234,10.1552083333,0,0.0
2007-11-05,0.217,9.31875,0,0.0
2007-11-06,0.259,8.38125,0,0.0
2007-11-07,0.386,8.5229166667,0,0.0
2007-11-08,1.255,7.6447916667,0,0.0
2007-11-09,2.185,7.5541666667,0,0.0
2007-11-10,3.391,7.425,0,0.0
2007-11-11,9.074,6.3151041667,0,0.0
2007-11-12,8.903,6.0796875,0,0.0
2007-11-13,4.204,4.6447916667,0,0.0
2007-11-14,3.579,2.7692708333,0,0.0
2007-11-15,2.456,1.8302083333,0,0.0
2007-11-16,2.063,1.4333333333,0,0.0
2007-11-17,1.521,1.8625,0,0.0
2007-11-18,1.122,2.6182291667,0,0.0
2007-11-19,0.904,3.828125,0,0.0
2007-11-20,0.741,5.2229166667,0,0.0
2007-11-21,0.592,6.5697916667,0,0.0
2007-11-22,0.504,7.2119791667,0,0.0
2007-11-23,0.423,6.2234375,0,0.0
2007-11-24,0.359,5.6302083333,0,0.0
2007-11-25,0.328,4.5135416667,0,0.0
2007-11-26,0.687,4.0078125,0,0.0
2007-11-27,0.617,3.9114583333,0,0.0
2007-11-28,0.654,3.2807291667,0,0.0
2007-11-29,0.652,3.8661458333,0,0.0
2007-11-30,0.969,4.8885416667,0,0.0
2007-12-01,0.853,6.7182291667,0,0.0
2007-12-02,3.295,7.6458333333,0,0.0
2007-12-03,6.087,7.590625,0,0.0
2007-12-04,5.198,8.19375,0,0.0
2007-12-05,4.172,8.3552083333,0,0.0
2007-12-06,3.166,9.0932291667,0,0.0
2007-12-07,6.992,9.084375,0,0.0
2007-12-08,8.748,8.3046875,0,0.0
2007-12-09,5.269,7.3546875,0,0.0
2007-12-10,3.594,6.2005208333,0,0.0
2007-12-11,4.579,5.7104166667,0,0.0
2007-12-12,3.825,4.8854166667,0,0.0
2007-12-13,2.697,3.7057291667,0,0.0
2007-12-14,1.893,2.4151041667,0,0.0
2007-12-15,1.335,0.9182291667,0,0.0
2007-12-16,0.965,0.1,0,0.0
2007-12-17,0.755,0.1,0,0.0
2007-12-18,0.611,0.1,0,0.0
2007-12-19,0.509,0.1,0,0.0
2007-12-20,0.439,0.1,0,0.0
2007-12-21,0.388,0.1,0,0.0
2007-12-22,0.35,0.1,0,0.0
2007-12-23,0.306,0.1,0,0.0
2007-12-24,0.277,0.1,0,0.0
2007-12-25,0.25,0.1,0,0.0
2007-12-26,0.229,0.5807291667,0,0.0
2007-12-27,0.203,1.8692708333,0,0.0
2007-12-28,0.185,3.0984375,0,0.0
2007-12-29,0.182,4.2390625,0,0.0
2007-12-30,0.219,4.4567708333,0,0.0
2007-12-31,0.408,3.3010416667,0,0.0
2008-01-01,0.323,1.796875,0,0.0
2008-01-02,0.286,0.709375,0,0.0
2008-01-03,0.274,0.3588541667,0,0.0
2008-01-04,0.277,1.8598958333,0,0.0
2008-01-05,0.263,3.5322916667,0,0.0
2008-01-06,0.391,5.0296875,0,0.0
2008-01-07,0.434,5.7369791667,0,0.0
2008-01-08,0.734,5.3369791667,0,0.0
2008-01-09,0.743,5.7328125,0,0.0
2008-01-10,1.046,6.7229166667,0,0.0
2008-01-11,1.112,6.9927083333,0,0.0
2008-01-12,1.038,6.6786458333,0,0.0
2008-01-13,0.809,6.4739583333,0,0.0
2008-01-14,0.693,5.9869791667,0,0.0
2008-01-15,0.632,6.4255208333,0,0.0
2008-01-16,0.58,7.3473958333,0,0.0
2008-01-17,0.652,8.3598958333,0,0.0
2008-01-18,0.743,9.3411458333,0,0.0
2008-01-19,1.237,10.4380208333,0,0.0
2008-01-20,7.484,11.1848958333,0,0.0
2008-01-21,7.189,10.0416666667,0,0.0
2008-01-22,7.419,7.8677083333,0,0.0
2008-01-23,5.987,6.5578125,0,0.0
2008-01-24,3.33,5.1911458333,0,0.0
2008-01-25,2.289,5.9322916667,0,0.0
2008-01-26,1.459,6.6375,0,0.0
2008-01-27,1.117,6.6661458333,0,0.0
2008-01-28,0.887,6.596875,0,0.0
2008-01-29,0.723,5.084375,0,0.0
2008-01-30,0.602,4.0119791667,0,0.0
2008-01-31,0.541,3.41875,0,0.0
2008-02-01,0.537,2.7927083333,0,0.0
2008-02-02,0.66,2.8682291667,0,0.0
2008-02-03,0.66,3.3854166667,0,0.0
2008-02-04,0.653,3.765625,0,0.0
2008-02-05,1.106,5.1536458333,0,0.0
2008-02-06,2.287,5.6416666667,0,0.0
2008-02-07,4.996,5.9171875,0,0.0
2008-02-08,3.491,5.8901041667,0,0.0
2008-02-09,2.237,5.2791666667,0,0.0
2008-02-10,1.462,5.5890625,0,0.0
2008-02-11,0.997,5.3380208333,0,0.0
2008-02-12,0.747,4.4911458333,0,0.0
2008-02-13,0.586,3.4244791667,0,0.0
2008-02-14,0.48,2.6307291667,0,0.0
2008-02-15,0.414,1.3088541667,0,0.0
2008-02-16,0.341,0.7916666667,0,0.0
2008-02-17,0.292,0.5458333333,0,0.0
2008-02-18,0.264,0.6385416667,0,0.0
2008-02-19,0.241,1.7322916667,0,0.0
2008-02-20,0.231,3.1578125,0,0.0
2008-02-21,0.225,5.5234375,0,0.0
2008-02-22,0.224,7.3494791667,0,0.0
2008-02-23,0.203,8.2385416667,0,0.0
2008-02-24,0.184,8.8921875,0,0.0
2008-02-25,0.179,9.278125,0,0.0
2008-02-26,0.184,8.5723958333,0,0.0
2008-02-27,0.608,8.6260416667,0,0.0
2008-02-28,0.326,8.384375,0,0.0
2008-02-29,0.315,7.8942708333,0,0.0
2008-03-01,1.966,8.7015625,0,0.0
2008-03-02,4.79,8.3760416667,0,0.0
2008-03-03,4.074,7.1765625,0,0.0
2008-03-04,2.902,5.1885416667,0,0.0
2008-03-05,1.996,3.55625,0,0.0
2008-03-06,1.312,3.7479166667,0,0.0
2008-03-07,1.008,4.5447916667,0,0.0
2008-03-08,0.764,6.325,0,0.0
2008-03-09,0.616,7.3135416667,0,0.0
2008-03-10,0.524,7.5890625,0,0.0
2008-03-11,0.471,8.00625,0,0.0
2008-03-12,2.09,7.99375,0,0.0
2008-03-13,1.513,7.990625,0,0.0
2008-03-14,1.534,8.1692708333,0,0.0
2008-03-15,1.626,8.4479166667,0,0.0
2008-03-16,1.522,7.6796875,0,0.0
2008-03-17,3.064,6.6723958333,0,0.0
2008-03-18,3.113,5.2692708333,0,0.0
2008-03-19,2.22,3.9317708333,0,0.0
2008-03-20,1.511,3.6505208333,0,0.0
2008-03-21,3.926,3.246875,0,0.0
2008-03-22,6.056,2.4494791667,0,0.0
2008-03-23,4.222,1.3447916667,0,0.0
2008-03-24,3.006,0.4765625,0,0.0
2008-03-25,2.141,0.3104166667,0,0.0
2008-03-26,1.512,1.5067708333,0,0.0
2008-03-27,1.278,3.5369791667,0,0.0
2008-03-28,1.993,5.7958333333,0,0.0
2008-03-29,2.794,8.365625,0,0.0
2008-03-30,2.234,9.7994791667,0,0.0
2008-03-31,1.785,10.2447916667,0,0.0
2008-04-01,1.233,9.9098958333,0,0.0
2008-04-02,1.01,8.621875,0,0.0
2008-04-03,0.933,7.784375,0,0.0
2008-04-04,0.676,7.0729166667,0,0.0
2008-04-05,0.639,5.9953125,0,0.0
2008-04-06,0.886,5.2739583333,0,0.0
2008-04-07,1.133,4.4583333333,0,0.0
2008-04-08,1.162,4.2505208333,0,0.0
2008-04-09,0.972,5.1739583333,0,0.0
2008-04-10,0.796,6.3114583333,0,0.0
2008-04-11,0.621,7.5208333333,0,0.0
2008-04-12,0.51,8.2302083333,0,0.0
2008-04-13,0.418,8.13125,0,0.0
2008-04-14,0.417,7.3973958333,0,0.0
2008-04-15,0.812,6.0286458333,0,0.0
2008-04-16,0.84,5.3046875,0,0.0
2008-04-17,0.841,5.7661458333,0,0.0
2008-04-18,0.76,6.5458333333,0,0.0
2008-04-19,0.644,8.4932291667,0,0.0
2008-04-20,0.557,10.2182291667,0,0.0
2008-04-21,0.443,10.7026041667,0,0.0
2008-04-22,0.377,11.8802083333,0,0.0
2008-04-23,0.317,12.3807291667,0,0.0
2008-04-24,0.276,12.0890625,0,0.0
2008-04-25,0.284,12.6682291667,0,0.0
2008-04-26,0.247,13.3046875,0,0.0
2008-04-27,0.23,13.0307291667,0,0.0
2008-04-28,0.222,13.1442708333,0,0.0
2008-04-29,0.264,13.05625,0,0.0
2008-04-30,0.231,11.7494791667,0,0.0
2008-05-01,0.214,11.4765625,0,0.0
2008-05-02,0.28,11.7067708333,0,0.0
2008-05-03,0.206,12.2729166667,0,0.0
2008-05-04,0.191,13.4130208333,0,0.0
2008-05-05,0.182,15.0067708333,0,0.0
2008-05-06,0.17,16.0619791667,0,0.0
2008-05-07,0.164,16.6630208333,0,0.0
2008-05-08,0.157,17.5453125,0,0.0
2008-05-09,0.127,18.2098958333,0,0.0
2008-05-10,0.139,18.7859375,0,0.0
2008-05-11,0.107,19.2223958333,0,0.0
2008-05-12,0.105,19.3036458333,0,0.0
2008-05-13,0.111,19.0661458333,0,0.0
2008-05-14,0.106,18.3734375,0,0.0
2008-05-15,0.102,17.85625,0,0.0
2008-05-16,0.103,16.7546875,0,0.0
2008-05-17,0.099,14.8234375,0,0.0
2008-05-18,0.109,13.4333333333,0,0.0
2008-05-19,0.102,12.3828125,0,0.0
2008-05-20,0.097,12.1171875,0,0.0
2008-05-21,0.093,13.1390625,0,0.0
2008-05-22,0.088,14.509375,0,0.0
2008-05-23,0.088,15.61875,0,0.0
2008-05-24,0.08,16.965625,0,0.0
2008-05-25,0.078,17.8484375,0,0.0
2008-05-26,0.086,18.9598958333,0,0.0
2008-05-27,0.084,20.103125,0,0.0
2008-05-28,0.081,20.5125,0,0.0
2008-05-29,0.095,20.4932291667,0,0.0
2008-05-30,0.072,19.2885416667,0,0.0
2008-05-31,0.099,18.7979166667,0,0.0
2008-06-01,0.083,19.1890625,0,0.0
2008-06-02,0.098,19.40625,0,0.0
2008-06-03,0.08,19.8645833333,0,0.0
2008-06-04,0.086,19.5140625,0,0.0
2008-06-05,0.099,18.6244791667,0,0.0
2008-06-06,0.137,17.6723958333,0,0.0
2008-06-07,0.095,17.6338541667,0,0.0
2008-06-08,0.089,17.9848958333,0,0.0
2008-06-09,0.08,18.321875,0,0.0
2008-06-10,0.074,18.0171875,0,0.0
2008-06-11,0.069,16.134375,0,0.0
2008-06-12,0.069,14.1052083333,0,0.0
2008-06-13,0.177,12.13125,0,0.0
2008-06-14,0.097,11.5359375,0,0.0
2008-06-15,0.116,12.1901041667,0,0.0
2008-06-16,0.094,12.9223958333,0,0.0
2008-06-17,0.086,14.3854166667,0,0.0
2008-06-18,0.081,15.8307291667,0,0.0
2008-06-19,0.076,16.5885416667,0,0.0
2008-06-20,0.081,17.3536458333,0,0.0
2008-06-21,0.072,18.6041666667,0,0.0
2008-06-22,0.074,18.5161458333,0,0.0
2008-06-23,0.225,19.3645833333,0,0.0
2008-06-24,0.086,19.6854166667,0,0.0
2008-06-25,0.076,18.3869791667,0,0.0
2008-06-26,0.103,18.2197916667,0,0.0
2008-06-27,0.082,18.1427083333,0,0.0
2008-06-28,0.081,18.1848958333,0,0.0
2008-06-29,0.08,18.4369791667,0,0.0
2008-06-30,0.069,19.5130208333,0,0.0
2008-07-01,0.065,20.8895833333,0,0.0
2008-07-02,0.062,20.4666666667,0,0.0
2008-07-03,0.095,19.8416666667,0,0.0
2008-07-04,0.144,19.0505208333,0,0.0
2008-07-05,0.087,17.6322916667,0,0.0
2008-07-06,0.079,17.3598958333,0,0.0
2008-07-07,0.073,17.29375,0,0.0
2008-07-08,0.075,16.7208333333,0,0.0
2008-07-09,0.087,17.1880208333,0,0.0
2008-07-10,0.104,17.3260416667,0,0.0
2008-07-11,0.092,17.4494791667,0,0.0
2008-07-12,0.136,17.2651041667,0,0.0
2008-07-13,0.112,16.0041666667,0,0.0
2008-07-14,0.095,16.5572916667,0,0.0
2008-07-15,0.087,16.8671875,0,0.0
2008-07-16,0.08,16.7052083333,0,0.0
2008-07-17,0.097,16.615625,0,0.0
2008-07-18,0.092,16.2479166667,0,0.0
2008-07-19,0.121,15.4552083333,0,0.0
2008-07-20,0.186,14.9401041667,0,0.0
2008-07-21,0.2,14.6208333333,0,0.0
2008-07-22,0.542,14.1786458333,0,0.0
2008-07-23,0.37,15.5015625,0,0.0
2008-07-24,0.296,18.0255208333,0,0.0
2008-07-25,0.236,19.7885416667,0,0.0
2008-07-26,0.196,20.9489583333,0,0.0
2008-07-27,0.271,21.7510416667,0,0.0
2008-07-28,0.322,21.4197916667,0,0.0
2008-07-29,0.266,21.7453125,0,0.0
2008-07-30,0.245,22.6489583333,0,0.0
2008-07-31,0.196,22.5375,0,0.0
2008-08-01,0.161,22.1135416667,0,0.0
2008-08-02,0.14,21.5546875,0,0.0
2008-08-03,0.136,20.1520833333,0,0.0
2008-08-04,0.166,18.978125,0,0.0
2008-08-05,0.763,19.70625,0,0.0
2008-08-06,0.456,20.0171875,0,0.0
2008-08-07,0.337,19.6760416667,0,0.0
2008-08-08,0.295,19.6135416667,0,0.0
2008-08-09,0.561,18.5947916667,0,0.0
2008-08-10,0.333,17.859375,0,0.0
2008-08-11,0.392,18.1171875,0,0.0
2008-08-12,0.351,18.0947916667,0,0.0
2008-08-13,1.782,17.6588541667,0,0.0
2008-08-14,1.381,16.965625,0,0.0
2008-08-15,0.751,16.5307291667,0,0.0
2008-08-16,0.463,16.8677083333,0,0.0
2008-08-17,0.327,17.6197916667,0,0.0
2008-08-18,0.26,18.49375,0,0.0
2008-08-19,0.262,18.5411458333,0,0.0
2008-08-20,0.203,18.5463541667,0,0.0
2008-08-21,0.194,17.7333333333,0,0.0
2008-08-22,0.162,16.4671875,0,0.0
2008-08-23,0.318,16.2411458333,0,0.0
2008-08-24,0.233,15.6026041667,0,0.0
2008-08-25,0.197,16.0536458333,0,0.0
2008-08-26,0.188,17.0223958333,0,0.0
2008-08-27,0.171,17.5088541667,0,0.0
2008-08-28,0.162,17.953125,0,0.0
2008-08-29,0.155,18.1442708333,0,0.0
2008-08-30,0.141,18.9755208333,0,0.0
2008-08-31,0.129,19.0463541667,0,0.0
2008-09-01,0.387,18.9234375,0,0.0
2008-09-02,0.17,17.3666666667,0,0.0
2008-09-03,0.195,15.3552083333,0,0.0
2008-09-04,0.182,14.7703125,0,0.0
2008-09-05,0.154,14.690625,0,0.0
2008-09-06,0.33,15.5078125,0,0.0
2008-09-07,0.245,16.184375,0,0.0
2008-09-08,0.241,16.6526041667,0,0.0
2008-09-09,0.226,17.1557291667,0,0.0
2008-09-10,0.204,17.9895833333,0,0.0
2008-09-11,0.184,17.7729166667,0,0.0
2008-09-12,0.171,16.5,0,0.0
2008-09-13,0.214,14.2026041667,0,0.0
2008-09-14,0.187,11.7453125,0,0.0
2008-09-15,0.143,10.5708333333,0,0.0
2008-09-16,0.145,10.0234375,0,0.0
2008-09-17,0.128,9.8947916667,0,0.0
2008-09-18,0.119,9.9953125,0,0.0
2008-09-19,0.11,9.9901041667,0,0.0
2008-09-20,0.103,9.8869791667,0,0.0
2008-09-21,0.098,10.1145833333,0,0.0
2008-09-22,0.1,10.5333333333,0,0.0
2008-09-23,0.098,11.0984375,0,0.0
2008-09-24,0.125,11.5354166667,0,0.0
2008-09-25,0.099,11.765625,0,0.0
2008-09-26,0.093,11.678125,0,0.0
2008-09-27,0.089,11.2817708333,0,0.0
2008-09-28,0.088,10.86875,0,0.0
2008-09-29,0.088,10.6739583333,0,0.0
2008-09-30,0.09,10.9604166667,0,0.0
2008-10-01,1.529,10.659375,0,0.0
2008-10-02,3.743,10.1328125,0,0.0
2008-10-03,2.338,9.7265625,0,0.0
2008-10-04,1.88,9.3447916667,0,0.0
2008-10-05,1.369,10.2078125,0,0.0
2008-10-06,6.488,11.9619791667,0,0.0
2008-10-07,5.782,13.0671875,0,0.0
2008-10-08,2.953,13.0427083333,0,0.0
2008-10-09,1.586,12.4265625,0,0.0
2008-10-10,0.889,12.0104166667,0,0.0
2008-10-11,0.618,12.0890625,0,0.0
2008-10-12,0.472,13.2515625,0,0.0
2008-10-13,0.385,14.165625,0,0.0
2008-10-14,0.321,14.2619791667,0,0.0
2008-10-15,0.28,13.4692708333,0,0.0
2008-10-16,0.338,11.7401041667,0,0.0
2008-10-17,0.542,10.0609375,0,0.0
2008-10-18,0.456,9.046875,0,0.0
2008-10-19,0.433,9.53125,0,0.0
2008-10-20,0.385,10.4395833333,0,0.0
2008-10-21,0.343,10.4984375,0,0.0
2008-10-22,0.321,9.8213541667,0,0.0
2008-10-23,0.269,8.9302083333,0,0.0
2008-10-24,0.243,8.5328125,0,0.0
2008-10-25,0.228,9.4572916667,0,0.0
2008-10-26,0.215,9.9916666667,0,0.0
2008-10-27,0.338,8.7864583333,0,0.0
2008-10-28,0.86,6.9348958333,0,0.0
2008-10-29,0.87,5.0557291667,0,0.0
2008-10-30,0.695,4.1958333333,0,0.0
2008-10-31,0.562,5.1828125,0,0.0
2008-11-01,0.452,6.9130208333,0,0.0
2008-11-02,0.383,8.0979166667,0,0.0
2008-11-03,0.317,8.8427083333,0,0.0
2008-11-04,0.287,8.9182291667,0,0.0
2008-11-05,0.265,8.8140625,0,0.0
2008-11-06,0.254,8.8072916667,0,0.0
2008-11-07,0.243,9.0666666667,0,0.0
2008-11-08,0.231,9.5098958333,0,0.0
2008-11-09,0.213,10.54375,0,0.0
2008-11-10,0.246,11.1947916667,0,0.0
2008-11-11,0.373,10.8161458333,0,0.0
2008-11-12,0.579,10.0947916667,0,0.0
2008-11-13,0.614,8.3416666667,0,0.0
2008-11-14,0.508,7.9494791667,0,0.0
2008-11-15,0.437,8.1854166667,0,0.0
2008-11-16,0.393,7.4453125,0,0.0
2008-11-17,0.394,7.2895833333,0,0.0
2008-11-18,0.364,6.7932291667,0,0.0
2008-11-19,0.469,6.8447916667,0,0.0
2008-11-20,0.388,6.9546875,0,0.0
2008-11-21,1.355,5.7197916667,0,0.0
2008-11-22,4.363,3.965625,0,0.0
2008-11-23,3.045,1.8333333333,0,0.0
2008-11-24,2.127,1.0604166667,0,0.0
2008-11-25,1.599,1.771875,0,0.0
2008-11-26,1.362,2.4265625,0,0.0
2008-11-27,1.292,2.4635416667,0,0.0
2008-11-28,1.77,2.4984375,0,0.0
2008-11-29,2.117,2.0072916667,0,0.0
2008-11-30,1.556,1.7520833333,0,0.0
2008-12-01,1.121,2.4479166667,0,0.0
2008-12-02,0.798,2.3869791667,0,0.0
2008-12-03,0.703,2.5666666667,0,0.0
2008-12-04,0.705,3.4546875,0,0.0
2008-12-05,1.324,3.8036458333,0,0.0
2008-12-06,3.64,4.50625,0,0.0
2008-12-07,4.723,4.09375,0,0.0
2008-12-08,3.389,2.6276041667,0,0.0
2008-12-09,2.357,1.8854166667,0,0.0
2008-12-10,1.64,0.9078125,0,0.0
2008-12-11,1.124,0.6213541667,0,0.0
2008-12-12,0.77,0.5776041667,0,0.0
2008-12-13,0.57,0.6333333333,0,0.0
2008-12-14,0.534,0.5114583333,0,0.0
2008-12-15,0.451,0.590625,0,0.0
2008-12-16,0.368,0.4984375,0,0.0
2008-12-17,0.31,0.7083333333,0,0.0
2008-12-18,0.303,2.0427083333,0,0.0
2008-12-19,0.25,3.7822916667,0,0.0
2008-12-20,0.297,5.9375,0,0.0
2008-12-21,4.188,7.1984375,0,0.0
2008-12-22,4.392,7.278125,0,0.0
2008-12-23,4.821,6.7380208333,0,0.0
2008-12-24,3.273,5.6067708333,0,0.0
2008-12-25,2.12,3.4411458333,0,0.0
2008-12-26,1.362,1.2052083333,0,0.0
2008-12-27,0.882,0.1,0,0.0
2008-12-28,0.65,0.1,0,0.0
2008-12-29,0.539,0.1,0,0.0
2008-12-30,0.407,0.1,0,0.0
2008-12-31,0.337,0.1,0,0.0
2009-01-01,0.311,0.1,0,0.0
2009-01-02,0.252,0.1,0,0.0
2009-01-03,0.241,0.1,0,0.0
2009-01-04,0.2,0.1,0,0.0
2009-01-05,0.2,0.1,0,0.0
2009-01-06,0.199,0.1,0,0.0
2009-01-07,0.55,0.1,0,0.0
2009-01-08,0.419,0.1,0,0.0
2009-01-09,0.395,0.1,0,0.0
2009-01-10,0.304,0.1,0,0.0
2009-01-11,0.342,0.1,0,0.0
2009-01-12,0.304,0.1,0,0.0
2009-01-13,0.268,0.5390625,0,0.0
2009-01-14,0.268,1.8973958333,0,0.0
2009-01-15,0.233,2.14375,0,0.0
2009-01-16,0.198,2.2838541667,0,0.0
2009-01-17,0.198,3.0463541667,0,0.0
2009-01-18,0.164,3.8989583333,0,0.0
2009-01-19,0.877,4.4046875,0,0.0
2009-01-20,0.985,3.821875,0,0.0
2009-01-21,0.532,3.3677083333,0,0.0
2009-01-22,0.409,3.115625,0,0.0
2009-01-23,0.603,3.1572916667,0,0.0
2009-01-24,5.625,3.1354166667,0,0.0
2009-01-25,3.641,2.4713541667,0,0.0
2009-01-26,2.199,1.509375,0,0.0
2009-01-27,1.344,1.0229166667,0,0.0
2009-01-28,0.845,0.7041666667,0,0.0
2009-01-29,0.617,0.3192708333,0,0.0
2009-01-30,0.423,0.2416666667,0,0.0
2009-01-31,0.342,0.1,0,0.0
2009-02-01,0.312,0.3552083333,0,0.0
2009-02-02,0.253,1.3807291667,0,0.0
2009-02-03,0.246,1.8645833333,0,0.0
2009-02-04,0.236,3.3661458333,0,0.0
2009-02-05,0.199,4.1901041667,0,0.0
2009-02-06,0.198,4.0973958333,0,0.0
2009-02-07,0.198,3.9651041667,0,0.0
2009-02-08,0.198,3.0895833333,0,0.0
2009-02-09,0.198,2.7234375,0,0.0
2009-02-10,0.24,2.6557291667,0,0.0
2009-02-11,2.392,2.3713541667,0,0.0
2009-02-12,2.208,2.0901041667,0,0.0
2009-02-13,1.626,0.9401041667,0,0.0
2009-02-14,1.253,0.1,0,0.0
2009-02-15,0.871,0.6770833333,0,0.0
2009-02-16,0.702,1.4609375,0,0.0
2009-02-17,2.713,1.040625,0,0.0
2009-02-18,6.503,1.5338541667,0,0.0
2009-02-19,3.702,1.6291666667,0,0.0
2009-02-20,2.279,1.7307291667,0,0.0
2009-02-21,1.984,3.6484375,0,0.0
2009-02-22,2.069,4.9229166667,0,0.0
2009-02-23,3.368,4.896875,0,0.0
2009-02-24,3,4.7484375,0,0.0
2009-02-25,2.199,5.090625,0,0.0
2009-02-26,1.633,5.4916666667,0,0.0
2009-02-27,1.29,6.60625,0,0.0
2009-02-28,1.82,7.7921875,0,0.0
2009-03-01,2.324,7.8432291667,0,0.0
2009-03-02,1.974,7.534375,0,0.0
2009-03-03,1.447,7.240625,0,0.0
2009-03-04,1.163,6.1609375,0,0.0
2009-03-05,1.022,5.4453125,0,0.0
2009-03-06,1.194,5.3901041667,0,0.0
2009-03-07,2.049,5.4947916667,0,0.0
2009-03-08,2.408,5.69375,0,0.0
2009-03-09,2.74,5.9776041667,0,0.0
2009-03-10,2.779,5.9552083333,0,0.0
2009-03-11,5.07,5.7104166667,0,0.0
2009-03-12,4.336,6.4458333333,0,0.0
2009-03-13,4.636,7.3848958333,0,0.0
2009-03-14,4.199,8.0776041667,0,0.0
2009-03-15,2.899,8.2739583333,0,0.0
2009-03-16,1.986,8.0078125,0,0.0
2009-03-17,1.299,6.7302083333,0,0.0
2009-03-18,1.02,5.6859375,0,0.0
2009-03-19,0.863,4.8338541667,0,0.0
2009-03-20,0.654,4.1239583333,0,0.0
2009-03-21,0.547,4.4494791667,0,0.0
2009-03-22,0.463,5.2015625,0,0.0
2009-03-23,0.394,5.059375,0,0.0
2009-03-24,0.624,4.9239583333,0,0.0
2009-03-25,0.546,5.2161458333,0,0.0
2009-03-26,2.184,5.2171875,0,0.0
2009-03-27,6.537,6.15625,0,0.0
2009-03-28,5.645,6.5671875,0,0.0
2009-03-29,3.688,6.0734375,0,0.0
2009-03-30,2.565,6.1489583333,0,0.0
2009-03-31,1.941,6.9552083333,0,0.0
2009-04-01,1.369,9.1208333333,0,0.0
2009-04-02,0.952,11.825,0,0.0
2009-04-03,0.714,13.5125,0,0.0
2009-04-04,0.593,13.9385416667,0,0.0
2009-04-05,0.477,14.1583333333,0,0.0
2009-04-06,0.414,13.9265625,0,0.0
2009-04-07,0.348,13.4619791667,0,0.0
2009-04-08,0.33,14.04375,0,0.0
2009-04-09,0.33,14.8557291667,0,0.0
2009-04-10,0.272,15.390625,0,0.0
2009-04-11,0.269,16.0260416667,0,0.0
2009-04-12,0.234,15.5067708333,0,0.0
2009-04-13,0.234,14.3645833333,0,0.0
2009-04-14,0.233,14.4104166667,0,0.0
2009-04-15,0.233,14.4255208333,0,0.0
2009-04-16,0.198,13.9734375,0,0.0
2009-04-17,0.198,12.8984375,0,0.0
2009-04-18,0.35,11.6921875,0,0.0
2009-04-19,0.276,11.2520833333,0,0.0
2009-04-20,0.235,12.059375,0,0.0
2009-04-21,0.233,12.3182291667,0,0.0
2009-04-22,0.233,11.7583333333,0,0.0
2009-04-23,0.233,11.6489583333,0,0.0
2009-04-24,0.198,11.8177083333,0,0.0
2009-04-25,0.198,13.1369791667,0,0.0
2009-04-26,0.198,14.0046875,0,0.0
2009-04-27,0.198,13.3114583333,0,0.0
2009-04-28,0.164,12.4786458333,0,0.0
2009-04-29,0.164,11.5421875,0,0.0
2009-04-30,0.164,11.8369791667,0,0.0
2009-05-01,0.164,12.8901041667,0,0.0
2009-05-02,0.164,13.0739583333,0,0.0
2009-05-03,0.164,12.3697916667,0,0.0
2009-05-04,0.164,11.3401041667,0,0.0
2009-05-05,0.147,10.8619791667,0,0.0
2009-05-06,0.129,11.8057291667,0,0.0
2009-05-07,0.129,12.9161458333,0,0.0
2009-05-08,0.129,13.2213541667,0,0.0
2009-05-09,0.129,13.9526041667,0,0.0
2009-05-10,0.129,13.3119791667,0,0.0
2009-05-11,0.129,12.9244791667,0,0.0
2009-05-12,0.129,13.746875,0,0.0
2009-05-13,0.129,13.7822916667,0,0.0
2009-05-14,0.129,14.1307291667,0,0.0
2009-05-15,0.097,14.4041666667,0,0.0
2009-05-16,0.097,14.2609375,0,0.0
2009-05-17,0.097,14.1765625,0,0.0
2009-05-18,0.097,14.2067708333,0,0.0
2009-05-19,0.097,14.9885416667,0,0.0
2009-05-20,0.097,15.6447916667,0,0.0
2009-05-21,0.097,15.6203125,0,0.0
2009-05-22,0.097,15.9890625,0,0.0
2009-05-23,0.097,16.9041666667,0,0.0
2009-05-24,0.097,17.6447916667,0,0.0
2009-05-25,0.097,18.4578125,0,0.0
2009-05-26,0.097,17.6921875,0,0.0
2009-05-27,0.097,16.4072916667,0,0.0
2009-05-28,0.097,14.9703125,0,0.0
2009-05-29,0.067,14.4322916667,0,0.0
2009-05-30,0.067,15.4520833333,0,0.0
2009-05-31,0.067,16.5359375,0,0.0
2009-06-01,0.067,17.365625,0,0.0
2009-06-02,0.067,16.5614583333,0,0.0
2009-06-03,0.097,15.0645833333,0,0.0
2009-06-04,0.097,13.0291666667,0,0.0
2009-06-05,0.097,11.00625,0,0.0
2009-06-06,0.097,10.8010416667,0,0.0
2009-06-07,0.089,11.8083333333,0,0.0
2009-06-08,0.097,13.25,0,0.0
2009-06-09,0.068,14.6526041667,0,0.0
2009-06-10,0.067,14.8380208333,0,0.0
2009-06-11,0.067,14.4697916667,0,0.0
2009-06-12,0.075,13.9890625,0,0.0
2009-06-13,0.09,14.6708333333,0,0.0
2009-06-14,0.097,15.3546875,0,0.0
2009-06-15,0.082,15.4666666667,0,0.0
2009-06-16,0.096,15.9604166667,0,0.0
2009-06-17,0.097,16.1489583333,0,0.0
2009-06-18,0.097,16.1635416667,0,0.0
2009-06-19,0.097,16.0567708333,0,0.0
2009-06-20,0.097,15.0671875,0,0.0
2009-06-21,0.097,13.6145833333,0,0.0
2009-06-22,0.097,13.8119791667,0,0.0
2009-06-23,0.067,15.2619791667,0,0.0
2009-06-24,0.067,17.0479166667,0,0.0
2009-06-25,0.067,19.1302083333,0,0.0
2009-06-26,0.067,19.8755208333,0,0.0
2009-06-27,0.067,20.2666666667,0,0.0
2009-06-28,0.067,20.7489583333,0,0.0
2009-06-29,0.067,21.0552083333,0,0.0
2009-06-30,0.067,22.0546875,0,0.0
2009-07-01,0.067,22.6864583333,0,0.0
2009-07-02,0.067,22.8401041667,0,0.0
2009-07-03,0.067,22.5489583333,0,0.0
2009-07-04,0.067,21.9208333333,0,0.0
2009-07-05,0.067,20.8744791667,0,0.0
2009-07-06,0.067,19.5317708333,0,0.0
2009-07-07,0.268,18.125,0,0.0
2009-07-08,0.242,16.6125,0,0.0
2009-07-09,0.303,15.1916666667,0,0.0
2009-07-10,0.233,14.8526041667,0,0.0
2009-07-11,0.304,15.3354166667,0,0.0
2009-07-12,0.233,16.7432291667,0,0.0
2009-07-13,0.198,18.8375,0,0.0
2009-07-14,0.198,20.2885416667,0,0.0
2009-07-15,0.198,21.2322916667,0,0.0
2009-07-16,0.164,21.1026041667,0,0.0
2009-07-17,0.164,19.5567708333,0,0.0
2009-07-18,0.164,18.4135416667,0,0.0
2009-07-19,0.129,17.6723958333,0,0.0
2009-07-20,0.129,18.2125,0,0.0
2009-07-21,0.129,19.9416666667,0,0.0
2009-07-22,0.129,20.4875,0,0.0
2009-07-23,0.129,20.4338541667,0,0.0
2009-07-24,0.097,19.0369791667,0,0.0
2009-07-25,0.097,17.946875,0,0.0
2009-07-26,0.097,18.3401041667,0,0.0
2009-07-27,0.097,18.3119791667,0,0.0
2009-07-28,0.097,19.6098958333,0,0.0
2009-07-29,0.097,19.7322916667,0,0.0
2009-07-30,0.097,18.6765625,0,0.0
2009-07-31,0.097,19.24375,0,0.0
2009-08-01,0.097,18.2072916667,0,0.0
2009-08-02,0.097,17.4744791667,0,0.0
2009-08-03,0.097,17.54375,0,0.0
2009-08-04,0.067,17.5984375,0,0.0
2009-08-05,0.067,18.8989583333,0,0.0
2009-08-06,0.067,20.8640625,0,0.0
2009-08-07,0.067,21.3427083333,0,0.0
2009-08-08,0.067,21.2208333333,0,0.0
2009-08-09,0.067,20.3135416667,0,0.0
2009-08-10,0.067,19.159375,0,0.0
2009-08-11,0.097,19.0041666667,0,0.0
2009-08-12,0.097,18.3234375,0,0.0
2009-08-13,0.304,17.7671875,0,0.0
2009-08-14,0.233,18.0557291667,0,0.0
2009-08-15,0.198,18.7270833333,0,0.0
2009-08-16,0.198,19.390625,0,0.0
2009-08-17,0.198,19.8734375,0,0.0
2009-08-18,0.164,20.6234375,0,0.0
2009-08-19,0.164,21.9046875,0,0.0
2009-08-20,0.164,21.3765625,0,0.0
2009-08-21,0.164,20.7515625,0,0.0
2009-08-22,0.129,19.4057291667,0,0.0
2009-08-23,0.129,18.2984375,0,0.0
2009-08-24,0.129,18.7390625,0,0.0
2009-08-25,0.122,19.39375,0,0.0
2009-08-26,0.097,20.3197916667,0,0.0
2009-08-27,0.097,19.7463541667,0,0.0
2009-08-28,0.097,18.6234375,0,0.0
2009-08-29,0.097,17.5598958333,0,0.0
2009-08-30,0.097,16.9953125,0,0.0
2009-08-31,0.097,17.1869791667,0,0.0
2009-09-01,0.067,17.6869791667,0,0.0
2009-09-02,0.067,18.0140625,0,0.0
2009-09-03,0.067,16.5921875,0,0.0
2009-09-04,0.097,14.9453125,0,0.0
2009-09-05,0.097,14.2328125,0,0.0
2009-09-06,0.097,14.5265625,0,0.0
2009-09-07,0.097,16.1765625,0,0.0
2009-09-08,0.097,17.8645833333,0,0.0
2009-09-09,0.097,18.3984375,0,0.0
2009-09-10,0.097,17.6536458333,0,0.0
2009-09-11,0.067,16.2567708333,0,0.0
2009-09-12,0.067,14.3265625,0,0.0
2009-09-13,0.067,13.33125,0,0.0
2009-09-14,0.067,13.2380208333,0,0.0
2009-09-15,0.067,13.7151041667,0,0.0
2009-09-16,0.067,14.2703125,0,0.0
2009-09-17,0.067,15.3114583333,0,0.0
2009-09-18,0.067,16.6453125,0,0.0
2009-09-19,0.067,17.0796875,0,0.0
2009-09-20,0.067,17.2598958333,0,0.0
2009-09-21,0.067,16.9598958333,0,0.0
2009-09-22,0.067,16.1380208333,0,0.0
2009-09-23,0.067,15.1505208333,0,0.0
2009-09-24,0.067,14.3666666667,0,0.0
2009-09-25,0.067,13.9348958333,0,0.0
2009-09-26,0.067,13.2583333333,0,0.0
2009-09-27,0.067,12.8385416667,0,0.0
2009-09-28,0.067,13.6640625,0,0.0
2009-09-29,0.067,14.1421875,0,0.0
2009-09-30,0.067,14.0208333333,0,0.0
2009-10-01,0.067,13.2541666667,0,0.0
2009-10-02,0.067,12.3619791667,0,0.0
2009-10-03,0.067,11.7130208333,0,0.0
2009-10-04,0.067,11.4328125,0,0.0
2009-10-05,0.067,12.8848958333,0,0.0
2009-10-06,0.067,14.7953125,0,0.0
2009-10-07,0.305,14.803125,0,0.0
2009-10-08,0.27,14.5411458333,0,0.0
2009-10-09,0.268,13.8942708333,0,0.0
2009-10-10,0.233,12.1322916667,0,0.0
2009-10-11,0.886,11.3953125,0,0.0
2009-10-12,1.073,10.6760416667,0,0.0
2009-10-13,0.786,7.9713541667,0,0.0
2009-10-14,0.544,5.475,0,0.0
2009-10-15,0.383,4.90625,0,0.0
2009-10-16,0.304,4.7875,0,0.0
2009-10-17,0.268,5.5822916667,0,0.0
2009-10-18,0.259,6.35,0,0.0
2009-10-19,0.198,6.1765625,0,0.0
2009-10-20,0.198,6.9255208333,0,0.0
2009-10-21,0.198,7.9567708333,0,0.0
2009-10-22,0.164,8.940625,0,0.0
2009-10-23,0.164,9.8671875,0,0.0
2009-10-24,0.164,10.41875,0,0.0
2009-10-25,0.129,11.1067708333,0,0.0
2009-10-26,0.129,11.5395833333,0,0.0
2009-10-27,0.129,11.209375,0,0.0
2009-10-28,0.129,10.315625,0,0.0
2009-10-29,0.097,9.6005208333,0,0.0
2009-10-30,0.097,8.83125,0,0.0
2009-10-31,0.097,9.0526041667,0,0.0
2009-11-01,0.145,9.4328125,0,0.0
2009-11-02,0.382,9.0171875,0,0.0
2009-11-03,0.759,9.1427083333,0,0.0
2009-11-04,0.848,8.7572916667,0,0.0
2009-11-05,1.393,8.5729166667,0,0.0
2009-11-06,1.394,8.4364583333,0,0.0
2009-11-07,1.143,7.7713541667,0,0.0
2009-11-08,1.413,7.2348958333,0,0.0
2009-11-09,1.29,6.5802083333,0,0.0
2009-11-10,1.09,6.496875,0,0.0
2009-11-11,1.5,6.5526041667,0,0.0
2009-11-12,1.509,7.9859375,0,0.0
2009-11-13,1.166,9.5979166667,0,0.0
2009-11-14,0.896,10.5734375,0,0.0
2009-11-15,0.736,11.8567708333,0,0.0
2009-11-16,0.692,11.4046875,0,0.0
2009-11-17,0.617,10.5479166667,0,0.0
2009-11-18,0.688,10.5083333333,0,0.0
2009-11-19,0.643,10.8395833333,0,0.0
2009-11-20,0.6,11.6208333333,0,0.0
2009-11-21,0.516,12.2453125,0,0.0
2009-11-22,0.469,12.2989583333,0,0.0
2009-11-23,0.444,12.1302083333,0,0.0
2009-11-24,2.713,11.6651041667,0,0.0
2009-11-25,2.832,10.9885416667,0,0.0
2009-11-26,2.403,10.3875,0,0.0
2009-11-27,1.698,9.6286458333,0,0.0
2009-11-28,1.723,9.1890625,0,0.0
2009-11-29,2.525,8.3385416667,0,0.0
2009-11-30,2.782,7.5119791667,0,0.0
2009-12-01,2.097,6.8526041667,0,0.0
2009-12-02,1.427,6.63125,0,0.0
2009-12-03,1.082,6.196875,0,0.0
2009-12-04,0.946,6.3104166667,0,0.0
2009-12-05,0.737,7.2109375,0,0.0
2009-12-06,0.997,6.5807291667,0,0.0
2009-12-07,2.865,7.1572916667,0,0.0
2009-12-08,2.985,7.3958333333,0,0.0
2009-12-09,2.889,7.1161458333,0,0.0
2009-12-10,2.526,7.0609375,0,0.0
2009-12-11,6.282,6.1338541667,0,0.0
2009-12-12,4.447,4.8708333333,0,0.0
2009-12-13,2.858,2.403125,0,0.0
2009-12-14,1.871,0.3270833333,0,0.0
2009-12-15,1.334,0.1,0,0.0
2009-12-16,1.007,0.1,0,0.0
2009-12-17,0.815,0.1,0,0.0
2009-12-18,0.657,0.1,0,0.0
2009-12-19,0.553,0.1,0,0.0
2009-12-20,0.37,0.1,0,0.0
2009-12-21,0.467,0.1,0,0.0
2009-12-22,0.431,0.1,0,0.0
2009-12-23,0.527,0.8125,0,0.0
2009-12-24,0.427,2.4697916667,0,0.0
2009-12-25,0.424,2.5713541667,0,0.0
2009-12-26,2.644,3.1989583333,0,0.0
2009-12-27,2.486,3.4583333333,0,0.0
2009-12-28,2.121,2.7984375,0,0.0
2009-12-29,1.739,4.0536458333,0,0.0
2009-12-30,2.726,3.8729166667,0,0.0
2009-12-31,4.099,2.7640625,0,0.0
2010-01-01,3.401,1.9901041667,0,0.0
2010-01-02,2.412,0.1,0,0.0
2010-01-03,1.695,0.1,0,0.0
2010-01-04,1.257,0.1,0,0.0
2010-01-05,1.013,0.1,0,0.0
2010-01-06,0.846,0.1,0,0.0
2010-01-07,0.68,0.1,0,0.0
2010-01-08,0.487,0.1,0,0.0
2010-01-09,0.47,0.1,0,0.0
2010-01-10,0.435,0.1,0,0.0
2010-01-11,0.4,0.1,0,0.0
2010-01-12,0.374,0.1,0,0.0
2010-01-13,0.361,0.1,0,0.0
2010-01-14,0.348,0.1,0,0.0
2010-01-15,0.333,0.1,0,0.0
2010-01-16,0.306,1.1572916667,0,0.0
2010-01-17,0.314,1.9057291667,0,0.0
2010-01-18,0.418,2.5588541667,0,0.0
2010-01-19,0.602,3.3104166667,0,0.0
2010-01-20,1.064,3.1213541667,0,0.0
2010-01-21,1.151,2.7666666667,0,0.0
2010-01-22,1.003,1.68125,0,0.0
2010-01-23,0.892,0.928125,0,0.0
2010-01-24,0.778,0.1140625,0,0.0
2010-01-25,0.705,0.1,0,0.0
2010-01-26,0.574,0.1,0,0.0
2010-01-27,0.376,0.1,0,0.0
2010-01-28,0.545,0.1,0,0.0
2010-01-29,0.511,0.1,0,0.0
2010-01-30,0.499,0.24375,0,0.0
2010-01-31,0.427,0.1,0,0.0
2010-02-01,0.393,0.1,0,0.0
2010-02-02,0.366,0.6494791667,0,0.0
2010-02-03,0.618,1.7817708333,0,0.0
2010-02-04,0.584,2.6078125,0,0.0
2010-02-05,0.659,2.7755208333,0,0.0
2010-02-06,0.896,2.9442708333,0,0.0
2010-02-07,1.199,1.2270833333,0,0.0
2010-02-08,1.505,0.1,0,0.0
2010-02-09,1.587,0.1,0,0.0
2010-02-10,1.394,0.1,0,0.0
2010-02-11,1.122,0.1,0,0.0
2010-02-12,0.921,0.1,0,0.0
2010-02-13,0.767,0.1,0,0.0
2010-02-14,0.672,0.1,0,0.0
2010-02-15,0.574,0.1,0,0.0
2010-02-16,0.521,0.1,0,0.0
2010-02-17,0.464,0.3203125,0,0.0
2010-02-18,0.445,1.8135416667,0,0.0
2010-02-19,0.495,2.4671875,0,0.0
2010-02-20,0.478,3.1145833333,0,0.0
2010-02-21,0.445,3.70625,0,0.0
2010-02-22,0.463,4.3572916667,0,0.0
2010-02-23,2.495,6.1661458333,0,0.0
2010-02-24,8.113,7.9583333333,0,0.0
2010-02-25,9.013,8.2869791667,0,0.0
2010-02-26,8.993,8.546875,0,0.0
2010-02-27,6.693,8.225,0,0.0
2010-02-28,4.13,6.9421875,0,0.0
2010-03-01,3.272,5.2552083333,0,0.0
2010-03-02,2.513,3.7276041667,0,0.0
2010-03-03,2.191,2.0598958333,0,0.0
2010-03-04,1.762,0.9364583333,0,0.0
2010-03-05,1.38,0.1989583333,0,0.0
2010-03-06,1.097,0.1,0,0.0
2010-03-07,0.845,0.1,0,0.0
2010-03-08,0.734,0.1,0,0.0
2010-03-09,0.658,0.1,0,0.0
2010-03-10,0.571,0.1,0,0.0
2010-03-11,0.533,0.2958333333,0,0.0
2010-03-12,0.486,1.6786458333,0,0.0
2010-03-13,0.457,2.65625,0,0.0
2010-03-14,0.496,4.3958333333,0,0.0
2010-03-15,0.699,5.1052083333,0,0.0
2010-03-16,1.546,6.0677083333,0,0.0
2010-03-17,2.082,7.5463541667,0,0.0
2010-03-18,1.735,9.6625,0,0.0
2010-03-19,1.372,11.7635416667,0,0.0
2010-03-20,1.104,12.2442708333,0,0.0
2010-03-21,1.175,11.840625,0,0.0
2010-03-22,2.181,10.659375,0,0.0
2010-03-23,2.384,10.5302083333,0,0.0
2010-03-24,1.852,12.0473958333,0,0.0
2010-03-25,1.442,12.0651041667,0,0.0
2010-03-26,1.121,11.9947916667,0,0.0
2010-03-27,1.34,11.0901041667,0,0.0
2010-03-28,1.087,9.8682291667,0,0.0
2010-03-29,1.087,10.3854166667,0,0.0
2010-03-30,2.772,9.8697916667,0,0.0
2010-03-31,2.402,8.7916666667,0,0.0
2010-04-01,1.87,7.8822916667,0,0.0
2010-04-02,1.309,7.3442708333,0,0.0
2010-04-03,1.064,7.640625,0,0.0
2010-04-04,0.898,8.2854166667,0,0.0
2010-04-05,1.002,9.0140625,0,0.0
2010-04-06,0.708,10.2817708333,0,0.0
2010-04-07,0.674,10.91875,0,0.0
2010-04-08,0.638,11.14375,0,0.0
2010-04-09,0.566,10.5755208333,0,0.0
2010-04-10,0.505,8.378125,0,0.0
2010-04-11,0.463,7.6828125,0,0.0
2010-04-12,0.439,8.4395833333,0,0.0
2010-04-13,0.419,8.8859375,0,0.0
2010-04-14,0.392,9.8927083333,0,0.0
2010-04-15,0.365,9.6005208333,0,0.0
2010-04-16,0.339,8.7734375,0,0.0
2010-04-17,0.316,9.1541666667,0,0.0
2010-04-18,0.301,8.9421875,0,0.0
2010-04-19,0.293,9.4880208333,0,0.0
2010-04-20,0.29,8.8083333333,0,0.0
2010-04-21,0.268,7.275,0,0.0
2010-04-22,0.261,7.328125,0,0.0
2010-04-23,0.253,8.3338541667,0,0.0
2010-04-24,0.242,11.1489583333,0,0.0
2010-04-25,0.234,13.0010416667,0,0.0
2010-04-26,0.23,13.7911458333,0,0.0
2010-04-27,0.228,14.4078125,0,0.0
2010-04-28,0.217,15.2375,0,0.0
2010-04-29,0.216,15.9671875,0,0.0
2010-04-30,0.211,16.0463541667,0,0.0
2010-05-01,0.204,14.6697916667,0,0.0
2010-05-02,0.234,11.565625,0,0.0
2010-05-03,0.244,9.6640625,0,0.0
2010-05-04,0.21,8.5833333333,0,0.0
2010-05-05,0.2,7.6723958333,0,0.0
2010-05-06,0.197,7.0901041667,0,0.0
2010-05-07,0.372,7.2390625,0,0.0
2010-05-08,0.295,7.8911458333,0,0.0
2010-05-09,0.253,8.7213541667,0,0.0
2010-05-10,0.239,9.4395833333,0,0.0
2010-05-11,0.229,8.9067708333,0,0.0
2010-05-12,0.239,7.9817708333,0,0.0
2010-05-13,0.237,7.7557291667,0,0.0
2010-05-14,0.228,7.9958333333,0,0.0
2010-05-15,0.216,9.2890625,0,0.0
2010-05-16,0.211,9.8734375,0,0.0
2010-05-17,0.199,10.0567708333,0,0.0
2010-05-18,0.199,10.5239583333,0,0.0
2010-05-19,0.188,11.1713541667,0,0.0
2010-05-20,0.179,12.584375,0,0.0
2010-05-21,0.172,14.0828125,0,0.0
2010-05-22,0.162,15.4625,0,0.0
2010-05-23,0.154,16.6713541667,0,0.0
2010-05-24,0.146,17.0921875,0,0.0
2010-05-25,0.14,16.1494791667,0,0.0
2010-05-26,0.134,15.2255208333,0,0.0
2010-05-27,0.231,13.9302083333,0,0.0
2010-05-28,0.166,13.4442708333,0,0.0
2010-05-29,0.15,13.6447916667,0,0.0
2010-05-30,0.142,13.1786458333,0,0.0
2010-05-31,0.506,13.1026041667,0,0.0
2010-06-01,0.443,13.1875,0,0.0
2010-06-02,0.37,14.2598958333,0,0.0
2010-06-03,0.325,15.8348958333,0,0.0
2010-06-04,0.288,17.2432291667,0,0.0
2010-06-05,0.256,18.3208333333,0,0.0
2010-06-06,0.232,18.3140625,0,0.0
2010-06-07,0.311,18.6020833333,0,0.0
2010-06-08,0.221,18.771875,0,0.0
2010-06-09,0.202,18.9322916667,0,0.0
2010-06-10,0.198,19.934375,0,0.0
2010-06-11,0.187,18.8510416667,0,0.0
2010-06-12,0.175,17.1770833333,0,0.0
2010-06-13,0.178,16.5203125,0,0.0
2010-06-14,0.165,15.246875,0,0.0
2010-06-15,0.157,15.746875,0,0.0
2010-06-16,0.147,16.6958333333,0,0.0
2010-06-17,0.134,15.7432291667,0,0.0
2010-06-18,0.103,14.7109375,0,0.0
2010-06-19,0.137,13.534375,0,0.0
2010-06-20,0.139,12.3609375,0,0.0
2010-06-21,0.135,12.7916666667,0,0.0
2010-06-22,0.127,14.2083333333,0,0.0
2010-06-23,0.091,16.2989583333,0,0.0
2010-06-24,0.091,18.1583333333,0,0.0
2010-06-25,0.078,19.3723958333,0,0.0
2010-06-26,0.091,20.5572916667,0,0.0
2010-06-27,0.071,21.3614583333,0,0.0
2010-06-28,0.072,21.7786458333,0,0.0
2010-06-29,0.067,22.2598958333,0,0.0
2010-06-30,0.073,22.7958333333,0,0.0
2010-07-01,0.047,23.7927083333,0,0.0
2010-07-02,0.033,24.6041666667,0,0.0
2010-07-03,0.036,24.7630208333,0,0.0
2010-07-04,0.077,23.5177083333,0,0.0
2010-07-05,0.055,20.9885416667,0,0.0
2010-07-06,0.055,19.8473958333,0,0.0
2010-07-07,0.056,20.6765625,0,0.0
2010-07-08,0.036,22.6255208333,0,0.0
2010-07-09,0.034,25.5661458333,0,0.0
2010-07-10,0.027,27.1291666667,0,0.0
2010-07-11,0.026,26.7520833333,0,0.0
2010-07-12,0.033,25.7098958333,0,0.0
2010-07-13,0.087,24.5973958333,0,0.0
2010-07-14,0.055,23.2369791667,0,0.0
2010-07-15,0.25,22.9661458333,0,0.0
2010-07-16,0.076,22.0401041667,0,0.0
2010-07-17,0.039,20.3979166667,0,0.0
2010-07-18,0.059,20.5583333333,0,0.0
2010-07-19,0.055,20.8703125,0,0.0
2010-07-20,0.042,22.0526041667,0,0.0
2010-07-21,0.032,22.6369791667,0,0.0
2010-07-22,0.035,22.0109375,0,0.0
2010-07-23,0.052,20.1822916667,0,0.0
2010-07-24,0.049,18.0635416667,0,0.0
2010-07-25,0.044,17.1145833333,0,0.0
2010-07-26,0.053,16.8645833333,0,0.0
2010-07-27,0.19,17.3265625,0,0.0
2010-07-28,0.091,17.2432291667,0,0.0
2010-07-29,0.086,17.4875,0,0.0
2010-07-30,0.19,17.9015625,0,0.0
2010-07-31,0.137,18.146875,0,0.0
2010-08-01,0.083,18.7567708333,0,0.0
2010-08-02,0.12,18.7192708333,0,0.0
2010-08-03,0.085,18.0541666667,0,0.0
2010-08-04,0.09,17.1385416667,0,0.0
2010-08-05,0.231,16.865625,0,0.0
2010-08-06,0.121,17.2067708333,0,0.0
2010-08-07,0.085,17.2385416667,0,0.0
2010-08-08,0.059,17.4776041667,0,0.0
2010-08-09,0.231,18.4338541667,0,0.0
2010-08-10,0.152,18.4598958333,0,0.0
2010-08-11,0.111,18.5713541667,0,0.0
2010-08-12,0.226,18.3161458333,0,0.0
2010-08-13,0.174,17.8286458333,0,0.0
2010-08-14,0.144,17.2072916667,0,0.0
2010-08-15,0.118,16.9859375,0,0.0
2010-08-16,0.304,16.6619791667,0,0.0
2010-08-17,0.192,16.2125,0,0.0
2010-08-18,0.747,16.3375,0,0.0
2010-08-19,0.541,17.234375,0,0.0
2010-08-20,0.376,19.0677083333,0,0.0
2010-08-21,0.274,20.0838541667,0,0.0
2010-08-22,0.218,20.7802083333,0,0.0
2010-08-23,0.467,19.9145833333,0,0.0
2010-08-24,0.318,18.471875,0,0.0
2010-08-25,0.242,18.0322916667,0,0.0
2010-08-26,0.214,17.2859375,0,0.0
2010-08-27,0.461,16.1203125,0,0.0
2010-08-28,1.62,15.0588541667,0,0.0
2010-08-29,1.04,13.4078125,0,0.0
2010-08-30,2.269,12.7651041667,0,0.0
2010-08-31,2.772,12.7109375,0,0.0
2010-09-01,1.63,12.7375,0,0.0
2010-09-02,1.037,13.1692708333,0,0.0
2010-09-03,0.705,12.921875,0,0.0
2010-09-04,0.536,13.1479166667,0,0.0
2010-09-05,0.432,13.8229166667,0,0.0
2010-09-06,0.366,13.5328125,0,0.0
2010-09-07,0.327,14.1515625,0,0.0
2010-09-08,0.331,14.684375,0,0.0
2010-09-09,0.315,14.7125,0,0.0
2010-09-10,0.368,15.9479166667,0,0.0
2010-09-11,0.302,15.765625,0,0.0
2010-09-12,0.267,15.5869791667,0,0.0
2010-09-13,0.29,15.9114583333,0,0.0
2010-09-14,0.251,15.2151041667,0,0.0
2010-09-15,0.262,14.89375,0,0.0
2010-09-16,0.483,14.23125,0,0.0
2010-09-17,1.274,12.5161458333,0,0.0
2010-09-18,1.403,11.6265625,0,0.0
2010-09-19,1.092,11.9854166667,0,0.0
2010-09-20,0.793,12.5354166667,0,0.0
2010-09-21,0.598,14.2083333333,0,0.0
2010-09-22,0.474,15.803125,0,0.0
2010-09-23,0.41,15.6947916667,0,0.0
2010-09-24,0.402,15.0557291667,0,0.0
2010-09-25,0.764,13.584375,0,0.0
2010-09-26,0.551,11.4286458333,0,0.0
2010-09-27,0.53,10.6072916667,0,0.0
2010-09-28,0.925,10.49375,0,0.0
2010-09-29,0.849,10.5166666667,0,0.0
2010-09-30,0.9,11.3046875,0,0.0
2010-10-01,0.91,12.0208333333,0,0.0
2010-10-02,0.75,13.7817708333,0,0.0
2010-10-03,1.264,15.08125,0,0.0
2010-10-04,1.282,16.0630208333,0,0.0
2010-10-05,1.098,16.5760416667,0,0.0
2010-10-06,0.907,16.0276041667,0,0.0
2010-10-07,0.761,15.7270833333,0,0.0
2010-10-08,0.655,15.1364583333,0,0.0
2010-10-09,0.581,13.9911458333,0,0.0
2010-10-10,0.515,12.1854166667,0,0.0
2010-10-11,0.463,9.8572916667,0,0.0
2010-10-12,0.413,7.6442708333,0,0.0
2010-10-13,0.374,6.0463541667,0,0.0
2010-10-14,0.344,6.4020833333,0,0.0
2010-10-15,0.317,7.046875,0,0.0
2010-10-16,0.427,7.465625,0,0.0
2010-10-17,0.35,7.6619791667,0,0.0
2010-10-18,0.296,7.13125,0,0.0
2010-10-19,0.276,6.6807291667,0,0.0
2010-10-20,0.469,6.3333333333,0,0.0
2010-10-21,0.452,6.2291666667,0,0.0
2010-10-22,0.431,5.7869791667,0,0.0
2010-10-23,0.436,5.9802083333,0,0.0
2010-10-24,0.452,5.40625,0,0.0
2010-10-25,0.428,5.1041666667,0,0.0
2010-10-26,0.379,5.6744791667,0,0.0
2010-10-27,0.349,6.2598958333,0,0.0
2010-10-28,0.348,8.234375,0,0.0
2010-10-29,0.34,10.2260416667,0,0.0
2010-10-30,0.331,10.7276041667,0,0.0
2010-10-31,0.326,10.4005208333,0,0.0
2010-11-01,0.321,10.4375,0,0.0
2010-11-02,0.316,10.6067708333,0,0.0
2010-11-03,0.312,12.0661458333,0,0.0
2010-11-04,0.331,13.6125,0,0.0
2010-11-05,0.374,13.5109375,0,0.0
2010-11-06,1.674,12.0723958333,0,0.0
2010-11-07,4.224,9.4598958333,0,0.0
2010-11-08,2.698,7.6744791667,0,0.0
2010-11-09,1.919,6.7078125,0,0.0
2010-11-10,1.501,6.4697916667,0,0.0
2010-11-11,2.075,7.859375,0,0.0
2010-11-12,4.045,9.3541666667,0,0.0
2010-11-13,5.923,11.3026041667,0,0.0
2010-11-14,22.387,11.7421875,0,0.0
2010-11-15,7.468,9.8765625,0,0.0
2010-11-16,3.928,7.7640625,0,0.0
2010-11-17,2.577,5.6286458333,0,0.0
2010-11-18,1.856,5.4046875,0,0.0
2010-11-19,1.388,5.6171875,0,0.0
2010-11-20,1.056,5.4140625,0,0.0
2010-11-21,0.858,5.0265625,0,0.0
2010-11-22,0.727,4.2479166667,0,0.0
2010-11-23,0.637,4.0338541667,0,0.0
2010-11-24,0.589,3.5984375,0,0.0
2010-11-25,0.546,2.4401041667,0,0.0
2010-11-26,0.537,1.2213541667,0,0.0
2010-11-27,0.475,0.1,0,0.0
2010-11-28,0.453,0.1,0,0.0
2010-11-29,0.442,0.1,0,0.0
2010-11-30,0.419,0.1,0,0.0
2010-12-01,0.392,0.1,0,0.0
2010-12-02,0.372,0.1,0,0.0
2010-12-03,0.344,0.1,0,0.0
2010-12-04,0.297,0.1,0,0.0
2010-12-05,0.342,0.1,0,0.0
2010-12-06,0.344,0.1,0,0.0
2010-12-07,0.315,0.1,0,0.0
2010-12-08,0.311,0.1,0,0.0
2010-12-09,0.294,0.1,0,0.0
2010-12-10,0.301,2.0765625,0,0.0
2010-12-11,0.547,3.025,0,0.0
2010-12-12,5.02,1.7109375,0,0.0
2010-12-13,5.001,0.2270833333,0,0.0
2010-12-14,3.141,0.1,0,0.0
2010-12-15,2.029,0.1,0,0.0
2010-12-16,1.454,0.1,0,0.0
2010-12-17,1.281,0.1,0,0.0
2010-12-18,0.963,0.1,0,0.0
2010-12-19,0.764,0.1,0,0.0
2010-12-20,0.657,0.1,0,0.0
2010-12-21,0.554,0.1,0,0.0
2010-12-22,0.507,0.1,0,0.0
2010-12-23,0.555,0.1,0,0.0
2010-12-24,0.665,0.1,0,0.0
2010-12-25,0.667,0.1,0,0.0
2010-12-26,0.645,0.1,0,0.0
2010-12-27,0.698,0.1,0,0.0
2010-12-28,0.66,0.1,0,0.0
2010-12-29,0.624,0.1,0,0.0
2010-12-30,0.581,0.1,0,0.0
2010-12-31,0.532,0.2802083333,0,0.0
2011-01-01,0.504,0.3244791667,0,0.0
2011-01-02,0.602,0.4822916667,0,0.0
2011-01-03,0.572,0.3255208333,0,0.0
2011-01-04,0.569,0.1,0,0.0
2011-01-05,0.653,0.3130208333,0,0.0
2011-01-06,0.602,2.0328125,0,0.0
2011-01-07,6.528,5.2619791667,0,0.0
2011-01-08,10.509,7.1395833333,0,0.0
2011-01-09,14.999,5.9229166667,0,0.0
2011-01-10,9.746,4.9901041667,0,0.0
2011-01-11,4.395,3.440625,0,0.0
2011-01-12,3.032,5.090625,0,0.0
2011-01-13,6.131,7.9203125,0,0.0
2011-01-14,18.621,9.2427083333,0,0.0
2011-01-15,12.35,9.9541666667,0,0.0
2011-01-16,6.143,8.7171875,0,0.0
2011-01-17,3.237,7.6,0,0.0
2011-01-18,2.305,6.2494791667,0,0.0
2011-01-19,1.903,4.453125,0,0.0
2011-01-20,1.777,2.6885416667,0,0.0
2011-01-21,1.588,1.0046875,0,0.0
2011-01-22,1.574,0.7088541667,0,0.0
2011-01-23,1.409,1.3078125,0,0.0
2011-01-24,1.218,2.2598958333,0,0.0
2011-01-25,1.075,2.5791666667,0,0.0
2011-01-26,1.917,2.2052083333,0,0.0
2011-01-27,2.158,0.9833333333,0,0.0
2011-01-28,1.68,0.1,0,0.0
2011-01-29,1.357,0.1,0,0.0
2011-01-30,1.085,0.1,0,0.0
2011-01-31,0.869,0.1,0,0.0
2011-02-01,0.711,0.1,0,0.0
2011-02-02,0.621,0.1,0,0.0
2011-02-03,0.542,1.403125,0,0.0
2011-02-04,0.619,4.9635416667,0,0.0
2011-02-05,0.719,7.4557291667,0,0.0
2011-02-06,0.622,9.0005208333,0,0.0
2011-02-07,0.534,8.7390625,0,0.0
2011-02-08,0.513,7.1135416667,0,0.0
2011-02-09,0.452,6.3057291667,0,0.0
2011-02-10,0.435,6.5286458333,0,0.0
2011-02-11,0.679,6.6963541667,0,0.0
2011-02-12,2.027,7.2088541667,0,0.0
2011-02-13,4.364,7.2260416667,0,0.0
2011-02-14,3.199,5.965625,0,0.0
2011-02-15,2.47,5.6390625,0,0.0
2011-02-16,1.897,4.8651041667,0,0.0
2011-02-17,1.429,3.7973958333,0,0.0
2011-02-18,1.081,3.4052083333,0,0.0
2011-02-19,0.881,2.2145833333,0,0.0
2011-02-20,0.763,0.9572916667,0,0.0
2011-02-21,0.642,0.1,0,0.0
2011-02-22,0.555,0.1,0,0.0
2011-02-23,0.47,0.1,0,0.0
2011-02-24,0.422,0.6442708333,0,0.0
2011-02-25,0.419,2.73125,0,0.0
2011-02-26,0.401,4.1958333333,0,0.0
2011-02-27,0.417,4.8307291667,0,0.0
2011-02-28,0.774,4.7713541667,0,0.0
2011-03-01,0.649,4.2322916667,0,0.0
2011-03-02,0.681,3.6114583333,0,0.0
2011-03-03,0.664,3.3130208333,0,0.0
2011-03-04,0.611,2.5515625,0,0.0
2011-03-05,0.556,2.3130208333,0,0.0
2011-03-06,0.505,2.4885416667,0,0.0
2011-03-07,0.465,3.1869791667,0,0.0
2011-03-08,0.43,4.7802083333,0,0.0
2011-03-09,0.393,5.9489583333,0,0.0
2011-03-10,0.38,7.3703125,0,0.0
2011-03-11,0.362,8.3911458333,0,0.0
2011-03-12,0.334,9.353125,0,0.0
2011-03-13,0.323,10.1020833333,0,0.0
2011-03-14,0.318,10.7911458333,0,0.0
2011-03-15,0.305,10.7484375,0,0.0
2011-03-16,0.29,9.4854166667,0,0.0
2011-03-17,0.276,8.2255208333,0,0.0
2011-03-18,0.263,6.9161458333,0,0.0
2011-03-19,0.265,5.7041666667,0,0.0
2011-03-20,0.258,5.6026041667,0,0.0
2011-03-21,0.239,6.1494791667,0,0.0
2011-03-22,0.241,6.8135416667,0,0.0
2011-03-23,0.228,8.1140625,0,0.0
2011-03-24,0.225,9.1057291667,0,0.0
2011-03-25,0.213,9.1395833333,0,0.0
2011-03-26,0.217,9.1015625,0,0.0
2011-03-27,0.212,8.4447916667,0,0.0
2011-03-28,0.207,8.1453125,0,0.0
2011-03-29,0.196,8.5828125,0,0.0
2011-03-30,0.192,9.4989583333,0,0.0
2011-03-31,0.193,11.3,0,0.0
2011-04-01,0.23,13.3635416667,0,0.0
2011-04-02,0.217,13.9619791667,0,0.0
2011-04-03,0.216,13.3895833333,0,0.0
2011-04-04,0.243,12.1953125,0,0.0
2011-04-05,0.227,11.8348958333,0,0.0
2011-04-06,0.215,12.6411458333,0,0.0
2011-04-07,0.211,13.0791666667,0,0.0
2011-04-08,0.203,13.5567708333,0,0.0
2011-04-09,0.204,12.7869791667,0,0.0
2011-04-10,0.201,12.8494791667,0,0.0
2011-04-11,0.198,11.9458333333,0,0.0
2011-04-12,0.197,11.0020833333,0,0.0
2011-04-13,0.195,10.0213541667,0,0.0
2011-04-14,0.196,8.3640625,0,0.0
2011-04-15,0.191,8.6338541667,0,0.0
2011-04-16,0.185,9.6322916667,0,0.0
2011-04-17,0.18,10.6197916667,0,0.0
2011-04-18,0.156,12.3338541667,0,0.0
2011-04-19,0.151,13.6979166667,0,0.0
2011-04-20,0.138,14.953125,0,0.0
2011-04-21,0.132,16.4765625,0,0.0
2011-04-22,0.134,17.5911458333,0,0.0
2011-04-23,0.138,18.1765625,0,0.0
2011-04-24,0.126,18.0296875,0,0.0
2011-04-25,0.129,17.1338541667,0,0.0
2011-04-26,0.124,14.7838541667,0,0.0
2011-04-27,0.126,13.5802083333,0,0.0
2011-04-28,0.15,13.45,0,0.0
2011-04-29,0.152,14.1348958333,0,0.0
2011-04-30,0.147,14.8994791667,0,0.0
2011-05-01,0.1,14.3338541667,0,0.0
2011-05-02,0.109,12.6739583333,0,0.0
2011-05-03,0.117,10.2916666667,0,0.0
2011-05-04,0.111,9.696875,0,0.0
2011-05-05,0.111,11.2052083333,0,0.0
2011-05-06,0.104,14.1619791667,0,0.0
2011-05-07,0.078,17.5505208333,0,0.0
2011-05-08,0.058,19.7911458333,0,0.0
2011-05-09,0.071,20.234375,0,0.0
2011-05-10,0.056,19.3625,0,0.0
2011-05-11,0.069,17.6354166667,0,0.0
2011-05-12,0.071,15.9661458333,0,0.0
2011-05-13,0.077,14.6192708333,0,0.0
2011-05-14,0.082,12.890625,0,0.0
2011-05-15,0.074,12.3130208333,0,0.0
2011-05-16,0.077,12.5713541667,0,0.0
2011-05-17,0.081,13.3651041667,0,0.0
2011-05-18,0.077,14.91875,0,0.0
2011-05-19,0.077,16.1109375,0,0.0
2011-05-20,0.078,17.065625,0,0.0
2011-05-21,0.074,17.2348958333,0,0.0
2011-05-22,0.067,17.1833333333,0,0.0
2011-05-23,0.059,16.6161458333,0,0.0
2011-05-24,0.062,15.640625,0,0.0
2011-05-25,0.048,15.9208333333,0,0.0
2011-05-26,0.034,15.009375,0,0.0
2011-05-27,0.028,15.1192708333,0,0.0
2011-05-28,0.038,16.05,0,0.0
2011-05-29,0.045,17.2161458333,0,0.0
2011-05-30,0.052,17.4015625,0,0.0
2011-05-31,0.059,16.9505208333,0,0.0
2011-06-01,0.148,16.571875,0,0.0
2011-06-02,0.062,16.0515625,0,0.0
2011-06-03,0.046,18.515625,0,0.0
2011-06-04,0.041,20.046875,0,0.0
2011-06-05,0.038,20.7213541667,0,0.0
2011-06-06,0.312,20.2385416667,0,0.0
2011-06-07,0.126,18.0244791667,0,0.0
2011-06-08,0.092,16.7739583333,0,0.0
2011-06-09,0.187,15.603125,0,0.0
2011-06-10,0.135,14.3401041667,0,0.0
2011-06-11,0.081,14.5447916667,0,0.0
2011-06-12,0.094,15.1864583333,0,0.0
2011-06-13,0.084,16.0942708333,0,0.0
2011-06-14,0.055,17.2786458333,0,0.0
2011-06-15,0.062,17.8401041667,0,0.0
2011-06-16,0.067,17.2895833333,0,0.0
2011-06-17,0.068,16.4432291667,0,0.0
2011-06-18,0.056,15.3583333333,0,0.0
2011-06-19,0.065,14.275,0,0.0
2011-06-20,0.066,15.1296875,0,0.0
2011-06-21,0.096,15.61875,0,0.0
2011-06-22,0.108,16.0578125,0,0.0
2011-06-23,0.307,15.9869791667,0,0.0
2011-06-24,0.178,14.5786458333,0,0.0
2011-06-25,0.175,15.2161458333,0,0.0
2011-06-26,0.266,17.3713541667,0,0.0
2011-06-27,0.175,20.7770833333,0,0.0
2011-06-28,0.144,22.2953125,0,0.0
2011-06-29,0.081,21.0984375,0,0.0
2011-06-30,0.137,18.3677083333,0,0.0
2011-07-01,0.07,15.0661458333,0,0.0
2011-07-02,0.109,13.9255208333,0,0.0
2011-07-03,0.078,13.7395833333,0,0.0
2011-07-04,0.077,15.1822916667,0,0.0
2011-07-05,0.064,16.815625,0,0.0
2011-07-06,0.047,18.1166666667,0,0.0
2011-07-07,0.045,19.3692708333,0,0.0
2011-07-08,0.043,19.5421875,0,0.0
2011-07-09,0.043,19.2234375,0,0.0
2011-07-10,0.041,19.2609375,0,0.0
2011-07-11,0.041,19.8208333333,0,0.0
2011-07-12,0.037,18.7067708333,0,0.0
2011-07-13,0.036,17.6036458333,0,0.0
2011-07-14,0.047,17.0260416667,0,0.0
2011-07-15,0.05,16.3755208333,0,0.0
2011-07-16,0.055,16.88125,0,0.0
2011-07-17,0.056,17.4265625,0,0.0
2011-07-18,0.141,17.196875,0,0.0
2011-07-19,0.128,16.484375,0,0.0
2011-07-20,0.085,16.2578125,0,0.0
2011-07-21,0.119,15.9041666667,0,0.0
2011-07-22,0.202,15.1322916667,0,0.0
2011-07-23,0.145,14.2239583333,0,0.0
2011-07-24,0.123,13.9994791667,0,0.0
2011-07-25,0.556,14.2140625,0,0.0
2011-07-26,0.364,14.9651041667,0,0.0
2011-07-27,0.284,16.1119791667,0,0.0
2011-07-28,1.152,16.4541666667,0,0.0
2011-07-29,1.247,16.0619791667,0,0.0
2011-07-30,0.862,15.4291666667,0,0.0
2011-07-31,0.599,15.453125,0,0.0
2011-08-01,0.455,16.7552083333,0,0.0
2011-08-02,0.368,18.1442708333,0,0.0
2011-08-03,0.315,19.9739583333,0,0.0
2011-08-04,0.309,20.7125,0,0.0
2011-08-05,0.286,20.1234375,0,0.0
2011-08-06,0.265,19.5104166667,0,0.0
2011-08-07,0.253,17.9645833333,0,0.0
2011-08-08,0.239,16.6286458333,0,0.0
2011-08-09,0.291,15.8567708333,0,0.0
2011-08-10,0.294,16.6463541667,0,0.0
2011-08-11,0.229,17.3677083333,0,0.0
2011-08-12,0.191,18.44375,0,0.0
2011-08-13,0.265,18.784375,0,0.0
2011-08-14,0.316,17.8515625,0,0.0
2011-08-15,1.478,17.80625,0,0.0
2011-08-16,0.954,18.0942708333,0,0.0
2011-08-17,0.676,19.0317708333,0,0.0
2011-08-18,0.518,19.2479166667,0,0.0
2011-08-19,1.313,19.5578125,0,0.0
2011-08-20,1.461,20.1322916667,0,0.0
2011-08-21,0.969,19.7479166667,0,0.0
2011-08-22,0.738,20.8348958333,0,0.0
2011-08-23,0.558,21.1348958333,0,0.0
2011-08-24,0.483,20.3270833333,0,0.0
2011-08-25,0.418,20.371875,0,0.0
2011-08-26,0.415,18.65,0,0.0
2011-08-27,1.236,17.3473958333,0,0.0
2011-08-28,2.142,16.0744791667,0,0.0
2011-08-29,1.803,14.2911458333,0,0.0
2011-08-30,1.176,13.815625,0,0.0
2011-08-31,0.816,13.7125,0,0.0
2011-09-01,0.58,15.08125,0,0.0
2011-09-02,0.492,17.5416666667,0,0.0
2011-09-03,0.431,19.4796875,0,0.0
2011-09-04,0.386,19.8369791667,0,0.0
2011-09-05,0.37,19.0338541667,0,0.0
2011-09-06,0.296,17.0135416667,0,0.0
2011-09-07,0.508,15.2630208333,0,0.0
2011-09-08,0.498,15.5755208333,0,0.0
2011-09-09,1.276,17.1322916667,0,0.0
2011-09-10,1.601,17.7979166667,0,0.0
2011-09-11,1.175,18.7203125,0,0.0
2011-09-12,1.834,18.7427083333,0,0.0
2011-09-13,1.684,16.8447916667,0,0.0
2011-09-14,1.11,15.8578125,0,0.0
2011-09-15,0.755,15.1270833333,0,0.0
2011-09-16,0.554,14.9979166667,0,0.0
2011-09-17,0.456,14.559375,0,0.0
2011-09-18,0.409,14.4385416667,0,0.0
2011-09-19,0.401,14.2046875,0,0.0
2011-09-20,0.36,14.0213541667,0,0.0
2011-09-21,0.325,14.5135416667,0,0.0
2011-09-22,0.306,14.609375,0,0.0
2011-09-23,0.288,14.8192708333,0,0.0
2011-09-24,0.273,14.7567708333,0,0.0
2011-09-25,0.26,15.5270833333,0,0.0
2011-09-26,0.246,16.5588541667,0,0.0
2011-09-27,0.233,17.3208333333,0,0.0
2011-09-28,0.221,17.9416666667,0,0.0
2011-09-29,0.209,17.8338541667,0,0.0
2011-09-30,0.17,17.6067708333,0,0.0
2011-10-01,0.16,17.4010416667,0,0.0
2011-10-02,0.158,17.078125,0,0.0
2011-10-03,0.154,16.9572916667,0,0.0
2011-10-04,0.153,17.1171875,0,0.0
2011-10-05,0.153,16.334375,0,0.0
2011-10-06,0.163,14.5119791667,0,0.0
2011-10-07,0.243,12.4234375,0,0.0
2011-10-08,0.26,10.3864583333,0,0.0
2011-10-09,0.365,11.2229166667,0,0.0
2011-10-10,0.343,12.7510416667,0,0.0
2011-10-11,0.451,13.784375,0,0.0
2011-10-12,1.266,13.9453125,0,0.0
2011-10-13,4.447,11.625,0,0.0
2011-10-14,2.871,9.3796875,0,0.0
2011-10-15,1.595,8.190625,0,0.0
2011-10-16,0.995,7.9880208333,0,0.0
2011-10-17,0.712,8.3291666667,0,0.0
2011-10-18,0.548,8.6302083333,0,0.0
2011-10-19,0.495,8.0114583333,0,0.0
2011-10-20,0.391,6.8213541667,0,0.0
2011-10-21,0.355,6.0088541667,0,0.0
2011-10-22,0.326,5.8854166667,0,0.0
2011-10-23,0.302,6.6135416667,0,0.0
2011-10-24,0.286,8.2026041667,0,0.0
2011-10-25,0.277,9.3489583333,0,0.0
2011-10-26,0.268,9.846875,0,0.0
2011-10-27,0.252,10.9484375,0,0.0
2011-10-28,0.239,11.6510416667,0,0.0
2011-10-29,0.227,12.4515625,0,0.0
2011-10-30,0.217,13.0708333333,0,0.0
2011-10-31,0.211,12.7177083333,0,0.0
2011-11-01,0.201,12.2994791667,0,0.0
2011-11-02,0.192,12.2765625,0,0.0
2011-11-03,0.183,12.6666666667,0,0.0
2011-11-04,0.186,12.871875,0,0.0
2011-11-05,0.183,12.159375,0,0.0
2011-11-06,0.148,10.6166666667,0,0.0
2011-11-07,0.142,9.1645833333,0,0.0
2011-11-08,0.171,7.7494791667,0,0.0
2011-11-09,0.139,6.9614583333,0,0.0
2011-11-10,0.128,6.9838541667,0,0.0
2011-11-11,0.125,6.6640625,0,0.0
2011-11-12,0.134,6.475,0,0.0
2011-11-13,0.132,6.1171875,0,0.0
2011-11-14,0.129,4.9776041667,0,0.0
2011-11-15,0.124,4.040625,0,0.0
2011-11-16,0.123,3.5541666667,0,0.0
2011-11-17,0.121,4.4744791667,0,0.0
2011-11-18,0.12,5.9010416667,0,0.0
2011-11-19,0.121,7.3380208333,0,0.0
2011-11-20,0.122,8.1244791667,0,0.0
2011-11-21,0.123,7.6833333333,0,0.0
2011-11-22,0.122,7.3526041667,0,0.0
2011-11-23,0.123,6.9786458333,0,0.0
2011-11-24,0.122,6.2890625,0,0.0
2011-11-25,0.122,6.5151041667,0,0.0
2011-11-26,0.124,6.525,0,0.0
2011-11-27,0.128,5.6833333333,0,0.0
2011-11-28,0.13,5.746875,0,0.0
2011-11-29,0.122,5.8333333333,0,0.0
2011-11-30,0.12,6.3104166667,0,0.0
2011-12-01,0.12,7.3348958333,0,0.0
2011-12-02,0.154,7.9140625,0,0.0
2011-12-03,0.233,8.0515625,0,0.0
2011-12-04,0.474,6.8598958333,0,0.0
2011-12-05,0.51,6.0213541667,0,0.0
2011-12-06,0.977,5.715625,0,0.0
2011-12-07,1.428,5.4026041667,0,0.0
2011-12-08,2.221,5.8130208333,0,0.0
2011-12-09,2.509,5.4901041667,0,0.0
2011-12-10,2.788,4.4890625,0,0.0
2011-12-11,1.77,4.2890625,0,0.0
2011-12-12,1.157,4.4765625,0,0.0
2011-12-13,1.186,5.1822916667,0,0.0
2011-12-14,2.824,6.0911458333,0,0.0
2011-12-15,2.687,5.7666666667,0,0.0
2011-12-16,1.911,4.8161458333,0,0.0
2011-12-17,8.135,3.7416666667,0,0.0
2011-12-18,4.803,2.6666666667,0,0.0
2011-12-19,3.204,2.0010416667,0,0.0
2011-12-20,2.284,2.2994791667,0,0.0
2011-12-21,2.145,3.7161458333,0,0.0
2011-12-22,2.377,5.6145833333,0,0.0
2011-12-23,3.759,6.3786458333,0,0.0
2011-12-24,3.439,6.971875,0,0.0
2011-12-25,3.283,7.5083333333,0,0.0
2011-12-26,2.726,7.2875,0,0.0
2011-12-27,2.353,7.6645833333,0,0.0
2011-12-28,2.213,7.3088541667,0,0.0
2011-12-29,1.99,5.9567708333,0,0.0
2011-12-30,2.957,5.3166666667,0,0.0
2011-12-31,3.007,6.6104166667,0,0.0
2012-01-01,3.855,7.2015625,0,0.0
2012-01-02,5.381,7.9911458333,0,0.0
2012-01-03,6.618,8.24375,0,0.0
2012-01-04,4.359,6.96875,0,0.0
2012-01-05,3.066,6.3328125,0,0.0
2012-01-06,8.511,6.04375,0,0.0
2012-01-07,5.289,5.8864583333,0,0.0
2012-01-08,6.918,5.9515625,0,0.0
2012-01-09,5.294,6.5348958333,0,0.0
2012-01-10,3.844,7.165625,0,0.0
2012-01-11,2.818,7.6473958333,0,0.0
2012-01-12,2.285,7.0578125,0,0.0
2012-01-13,2.177,5.946875,0,0.0
2012-01-14,1.877,3.4322916667,0,0.0
2012-01-15,1.626,1.0859375,0,0.0
2012-01-16,1.293,0.1,0,0.0
2012-01-17,1.013,0.1,0,0.0
2012-01-18,0.817,1.1875,0,0.0
2012-01-19,0.915,2.4901041667,0,0.0
2012-01-20,8.723,4.2203125,0,0.0
2012-01-21,5.438,5.5484375,0,0.0
2012-01-22,8.614,5.0916666667,0,0.0
2012-01-23,5.016,4.9369791667,0,0.0
2012-01-24,3.495,3.9583333333,0,0.0
2012-01-25,2.512,2.8453125,0,0.0
2012-01-26,2.024,2.2510416667,0,0.0
2012-01-27,1.742,1.9984375,0,0.0
2012-01-28,1.261,1.54375,0,0.0
2012-01-29,1.045,1.0229166667,0,0.0
2012-01-30,0.916,0.1,0,0.0
2012-01-31,0.799,0.1,0,0.0
2012-02-01,0.662,0.1,0,0.0
2012-02-02,0.505,0.1,0,0.0
2012-02-03,0.433,0.1,0,0.0
2012-02-04,0.408,0.1,0,0.0
2012-02-05,0.337,0.1,0,0.0
2012-02-06,0.317,0.1,0,0.0
2012-02-07,0.289,0.1,0,0.0
2012-02-08,0.296,0.1,0,0.0
2012-02-09,0.287,0.1,0,0.0
2012-02-10,0.272,0.1,0,0.0
2012-02-11,0.256,0.1,0,0.0
2012-02-12,0.232,0.1,0,0.0
2012-02-13,0.249,0.1,0,0.0
2012-02-14,0.255,0.1,0,0.0
2012-02-15,0.277,2.0895833333,0,0.0
2012-02-16,0.547,3.565625,0,0.0
2012-02-17,0.529,4.6395833333,0,0.0
2012-02-18,0.738,4.4265625,0,0.0
2012-02-19,1.179,3.9223958333,0,0.0
2012-02-20,1.138,3.5286458333,0,0.0
2012-02-21,0.708,3.1802083333,0,0.0
2012-02-22,0.552,4.2328125,0,0.0
2012-02-23,0.494,6.3291666667,0,0.0
2012-02-24,0.733,7.2302083333,0,0.0
2012-02-25,1.081,7.203125,0,0.0
2012-02-26,0.995,7.065625,0,0.0
2012-02-27,0.994,6.8010416667,0,0.0
2012-02-28,0.952,7.5010416667,0,0.0
2012-02-29,1.015,8.4994791667,0,0.0
2012-03-01,1.046,9.028125,0,0.0
2012-03-02,1.023,9.0026041667,0,0.0
2012-03-03,0.915,8.5682291667,0,0.0
2012-03-04,0.802,7.7515625,0,0.0
2012-03-05,0.999,7.0328125,0,0.0
2012-03-06,1.236,5.7770833333,0,0.0
2012-03-07,1.185,4.9,0,0.0
2012-03-08,1.505,5.0244791667,0,0.0
2012-03-09,1.191,5.7317708333,0,0.0
2012-03-10,1.184,7.2041666667,0,0.0
2012-03-11,1.075,7.6317708333,0,0.0
2012-03-12,0.891,7.9895833333,0,0.0
2012-03-13,0.748,7.5796875,0,0.0
2012-03-14,0.638,7.7598958333,0,0.0
2012-03-15,0.552,9.6619791667,0,0.0
2012-03-16,0.494,10.5078125,0,0.0
2012-03-17,0.443,10.8729166667,0,0.0
2012-03-18,0.406,9.8609375,0,0.0
2012-03-19,0.394,7.8953125,0,0.0
2012-03-20,0.342,7.4109375,0,0.0
2012-03-21,0.317,8.4463541667,0,0.0
2012-03-22,0.306,10.3359375,0,0.0
2012-03-23,0.298,12.0723958333,0,0.0
2012-03-24,0.286,12.9385416667,0,0.0
2012-03-25,0.273,12.6359375,0,0.0
2012-03-26,0.251,12.0203125,0,0.0
2012-03-27,0.246,11.621875,0,0.0
2012-03-28,0.241,10.6880208333,0,0.0
2012-03-29,0.235,10.0802083333,0,0.0
2012-03-30,0.231,9.0145833333,0,0.0
2012-03-31,0.23,7.1630208333,0,0.0
2012-04-01,0.223,6.7661458333,0,0.0
2012-04-02,0.21,7.2427083333,0,0.0
2012-04-03,0.201,7.9333333333,0,0.0
2012-04-04,0.175,8.7005208333,0,0.0
2012-04-05,0.197,8.7416666667,0,0.0
2012-04-06,0.166,7.1994791667,0,0.0
2012-04-07,0.153,6.0677083333,0,0.0
2012-04-08,0.153,6.1140625,0,0.0
2012-04-09,0.147,7.0911458333,0,0.0
2012-04-10,0.433,8.4036458333,0,0.0
2012-04-11,0.338,8.9197916667,0,0.0
2012-04-12,0.303,8.5854166667,0,0.0
2012-04-13,0.315,7.6817708333,0,0.0
2012-04-14,0.297,7.1078125,0,0.0
2012-04-15,0.294,6.7098958333,0,0.0
2012-04-16,0.28,6.7119791667,0,0.0
2012-04-17,0.266,6.8911458333,0,0.0
2012-04-18,0.271,7.3921875,0,0.0
2012-04-19,0.282,8.4442708333,0,0.0
2012-04-20,0.276,8.915625,0,0.0
2012-04-21,0.254,8.7291666667,0,0.0
2012-04-22,0.334,8.5979166667,0,0.0
2012-04-23,0.381,8.5041666667,0,0.0
2012-04-24,0.323,9.1140625,0,0.0
2012-04-25,0.48,10.2046875,0,0.0
2012-04-26,0.634,11.2484375,0,0.0
2012-04-27,1.049,13.771875,0,0.0
2012-04-28,1.202,15.34375,0,0.0
2012-04-29,1.078,16.8671875,0,0.0
2012-04-30,0.965,17.7385416667,0,0.0
2012-05-01,0.762,16.4385416667,0,0.0
2012-05-02,0.618,15.4322916667,0,0.0
2012-05-03,0.648,14.6635416667,0,0.0
2012-05-04,0.498,12.8692708333,0,0.0
2012-05-05,0.444,11.60625,0,0.0
2012-05-06,0.477,10.8052083333,0,0.0
2012-05-07,0.469,10.9510416667,0,0.0
2012-05-08,0.413,12.6953125,0,0.0
2012-05-09,0.407,15.628125,0,0.0
2012-05-10,0.411,17.765625,0,0.0
2012-05-11,0.377,16.2015625,0,0.0
2012-05-12,0.373,13.9989583333,0,0.0
2012-05-13,0.33,11.8755208333,0,0.0
2012-05-14,0.311,9.5885416667,0,0.0
2012-05-15,0.3,9.2786458333,0,0.0
2012-05-16,0.317,9.8255208333,0,0.0
2012-05-17,0.324,10.1682291667,0,0.0
2012-05-18,0.291,12.1572916667,0,0.0
2012-05-19,0.275,14.6880208333,0,0.0
2012-05-20,0.26,16.8416666667,0,0.0
2012-05-21,0.25,18.3635416667,0,0.0
2012-05-22,0.243,18.8239583333,0,0.0
2012-05-23,0.217,19.6130208333,0,0.0
2012-05-24,0.69,19.8927083333,0,0.0
2012-05-25,0.504,19.6359375,0,0.0
2012-05-26,0.421,19.5765625,0,0.0
2012-05-27,0.366,19.0859375,0,0.0
2012-05-28,0.331,18.646875,0,0.0
2012-05-29,0.295,18.4354166667,0,0.0
2012-05-30,0.274,17.9510416667,0,0.0
2012-05-31,0.252,16.6802083333,0,0.0
2012-06-01,0.304,15.559375,0,0.0
2012-06-02,0.252,13.8713541667,0,0.0
2012-06-03,0.232,12.7953125,0,0.0
2012-06-04,0.308,12.1760416667,0,0.0
2012-06-05,0.391,12.2958333333,0,0.0
2012-06-06,0.274,13.9557291667,0,0.0
2012-06-07,0.339,15.1307291667,0,0.0
2012-06-08,0.293,15.7375,0,0.0
2012-06-09,0.287,15.946875,0,0.0
2012-06-10,0.27,15.1651041667,0,0.0
2012-06-11,0.257,14.8041666667,0,0.0
2012-06-12,0.408,14.4244791667,0,0.0
2012-06-13,0.367,14.2484375,0,0.0
2012-06-14,0.292,14.6619791667,0,0.0
2012-06-15,0.28,14.6057291667,0,0.0
2012-06-16,0.324,15.784375,0,0.0
2012-06-17,0.426,16.74375,0,0.0
2012-06-18,0.429,16.846875,0,0.0
2012-06-19,0.417,17.3505208333,0,0.0
2012-06-20,0.384,17.5869791667,0,0.0
2012-06-21,0.373,17.1989583333,0,0.0
2012-06-22,0.411,17.1515625,0,0.0
2012-06-23,0.311,16.5666666667,0,0.0
2012-06-24,0.275,15.6682291667,0,0.0
2012-06-25,0.408,15.515625,0,0.0
2012-06-26,0.337,15.9734375,0,0.0
2012-06-27,0.305,18.0333333333,0,0.0
2012-06-28,0.325,19.4078125,0,0.0
2012-06-29,0.298,20.3348958333,0,0.0
2012-06-30,1.017,19.9760416667,0,0.0
2012-07-01,0.813,17.9114583333,0,0.0
2012-07-02,0.576,17.5489583333,0,0.0
2012-07-03,0.44,18.1182291667,0,0.0
2012-07-04,0.353,19.4083333333,0,0.0
2012-07-05,0.311,20.7723958333,0,0.0
2012-07-06,0.49,20.8598958333,0,0.0
2012-07-07,0.311,19.8057291667,0,0.0
2012-07-08,0.458,18.9130208333,0,0.0
2012-07-09,2.067,18.2375,0,0.0
2012-07-10,1.223,17.3213541667,0,0.0
2012-07-11,1.416,16.8395833333,0,0.0
2012-07-12,1.163,16.0817708333,0,0.0
2012-07-13,1.174,15.3838541667,0,0.0
2012-07-14,1.903,15.0171875,0,0.0
2012-07-15,2.262,14.7052083333,0,0.0
2012-07-16,3.172,14.9807291667,0,0.0
2012-07-17,4.213,16.2208333333,0,0.0
2012-07-18,6.301,16.7708333333,0,0.0
2012-07-19,3.472,16.9453125,0,0.0
2012-07-20,2.118,16.3916666667,0,0.0
2012-07-21,1.474,15.0697916667,0,0.0
2012-07-22,1.051,15.6078125,0,0.0
2012-07-23,0.797,17.0125,0,0.0
2012-07-24,0.635,19.0380208333,0,0.0
2012-07-25,0.526,21.35625,0,0.0
2012-07-26,0.438,22.3932291667,0,0.0
2012-07-27,0.358,21.9697916667,0,0.0
2012-07-28,0.336,20.6666666667,0,0.0
2012-07-29,0.354,18.4807291667,0,0.0
2012-07-30,0.284,17.0020833333,0,0.0
2012-07-31,0.288,17.7645833333,0,0.0
2012-08-01,0.264,18.7,0,0.0
2012-08-02,0.241,19.4989583333,0,0.0
2012-08-03,0.221,20.1375,0,0.0
2012-08-04,0.224,19.1203125,0,0.0
2012-08-05,0.259,18.4604166667,0,0.0
2012-08-06,0.262,18.0208333333,0,0.0
2012-08-07,0.248,17.2703125,0,0.0
2012-08-08,0.217,17.2536458333,0,0.0
2012-08-09,0.206,16.5348958333,0,0.0
2012-08-10,0.189,16.4453125,0,0.0
2012-08-11,0.147,17.0755208333,0,0.0
2012-08-12,0.138,17.6796875,0,0.0
2012-08-13,0.134,19.2130208333,0,0.0
2012-08-14,0.129,21.0036458333,0,0.0
2012-08-15,0.123,21.3765625,0,0.0
2012-08-16,0.141,21.7828125,0,0.0
2012-08-17,0.178,22.8098958333,0,0.0
2012-08-18,0.129,24.0833333333,0,0.0
2012-08-19,0.119,24.928125,0,0.0
2012-08-20,0.115,25.1932291667,0,0.0
2012-08-21,0.117,23.4119791667,0,0.0
2012-08-22,0.111,20.6864583333,0,0.0
2012-08-23,0.11,19.5088541667,0,0.0
2012-08-24,0.095,18.4640625,0,0.0
2012-08-25,0.143,17.7338541667,0,0.0
2012-08-26,0.13,17.7463541667,0,0.0
2012-08-27,0.539,17.9458333333,0,0.0
2012-08-28,0.246,18.3802083333,0,0.0
2012-08-29,0.206,18.7838541667,0,0.0
2012-08-30,0.186,17.7119791667,0,0.0
2012-08-31,0.147,16.0703125,0,0.0
2012-09-01,0.237,14.3958333333,0,0.0
2012-09-02,0.157,13.7078125,0,0.0
2012-09-03,0.147,14.5682291667,0,0.0
2012-09-04,0.144,15.2182291667,0,0.0
2012-09-05,0.137,15.14375,0,0.0
2012-09-06,0.134,15.359375,0,0.0
2012-09-07,0.125,15.5901041667,0,0.0
2012-09-08,0.111,16.7151041667,0,0.0
2012-09-09,0.104,18.4786458333,0,0.0
2012-09-10,0.079,18.8953125,0,0.0
2012-09-11,0.084,17.3598958333,0,0.0
2012-09-12,0.125,15.0921875,0,0.0
2012-09-13,0.134,13.2005208333,0,0.0
2012-09-14,0.119,12.415625,0,0.0
2012-09-15,0.118,13.4635416667,0,0.0
2012-09-16,0.104,14.2536458333,0,0.0
2012-09-17,0.084,14.4395833333,0,0.0
2012-09-18,0.089,13.6072916667,0,0.0
2012-09-19,0.089,12.1744791667,0,0.0
2012-09-20,0.08,11.5109375,0,0.0
2012-09-21,0.079,10.5942708333,0,0.0
2012-09-22,0.078,10.8984375,0,0.0
2012-09-23,0.077,12.5479166667,0,0.0
2012-09-24,0.076,13.028125,0,0.0
2012-09-25,0.094,13.6255208333,0,0.0
2012-09-26,0.135,14.0177083333,0,0.0
2012-09-27,0.284,13.0984375,0,0.0
2012-09-28,0.329,12.5807291667,0,0.0
2012-09-29,0.237,11.9489583333,0,0.0
2012-09-30,0.202,11.3807291667,0,0.0
2012-10-01,0.165,11.6166666667,0,0.0
2012-10-02,0.165,12.2958333333,0,0.0
2012-10-03,0.162,12.6411458333,0,0.0
2012-10-04,1.248,13.2333333333,0,0.0
2012-10-05,3.911,12.9125,0,0.0
2012-10-06,3.067,11.634375,0,0.0
2012-10-07,3.066,10.940625,0,0.0
2012-10-08,2.007,9.8098958333,0,0.0
2012-10-09,1.239,8.1130208333,0,0.0
2012-10-10,0.812,8.1348958333,0,0.0
2012-10-11,0.583,8.740625,0,0.0
2012-10-12,0.464,8.8473958333,0,0.0
2012-10-13,0.363,9.340625,0,0.0
2012-10-14,0.784,9.1526041667,0,0.0
2012-10-15,0.441,8.4197916667,0,0.0
2012-10-16,0.469,8.9796875,0,0.0
2012-10-17,0.547,11.4932291667,0,0.0
2012-10-18,0.614,13.8869791667,0,0.0
2012-10-19,0.555,16.2171875,0,0.0
2012-10-20,0.521,17.6390625,0,0.0
2012-10-21,0.438,17.0942708333,0,0.0
2012-10-22,0.379,15.4958333333,0,0.0
2012-10-23,0.333,13.6760416667,0,0.0
2012-10-24,0.306,11.7359375,0,0.0
2012-10-25,0.29,9.2390625,0,0.0
2012-10-26,0.274,6.6432291667,0,0.0
2012-10-27,0.286,3.9463541667,0,0.0
2012-10-28,0.253,2.1515625,0,0.0
2012-10-29,0.239,2.4140625,0,0.0
2012-10-30,0.23,4.0244791667,0,0.0
2012-10-31,0.385,6.1578125,0,0.0
2012-11-01,0.371,7.3546875,0,0.0
2012-11-02,0.605,7.2994791667,0,0.0
2012-11-03,0.851,7.2078125,0,0.0
2012-11-04,1.121,6.9708333333,0,0.0
2012-11-05,1.24,6.7067708333,0,0.0
2012-11-06,0.967,7.3421875,0,0.0
2012-11-07,0.776,7.8026041667,0,0.0
2012-11-08,1.518,8.3276041667,0,0.0
2012-11-09,1.586,9.2869791667,0,0.0
2012-11-10,1.192,9.1098958333,0,0.0
2012-11-11,1.04,8.3567708333,0,0.0
2012-11-12,0.712,7.5015625,0,0.0
2012-11-13,0.573,6.0005208333,0,0.0
2012-11-14,0.505,5.0130208333,0,0.0
2012-11-15,0.458,4.3036458333,0,0.0
2012-11-16,0.413,4.3588541667,0,0.0
2012-11-17,0.376,5.3364583333,0,0.0
2012-11-18,0.345,6.3421875,0,0.0
2012-11-19,0.331,6.9005208333,0,0.0
2012-11-20,0.306,6.7442708333,0,0.0
2012-11-21,0.289,6.5869791667,0,0.0
2012-11-22,0.28,6.3932291667,0,0.0
2012-11-23,0.265,7.3447916667,0,0.0
2012-11-24,0.473,8.7234375,0,0.0
2012-11-25,0.37,8.7911458333,0,0.0
2012-11-26,0.381,8.7890625,0,0.0
2012-11-27,0.626,7.6557291667,0,0.0
2012-11-28,0.61,5.8791666667,0,0.0
2012-11-29,0.654,4.2552083333,0,0.0
2012-11-30,0.618,2.5552083333,0,0.0
2012-12-01,0.513,2.0104166667,0,0.0
2012-12-02,0.479,1.6682291667,0,0.0
2012-12-03,0.638,2.4416666667,0,0.0
2012-12-04,0.888,2.8005208333,0,0.0
2012-12-05,1.984,2.184375,0,0.0
2012-12-06,2.229,1.3604166667,0,0.0
2012-12-07,1.569,0.1,0,0.0
2012-12-08,1.189,0.1,0,0.0
2012-12-09,0.823,0.1,0,0.0
2012-12-10,1.56,0.1,0,0.0
2012-12-11,2.283,0.140625,0,0.0
2012-12-12,1.99,0.1,0,0.0
2012-12-13,1.54,0.1083333333,0,0.0
2012-12-14,1.204,2.3625,0,0.0
2012-12-15,3.641,4.4614583333,0,0.0
2012-12-16,4.303,6.5307291667,0,0.0
2012-12-17,4.273,6.8875,0,0.0
2012-12-18,4.542,5.9223958333,0,0.0
2012-12-19,3.923,4.7197916667,0,0.0
2012-12-20,2.786,4.003125,0,0.0
2012-12-21,2.221,4.2244791667,0,0.0
2012-12-22,1.944,5.8682291667,0,0.0
2012-12-23,3.385,7.9229166667,0,0.0
2012-12-24,14.675,9.3734375,0,0.0
2012-12-25,7.093,9.6651041667,0,0.0
2012-12-26,4.458,8.9270833333,0,0.0
2012-12-27,4.745,7.8973958333,0,0.0
2012-12-28,5.903,7.94375,0,0.0
2012-12-29,4.425,7.9192708333,0,0.0
2012-12-30,2.497,8.1770833333,0,0.0
2012-12-31,1.462,8.2145833333,0,0.0
2013-01-01,1.076,7.1505208333,0,0.0
2013-01-02,1.355,7.3723958333,0,0.0
2013-01-03,1.305,7.490625,0,0.0
2013-01-04,1.544,7.7380208333,0,0.0
2013-01-05,1.705,8.3072916667,0,0.0
2013-01-06,1.635,8.1192708333,0,0.0
2013-01-07,1.256,7.3583333333,0,0.0
2013-01-08,0.982,6.8765625,0,0.0
2013-01-09,0.745,6.1270833333,0,0.0
2013-01-10,0.707,3.8828125,0,0.0
2013-01-11,0.612,1.5671875,0,0.0
2013-01-12,0.463,0.1,0,0.0
2013-01-13,0.406,0.1,0,0.0
2013-01-14,0.368,0.1,0,0.0
2013-01-15,0.31,0.1,0,0.0
2013-01-16,0.294,0.1,0,0.0
2013-01-17,0.249,0.1,0,0.0
2013-01-18,0.197,0.1,0,0.0
2013-01-19,0.177,0.1,0,0.0
2013-01-20,0.158,0.1,0,0.0
2013-01-21,0.147,0.1,0,0.0
2013-01-22,0.121,0.1,0,0.0
2013-01-23,0.302,0.1,0,0.0
2013-01-24,0.29,0.1,0,0.0
2013-01-25,0.269,0.1,0,0.0
2013-01-26,0.257,0.1,0,0.0
2013-01-27,0.255,0.1260416667,0,0.0
2013-01-28,0.284,3.0265625,0,0.0
2013-01-29,0.289,6.4703125,0,0.0
2013-01-30,9.378,7.9458333333,0,0.0
2013-01-31,5.397,8.56875,0,0.0
2013-02-01,3.92,7.0135416667,0,0.0
2013-02-02,3.999,5.0739583333,0,0.0
2013-02-03,3.618,4.8484375,0,0.0
2013-02-04,3.894,4.1192708333,0,0.0
2013-02-05,6.008,3.6380208333,0,0.0
2013-02-06,3.989,3.2114583333,0,0.0
2013-02-07,2.785,1.5369791667,0,0.0
2013-02-08,2.056,0.2901041667,0,0.0
2013-02-09,1.549,0.1,0,0.0
2013-02-10,1.209,0.1,0,0.0
2013-02-11,1.054,0.1,0,0.0
2013-02-12,0.895,0.1,0,0.0
2013-02-13,0.716,0.1,0,0.0
2013-02-14,0.597,0.1,0,0.0
2013-02-15,0.561,0.46875,0,0.0
2013-02-16,0.503,1.6734375,0,0.0
2013-02-17,0.552,2.3510416667,0,0.0
2013-02-18,0.595,2.2526041667,0,0.0
2013-02-19,0.695,1.3427083333,0,0.0
2013-02-20,0.732,0.1302083333,0,0.0
2013-02-21,0.645,0.1,0,0.0
2013-02-22,0.592,0.1,0,0.0
2013-02-23,0.527,0.1,0,0.0
2013-02-24,0.485,0.1,0,0.0
2013-02-25,0.434,0.4578125,0,0.0
2013-02-26,0.392,1.7291666667,0,0.0
2013-02-27,0.363,2.4875,0,0.0
2013-02-28,0.33,2.7880208333,0,0.0
2013-03-01,0.336,2.378125,0,0.0
2013-03-02,0.321,2.3802083333,0,0.0
2013-03-03,0.31,2.8770833333,0,0.0
2013-03-04,0.308,4.1114583333,0,0.0
2013-03-05,0.307,6.1927083333,0,0.0
2013-03-06,0.312,8.2671875,0,0.0
2013-03-07,0.313,10.053125,0,0.0
2013-03-08,0.325,10.6296875,0,0.0
2013-03-09,0.325,8.6927083333,0,0.0
2013-03-10,0.48,5.6083333333,0,0.0
2013-03-11,0.606,1.6994791667,0,0.0
2013-03-12,0.678,0.1,0,0.0
2013-03-13,0.662,0.1,0,0.0
2013-03-14,0.594,0.1,0,0.0
2013-03-15,0.515,0.1,0,0.0
2013-03-16,0.466,1.159375,0,0.0
2013-03-17,0.445,2.9411458333,0,0.0
2013-03-18,0.527,4.1192708333,0,0.0
2013-03-19,0.458,3.5484375,0,0.0
2013-03-20,0.464,2.5666666667,0,0.0
2013-03-21,0.692,1.3932291667,0,0.0
2013-03-22,0.671,0.7609375,0,0.0
2013-03-23,0.763,0.3765625,0,0.0
2013-03-24,0.75,0.5057291667,0,0.0
2013-03-25,0.7,0.4260416667,0,0.0
2013-03-26,0.615,0.6239583333,0,0.0
2013-03-27,0.536,0.9286458333,0,0.0
2013-03-28,0.471,0.6859375,0,0.0
2013-03-29,0.418,0.5177083333,0,0.0
2013-03-30,0.371,0.4182291667,0,0.0
2013-03-31,0.342,0.3572916667,0,0.0
2013-04-01,0.32,1.0473958333,0,0.0
2013-04-02,0.304,1.5135416667,0,0.0
2013-04-03,0.285,2.1578125,0,0.0
2013-04-04,0.272,2.5052083333,0,0.0
2013-04-05,0.267,2.7,0,0.0
2013-04-06,0.257,3.4015625,0,0.0
2013-04-07,0.252,3.915625,0,0.0
2013-04-08,0.244,4.8161458333,0,0.0
2013-04-09,0.253,6.0744791667,0,0.0
2013-04-10,0.252,7.828125,0,0.0
2013-04-11,0.265,9.1453125,0,0.0
2013-04-12,0.256,10.4848958333,0,0.0
2013-04-13,0.273,12.5447916667,0,0.0
2013-04-14,0.239,13.821875,0,0.0
2013-04-15,0.224,15.2015625,0,0.0
2013-04-16,0.223,16.7953125,0,0.0
2013-04-17,0.219,16.6484375,0,0.0
2013-04-18,0.22,15.0828125,0,0.0
2013-04-19,0.205,13.2916666667,0,0.0
2013-04-20,0.198,11.0552083333,0,0.0
2013-04-21,0.19,10.0572916667,0,0.0
2013-04-22,0.201,10.5208333333,0,0.0
2013-04-23,0.188,12.0401041667,0,0.0
2013-04-24,0.182,14.2661458333,0,0.0
2013-04-25,0.183,14.3255208333,0,0.0
2013-04-26,0.177,12.9489583333,0,0.0
2013-04-27,0.232,10.9682291667,0,0.0
2013-04-28,0.207,8.971875,0,0.0
2013-04-29,0.177,8.35625,0,0.0
2013-04-30,0.162,9.9671875,0,0.0
2013-05-01,0.154,11.8911458333,0,0.0
2013-05-02,0.15,12.9015625,0,0.0
2013-05-03,0.147,14.025,0,0.0
2013-05-04,0.149,14.3380208333,0,0.0
2013-05-05,0.141,14.9848958333,0,0.0
2013-05-06,0.138,15.0848958333,0,0.0
2013-05-07,0.14,15.5552083333,0,0.0
2013-05-08,0.152,15.7604166667,0,0.0
2013-05-09,0.144,14.4458333333,0,0.0
2013-05-10,0.138,13.8328125,0,0.0
2013-05-11,0.131,12.3229166667,0,0.0
2013-05-12,0.134,11.3161458333,0,0.0
2013-05-13,0.155,11.1104166667,0,0.0
2013-05-14,0.189,11.5203125,0,0.0
2013-05-15,0.159,12.1953125,0,0.0
2013-05-16,0.156,11.8161458333,0,0.0
2013-05-17,0.223,11.7317708333,0,0.0
2013-05-18,0.182,12.0630208333,0,0.0
2013-05-19,0.168,11.8421875,0,0.0
2013-05-20,0.139,12.4395833333,0,0.0
2013-05-21,0.252,11.8151041667,0,0.0
2013-05-22,0.241,9.6041666667,0,0.0
2013-05-23,0.321,8.4348958333,0,0.0
2013-05-24,0.48,7.4296875,0,0.0
2013-05-25,0.404,7.4286458333,0,0.0
2013-05-26,0.368,9.1515625,0,0.0
2013-05-27,0.63,11.3078125,0,0.0
2013-05-28,0.578,11.7359375,0,0.0
2013-05-29,0.508,12.5171875,0,0.0
2013-05-30,0.91,13.1635416667,0,0.0
2013-05-31,0.611,12.2598958333,0,0.0
2013-06-01,0.598,12.9369791667,0,0.0
2013-06-02,0.5,12.7932291667,0,0.0
2013-06-03,0.401,12.2317708333,0,0.0
2013-06-04,0.356,13.6744791667,0,0.0
2013-06-05,0.322,15.4104166667,0,0.0
2013-06-06,0.297,17.6411458333,0,0.0
2013-06-07,0.266,19.234375,0,0.0
2013-06-08,0.242,18.7109375,0,0.0
2013-06-09,0.21,17.3260416667,0,0.0
2013-06-10,0.227,16.4552083333,0,0.0
2013-06-11,0.211,16.2895833333,0,0.0
2013-06-12,0.171,16.784375,0,0.0
2013-06-13,0.171,17.0119791667,0,0.0
2013-06-14,0.469,16.8302083333,0,0.0
2013-06-15,0.229,16.0973958333,0,0.0
2013-06-16,0.206,16.9005208333,0,0.0
2013-06-17,0.156,19.5505208333,0,0.0
2013-06-18,0.153,22.2078125,0,0.0
2013-06-19,0.135,23.3098958333,0,0.0
2013-06-20,0.138,22.5088541667,0,0.0
2013-06-21,2.38,20.7671875,0,0.0
2013-06-22,1.082,17.9671875,0,0.0
2013-06-23,0.616,16.3375,0,0.0
2013-06-24,0.508,15.0802083333,0,0.0
2013-06-25,0.473,13.43125,0,0.0
2013-06-26,0.398,12.6692708333,0,0.0
2013-06-27,0.355,12.1942708333,0,0.0
2013-06-28,0.344,12.6390625,0,0.0
2013-06-29,0.485,13.3651041667,0,0.0
2013-06-30,2.198,14.9026041667,0,0.0
2013-07-01,1.388,16.628125,0,0.0
2013-07-02,0.855,17.3302083333,0,0.0
2013-07-03,0.579,18.26875,0,0.0
2013-07-04,0.503,18.3958333333,0,0.0
2013-07-05,0.348,18.9057291667,0,0.0
2013-07-06,0.377,19.9557291667,0,0.0
2013-07-07,0.357,20.721875,0,0.0
2013-07-08,0.266,21.3671875,0,0.0
2013-07-09,0.232,20.7416666667,0,0.0
2013-07-10,0.209,19.0932291667,0,0.0
2013-07-11,0.196,17.3838541667,0,0.0
2013-07-12,0.184,15.9807291667,0,0.0
2013-07-13,0.168,15.54375,0,0.0
2013-07-14,0.156,16.5854166667,0,0.0
2013-07-15,0.149,18.0541666667,0,0.0
2013-07-16,0.136,19.3307291667,0,0.0
2013-07-17,0.126,20.8041666667,0,0.0
2013-07-18,0.114,21.5520833333,0,0.0
2013-07-19,0.107,21.3869791667,0,0.0
2013-07-20,0.067,22.0067708333,0,0.0
2013-07-21,0.071,22.64375,0,0.0
2013-07-22,0.079,23.2671875,0,0.0
2013-07-23,0.071,23.5088541667,0,0.0
2013-07-24,0.056,22.878125,0,0.0
2013-07-25,0.186,22.1213541667,0,0.0
2013-07-26,0.124,22.1947916667,0,0.0
2013-07-27,0.108,22.2734375,0,0.0
2013-07-28,0.084,22.0901041667,0,0.0
2013-07-29,0.093,21.1109375,0,0.0
2013-07-30,0.095,19.9447916667,0,0.0
2013-07-31,0.096,20.6703125,0,0.0
2013-08-01,0.091,22.5817708333,0,0.0
2013-08-02,0.087,23.7348958333,0,0.0
2013-08-03,0.084,23.8494791667,0,0.0
2013-08-04,0.083,23.5442708333,0,0.0
2013-08-05,0.033,21.953125,0,0.0
2013-08-06,0.029,21.0916666667,0,0.0
2013-08-07,0.029,20.1489583333,0,0.0
2013-08-08,0.047,18.8901041667,0,0.0
2013-08-09,0.065,17.828125,0,0.0
2013-08-10,0.051,17.2328125,0,0.0
2013-08-11,0.048,17.2583333333,0,0.0
2013-08-12,0.03,16.6307291667,0,0.0
2013-08-13,0.054,15.9390625,0,0.0
2013-08-14,0.048,16.0010416667,0,0.0
2013-08-15,0.031,17.0432291667,0,0.0
2013-08-16,0.035,18.5588541667,0,0.0
2013-08-17,0.018,19.8432291667,0,0.0
2013-08-18,0.035,19.7140625,0,0.0
2013-08-19,0.085,18.0359375,0,0.0
2013-08-20,0.061,16.5614583333,0,0.0
2013-08-21,0.052,16.2265625,0,0.0
2013-08-22,0.046,17.1119791667,0,0.0
2013-08-23,0.059,17.984375,0,0.0
2013-08-24,0.057,18.1598958333,0,0.0
2013-08-25,0.058,17.5947916667,0,0.0
2013-08-26,0.08,16.7807291667,0,0.0
2013-08-27,0.052,16.2526041667,0,0.0
2013-08-28,0.048,16.4333333333,0,0.0
2013-08-29,0.051,16.7171875,0,0.0
2013-08-30,0.048,16.5364583333,0,0.0
2013-08-31,0.061,16.1046875,0,0.0
2013-09-01,0.068,16.1546875,0,0.0
2013-09-02,0.069,16.1604166667,0,0.0
2013-09-03,0.057,17.2244791667,0,0.0
2013-09-04,0.064,19.6583333333,0,0.0
2013-09-05,0.049,21.2677083333,0,0.0
2013-09-06,0.048,21.4338541667,0,0.0
2013-09-07,0.048,19.75625,0,0.0
2013-09-08,0.095,17.3364583333,0,0.0
2013-09-09,0.149,14.63125,0,0.0
2013-09-10,0.113,13.3692708333,0,0.0
2013-09-11,0.242,13.2802083333,0,0.0
2013-09-12,0.494,13.5760416667,0,0.0
2013-09-13,0.353,14.1994791667,0,0.0
2013-09-14,0.202,14.4104166667,0,0.0
2013-09-15,0.251,14.1963541667,0,0.0
2013-09-16,0.174,12.8911458333,0,0.0
2013-09-17,0.312,11.978125,0,0.0
2013-09-18,0.294,11.6567708333,0,0.0
2013-09-19,0.314,11.9411458333,0,0.0
2013-09-20,0.295,12.6776041667,0,0.0
2013-09-21,0.28,13.259375,0,0.0
2013-09-22,0.245,13.9901041667,0,0.0
2013-09-23,0.23,14.2255208333,0,0.0
2013-09-24,0.201,14.7197916667,0,0.0
2013-09-25,0.189,14.6416666667,0,0.0
2013-09-26,0.189,13.5786458333,0,0.0
2013-09-27,0.166,12.7765625,0,0.0
2013-09-28,0.146,12.4114583333,0,0.0
2013-09-29,0.131,11.8942708333,0,0.0
2013-09-30,0.115,12.2697916667,0,0.0
2013-10-01,0.116,11.98125,0,0.0
2013-10-02,0.122,11.59375,0,0.0
2013-10-03,0.109,11.8822916667,0,0.0
2013-10-04,0.097,12.2932291667,0,0.0
2013-10-05,0.104,12.8494791667,0,0.0
2013-10-06,0.123,12.9234375,0,0.0
2013-10-07,0.112,13.215625,0,0.0
2013-10-08,0.103,13.0302083333,0,0.0
2013-10-09,0.102,11.7369791667,0,0.0
2013-10-10,0.133,10.175,0,0.0
2013-10-11,0.123,7.8708333333,0,0.0
2013-10-12,0.201,6.5296875,0,0.0
2013-10-13,0.136,7.3979166667,0,0.0
2013-10-14,0.131,8.45625,0,0.0
2013-10-15,0.184,9.8526041667,0,0.0
2013-10-16,0.264,10.8921875,0,0.0
2013-10-17,0.246,11.1505208333,0,0.0
2013-10-18,0.262,12.2432291667,0,0.0
2013-10-19,0.249,13.64375,0,0.0
2013-10-20,0.252,14.375,0,0.0
2013-10-21,0.253,15.903125,0,0.0
2013-10-22,0.258,16.359375,0,0.0
2013-10-23,0.278,15.8807291667,0,0.0
2013-10-24,0.814,15.7838541667,0,0.0
2013-10-25,0.697,15.628125,0,0.0
2013-10-26,0.643,15.4114583333,0,0.0
2013-10-27,0.599,15.5479166667,0,0.0
2013-10-28,0.88,14.5609375,0,0.0
2013-10-29,1.758,12.1671875,0,0.0
2013-10-30,1.403,10.2776041667,0,0.0
2013-10-31,0.92,8.921875,0,0.0
2013-11-01,0.647,9.11875,0,0.0
2013-11-02,0.693,9.371875,0,0.0
2013-11-03,1.961,9.746875,0,0.0
2013-11-04,2.675,9.1682291667,0,0.0
2013-11-05,3.202,8.81875,0,0.0
2013-11-06,3.233,9.9515625,0,0.0
2013-11-07,3.678,10.3390625,0,0.0
2013-11-08,4.761,10.9947916667,0,0.0
2013-11-09,4.791,9.8333333333,0,0.0
2013-11-10,3.156,7.4432291667,0,0.0
2013-11-11,2.264,6.2213541667,0,0.0
2013-11-12,1.611,5.1901041667,0,0.0
2013-11-13,1.309,4.7822916667,0,0.0
2013-11-14,0.99,5.146875,0,0.0
2013-11-15,0.805,3.7151041667,0,0.0
2013-11-16,0.641,2.8427083333,0,0.0
2013-11-17,0.528,3.0473958333,0,0.0
2013-11-18,0.493,2.9734375,0,0.0
2013-11-19,0.454,3.8677083333,0,0.0
2013-11-20,0.405,4.43125,0,0.0
2013-11-21,0.372,4.1807291667,0,0.0
2013-11-22,0.346,4.3473958333,0,0.0
2013-11-23,0.314,4.2010416667,0,0.0
2013-11-24,0.298,3.59375,0,0.0
2013-11-25,0.279,2.4203125,0,0.0
2013-11-26,0.271,1.3390625,0,0.0
2013-11-27,0.254,1.8114583333,0,0.0
2013-11-28,0.243,2.8713541667,0,0.0
2013-11-29,0.259,4.33125,0,0.0
2013-11-30,0.377,5.3416666667,0,0.0
2013-12-01,0.319,5.30625,0,0.0
2013-12-02,0.315,4.1401041667,0,0.0
2013-12-03,0.322,3.6463541667,0,0.0
2013-12-04,0.327,3.2442708333,0,0.0
2013-12-05,0.361,2.478125,0,0.0
2013-12-06,0.458,3.1770833333,0,0.0
2013-12-07,0.459,4.2338541667,0,0.0
2013-12-08,0.966,5.2302083333,0,0.0
2013-12-09,1.97,6.1614583333,0,0.0
2013-12-10,1.653,6.5052083333,0,0.0
2013-12-11,1.216,5.5921875,0,0.0
2013-12-12,0.912,3.9286458333,0,0.0
2013-12-13,0.729,3.2651041667,0,0.0
2013-12-14,0.6,3.4442708333,0,0.0
2013-12-15,0.545,4.3442708333,0,0.0
2013-12-16,0.466,5.6744791667,0,0.0
2013-12-17,0.44,6.7604166667,0,0.0
2013-12-18,0.415,7.0932291667,0,0.0
2013-12-19,0.417,6.4229166667,0,0.0
2013-12-20,0.695,6.0119791667,0,0.0
2013-12-21,0.705,6.1947916667,0,0.0
2013-12-22,0.756,6.5302083333,0,0.0
2013-12-23,1.406,8.55625,0,0.0
2013-12-24,1.385,9.5119791667,0,0.0
2013-12-25,1.341,8.8171875,0,0.0
2013-12-26,1.114,8.4984375,0,0.0
2013-12-27,0.856,7.4322916667,0,0.0
2013-12-28,0.75,6.303125,0,0.0
2013-12-29,1.082,5.8859375,0,0.0
2013-12-30,1.15,5.4026041667,0,0.0
2013-12-31,1.334,5.0223958333,0,0.0
2014-01-01,1.193,6.1442708333,0,0.0
2014-01-02,1.038,7.4598958333,0,0.0
2014-01-03,0.956,7.9291666667,0,0.0
2014-01-04,1.064,7.8458333333,0,0.0
2014-01-05,1.013,8.0489583333,0,0.0
2014-01-06,1.434,8.4166666667,0,0.0
2014-01-07,2.155,9.0416666667,0,0.0
2014-01-08,2.152,9.884375,0,0.0
2014-01-09,1.787,8.7994791667,0,0.0
2014-01-10,1.974,7.2416666667,0,0.0
2014-01-11,1.876,5.6052083333,0,0.0
2014-01-12,1.576,4.5307291667,0,0.0
2014-01-13,1.245,4.7395833333,0,0.0
2014-01-14,1.049,4.65,0,0.0
2014-01-15,0.878,5.4619791667,0,0.0
2014-01-16,0.804,6.0911458333,0,0.0
2014-01-17,0.733,6.1546875,0,0.0
2014-01-18,0.642,6.4697916667,0,0.0
2014-01-19,0.594,5.5958333333,0,0.0
2014-01-20,0.551,4.2208333333,0,0.0
2014-01-21,0.496,3.3078125,0,0.0
2014-01-22,0.456,2.4286458333,0,0.0
2014-01-23,0.413,2.4916666667,0,0.0
2014-01-24,0.424,2.659375,0,0.0
2014-01-25,0.404,3.1729166667,0,0.0
2014-01-26,0.419,3.7859375,0,0.0
2014-01-27,1.774,3.9760416667,0,0.0
2014-01-28,2.758,3.6114583333,0,0.0
2014-01-29,2.241,3.0229166667,0,0.0
2014-01-30,1.582,2.746875,0,0.0
2014-01-31,1.184,3.0401041667,0,0.0
2014-02-01,0.936,3.7598958333,0,0.0
2014-02-02,1.062,3.8807291667,0,0.0
2014-02-03,0.856,4.5114583333,0,0.0
2014-02-04,0.861,4.6078125,0,0.0
2014-02-05,0.796,5.5203125,0,0.0
2014-02-06,0.74,7.1114583333,0,0.0
2014-02-07,0.747,7.4270833333,0,0.0
2014-02-08,0.792,7.4385416667,0,0.0
2014-02-09,0.902,6.4708333333,0,0.0
2014-02-10,0.917,5.6802083333,0,0.0
2014-02-11,0.932,5.4041666667,0,0.0
2014-02-12,1.021,5.2177083333,0,0.0
2014-02-13,0.939,5.4583333333,0,0.0
2014-02-14,1.463,6.6208333333,0,0.0
2014-02-15,2.16,6.9552083333,0,0.0
2014-02-16,1.867,7.2442708333,0,0.0
2014-02-17,1.581,7.4088541667,0,0.0
2014-02-18,1.3,6.5875,0,0.0
2014-02-19,1.11,6.9083333333,0,0.0
2014-02-20,0.979,6.9614583333,0,0.0
2014-02-21,1.07,6.7229166667,0,0.0
2014-02-22,1.084,6.3994791667,0,0.0
2014-02-23,1.16,6.4588541667,0,0.0
2014-02-24,1.132,7.1354166667,0,0.0
2014-02-25,1.053,7.8885416667,0,0.0
2014-02-26,0.886,7.746875,0,0.0
2014-02-27,0.758,7.0901041667,0,0.0
2014-02-28,0.86,6.08125,0,0.0
2014-03-01,0.7,5.2479166667,0,0.0
2014-03-02,0.619,5.4177083333,0,0.0
2014-03-03,0.589,5.41875,0,0.0
2014-03-04,0.57,5.3088541667,0,0.0
2014-03-05,0.48,5.4505208333,0,0.0
2014-03-06,0.424,6.0088541667,0,0.0
2014-03-07,0.39,7.3229166667,0,0.0
2014-03-08,0.375,9.5197916667,0,0.0
2014-03-09,0.352,10.8989583333,0,0.0
2014-03-10,0.334,11.028125,0,0.0
2014-03-11,0.326,10.7557291667,0,0.0
2014-03-12,0.309,9.7979166667,0,0.0
2014-03-13,0.299,9.2005208333,0,0.0
2014-03-14,0.294,9.315625,0,0.0
2014-03-15,0.291,9.4182291667,0,0.0
2014-03-16,0.28,9.521875,0,0.0
2014-03-17,0.268,9.8854166667,0,0.0
2014-03-18,0.265,10.4244791667,0,0.0
2014-03-19,0.265,11.2760416667,0,0.0
2014-03-20,0.261,11.5661458333,0,0.0
2014-03-21,0.255,10.9583333333,0,0.0
2014-03-22,0.257,9.3109375,0,0.0
2014-03-23,0.34,6.6302083333,0,0.0
2014-03-24,0.277,4.7807291667,0,0.0
2014-03-25,0.28,4.028125,0,0.0
2014-03-26,0.268,5.0348958333,0,0.0
2014-03-27,0.251,7.1927083333,0,0.0
2014-03-28,0.246,9.44375,0,0.0
2014-03-29,0.239,11.6677083333,0,0.0
2014-03-30,0.227,13.028125,0,0.0
2014-03-31,0.212,13.959375,0,0.0
2014-04-01,0.156,14.4671875,0,0.0
2014-04-02,0.171,15.1114583333,0,0.0
2014-04-03,0.096,15.1817708333,0,0.0
2014-04-04,0.183,14.3328125,0,0.0
2014-04-05,0.174,13.9651041667,0,0.0
2014-04-06,0.164,14.3307291667,0,0.0
2014-04-07,0.17,13.1447916667,0,0.0
2014-04-08,0.197,12.3682291667,0,0.0
2014-04-09,0.159,12.0088541667,0,0.0
2014-04-10,0.125,10.6614583333,0,0.0
2014-04-11,0.068,10.7401041667,0,0.0
2014-04-12,0.136,10.9786458333,0,0.0
2014-04-13,0.135,10.0510416667,0,0.0
2014-04-14,0.128,8.5645833333,0,0.0
2014-04-15,0.181,8.0901041667,0,0.0
2014-04-16,0.175,8.5963541667,0,0.0
2014-04-17,0.149,8.7598958333,0,0.0
2014-04-18,0.146,10.13125,0,0.0
2014-04-19,0.15,12.1447916667,0,0.0
2014-04-20,0.143,12.1651041667,0,0.0
2014-04-21,0.144,13.0880208333,0,0.0
2014-04-22,0.146,13.6265625,0,0.0
2014-04-23,0.132,12.984375,0,0.0
2014-04-24,0.13,14.1666666667,0,0.0
2014-04-25,0.147,14.5239583333,0,0.0
2014-04-26,0.173,14.153125,0,0.0
2014-04-27,0.143,14.0005208333,0,0.0
2014-04-28,0.221,12.9546875,0,0.0
2014-04-29,0.172,12.8885416667,0,0.0
2014-04-30,0.179,13.4072916667,0,0.0
2014-05-01,0.265,12.790625,0,0.0
2014-05-02,0.196,11.8494791667,0,0.0
2014-05-03,0.175,10.5864583333,0,0.0
2014-05-04,0.171,10.2041666667,0,0.0
2014-05-05,0.168,11.1135416667,0,0.0
2014-05-06,0.176,12.0697916667,0,0.0
2014-05-07,0.65,12.8380208333,0,0.0
2014-05-08,0.456,13.2380208333,0,0.0
2014-05-09,0.811,12.4302083333,0,0.0
2014-05-10,0.639,12.1854166667,0,0.0
2014-05-11,1.755,11.9015625,0,0.0
2014-05-12,1.624,10.6994791667,0,0.0
2014-05-13,1.252,10.1317708333,0,0.0
2014-05-14,1.13,9.1369791667,0,0.0
2014-05-15,1.033,9.3796875,0,0.0
2014-05-16,0.849,10.1338541667,0,0.0
2014-05-17,0.674,11.6520833333,0,0.0
2014-05-18,0.556,14.4307291667,0,0.0
2014-05-19,0.458,16.7583333333,0,0.0
2014-05-20,0.396,18.9890625,0,0.0
2014-05-21,0.3,20.0119791667,0,0.0
2014-05-22,0.26,19.2046875,0,0.0
2014-05-23,0.358,17.6661458333,0,0.0
2014-05-24,0.286,16.4713541667,0,0.0
2014-05-25,0.239,15.7473958333,0,0.0
2014-05-26,0.234,15.48125,0,0.0
2014-05-27,0.325,15.4385416667,0,0.0
2014-05-28,1.501,14.4979166667,0,0.0
2014-05-29,1.218,13.3651041667,0,0.0
2014-05-30,0.961,13.09375,0,0.0
2014-05-31,0.727,12.9,0,0.0
2014-06-01,0.578,13.3703125,0,0.0
2014-06-02,0.487,14.3255208333,0,0.0
2014-06-03,0.416,14.8135416667,0,0.0
2014-06-04,0.387,14.5578125,0,0.0
2014-06-05,0.437,15.3817708333,0,0.0
2014-06-06,0.355,17.5161458333,0,0.0
2014-06-07,0.301,19.5098958333,0,0.0
2014-06-08,0.231,22.2473958333,0,0.0
2014-06-09,0.229,23.3661458333,0,0.0
2014-06-10,1.346,22.1479166667,0,0.0
2014-06-11,0.283,20.7510416667,0,0.0
2014-06-12,2.035,19.1213541667,0,0.0
2014-06-13,1.201,17.3,0,0.0
2014-06-14,0.772,16.6229166667,0,0.0
2014-06-15,0.631,15.7265625,0,0.0
2014-06-16,0.532,15.2265625,0,0.0
2014-06-17,0.446,15.5328125,0,0.0
2014-06-18,0.395,14.9421875,0,0.0
2014-06-19,0.361,15.0171875,0,0.0
2014-06-20,0.332,15.0239583333,0,0.0
2014-06-21,0.277,14.8255208333,0,0.0
2014-06-22,0.205,15.1765625,0,0.0
2014-06-23,0.175,15.4828125,0,0.0
2014-06-24,0.2,15.2432291667,0,0.0
2014-06-25,0.21,15.3026041667,0,0.0
2014-06-26,0.196,15.9385416667,0,0.0
2014-06-27,0.187,15.7421875,0,0.0
2014-06-28,0.349,15.7927083333,0,0.0
2014-06-29,0.276,15.3640625,0,0.0
2014-06-30,0.436,14.4927083333,0,0.0
2014-07-01,0.276,14.6614583333,0,0.0
2014-07-02,0.187,15.8458333333,0,0.0
2014-07-03,0.198,17.8338541667,0,0.0
2014-07-04,0.187,19.2520833333,0,0.0
2014-07-05,0.193,20.8723958333,0,0.0
2014-07-06,0.319,20.6671875,0,0.0
2014-07-07,0.361,18.753125,0,0.0
2014-07-08,0.211,17.084375,0,0.0
2014-07-09,1.437,16.303125,0,0.0
2014-07-10,7.068,16.4854166667,0,0.0
2014-07-11,3.931,17.3244791667,0,0.0
2014-07-12,2.533,18.4166666667,0,0.0
2014-07-13,1.713,18.0651041667,0,0.0
2014-07-14,1.43,17.8760416667,0,0.0
2014-07-15,1.006,18.7541666667,0,0.0
2014-07-16,0.789,19.8760416667,0,0.0
2014-07-17,0.622,21.98125,0,0.0
2014-07-18,0.496,24.2380208333,0,0.0
2014-07-19,0.43,24.6916666667,0,0.0
2014-07-20,0.389,24.0677083333,0,0.0
2014-07-21,0.376,23.2369791667,0,0.0
2014-07-22,0.452,21.9729166667,0,0.0
2014-07-23,0.393,21.0390625,0,0.0
2014-07-24,0.5,20.7776041667,0,0.0
2014-07-25,0.344,19.8713541667,0,0.0
2014-07-26,0.32,19.24375,0,0.0
2014-07-27,0.286,19.5151041667,0,0.0
2014-07-28,0.268,19.9484375,0,0.0
2014-07-29,0.295,20.1598958333,0,0.0
2014-07-30,0.778,20.0416666667,0,0.0
2014-07-31,0.468,20.4572916667,0,0.0
2014-08-01,0.423,20.6697916667,0,0.0
2014-08-02,0.375,20.7453125,0,0.0
2014-08-03,0.378,20.5057291667,0,0.0
2014-08-04,0.35,19.578125,0,0.0
2014-08-05,0.321,18.834375,0,0.0
2014-08-06,0.317,18.559375,0,0.0
2014-08-07,0.295,19.075,0,0.0
2014-08-08,0.287,19.4057291667,0,0.0
2014-08-09,0.266,19.5578125,0,0.0
2014-08-10,0.271,18.8880208333,0,0.0
2014-08-11,0.303,17.8385416667,0,0.0
2014-08-12,0.251,16.8005208333,0,0.0
2014-08-13,0.332,15.7515625,0,0.0
2014-08-14,0.357,15.0854166667,0,0.0
2014-08-15,0.496,14.8317708333,0,0.0
2014-08-16,0.848,14.7703125,0,0.0
2014-08-17,1.127,14.8838541667,0,0.0
2014-08-18,1.011,14.5651041667,0,0.0
2014-08-19,0.771,13.9234375,0,0.0
2014-08-20,0.712,13.4177083333,0,0.0
2014-08-21,0.76,13.2625,0,0.0
2014-08-22,0.6,13.3317708333,0,0.0
2014-08-23,0.569,13.2989583333,0,0.0
2014-08-24,0.502,13.3416666667,0,0.0
2014-08-25,0.431,13.1557291667,0,0.0
2014-08-26,0.489,13.8395833333,0,0.0
2014-08-27,1.822,15.1546875,0,0.0
2014-08-28,2.084,16.0026041667,0,0.0
2014-08-29,1.344,16.5505208333,0,0.0
2014-08-30,0.912,16.1838541667,0,0.0
2014-08-31,1.137,15.3619791667,0,0.0
2014-09-01,1.255,14.809375,0,0.0
2014-09-02,1.211,14.6411458333,0,0.0
2014-09-03,0.957,15.4598958333,0,0.0
2014-09-04,0.758,16.64375,0,0.0
2014-09-05,0.605,17.4494791667,0,0.0
2014-09-06,0.502,17.93125,0,0.0
2014-09-07,0.43,17.565625,0,0.0
2014-09-08,0.45,16.2739583333,0,0.0
2014-09-09,0.392,15.3520833333,0,0.0
2014-09-10,0.364,14.6348958333,0,0.0
2014-09-11,0.353,14.1786458333,0,0.0
2014-09-12,0.32,14.6385416667,0,0.0
2014-09-13,0.303,14.9640625,0,0.0
2014-09-14,0.293,15.4458333333,0,0.0
2014-09-15,0.278,16.5052083333,0,0.0
2014-09-16,0.267,17.1270833333,0,0.0
2014-09-17,0.253,17.9463541667,0,0.0
2014-09-18,0.24,18.6609375,0,0.0
2014-09-19,0.237,18.4994791667,0,0.0
2014-09-20,0.297,17.6671875,0,0.0
2014-09-21,0.432,15.9395833333,0,0.0
2014-09-22,0.344,13.6760416667,0,0.0
2014-09-23,0.313,12.1776041667,0,0.0
2014-09-24,0.295,11.9208333333,0,0.0
2014-09-25,0.375,12.6671875,0,0.0
2014-09-26,0.295,13.9171875,0,0.0
2014-09-27,0.29,14.9286458333,0,0.0
2014-09-28,0.275,15.6177083333,0,0.0
2014-09-29,0.267,15.8817708333,0,0.0
2014-09-30,0.282,15.9052083333,0,0.0
2014-10-01,0.256,15.6484375,0,0.0
2014-10-02,0.247,15.2505208333,0,0.0
2014-10-03,0.233,15.065625,0,0.0
2014-10-04,0.225,14.4114583333,0,0.0
2014-10-05,0.212,14.3072916667,0,0.0
2014-10-06,0.205,13.8802083333,0,0.0
2014-10-07,0.172,13.4796875,0,0.0
2014-10-08,0.327,14.0864583333,0,0.0
2014-10-09,0.609,14.1619791667,0,0.0
2014-10-10,1.109,14.3369791667,0,0.0
2014-10-11,0.887,14.1838541667,0,0.0
2014-10-12,0.712,14.3770833333,0,0.0
2014-10-13,0.57,14.1088541667,0,0.0
2014-10-14,0.491,13.7598958333,0,0.0
2014-10-15,0.433,14.0604166667,0,0.0
2014-10-16,0.393,13.7270833333,0,0.0
2014-10-17,0.394,14.2802083333,0,0.0
2014-10-18,0.372,15.5541666667,0,0.0
2014-10-19,0.354,15.4697916667,0,0.0
2014-10-20,0.351,14.4765625,0,0.0
2014-10-21,0.35,12.659375,0,0.0
2014-10-22,0.77,10.8161458333,0,0.0
2014-10-23,1.079,10.215625,0,0.0
2014-10-24,1.238,10.4473958333,0,0.0
2014-10-25,0.981,11.2682291667,0,0.0
2014-10-26,0.771,11.0479166667,0,0.0
2014-10-27,0.632,10.0588541667,0,0.0
2014-10-28,0.532,9.234375,0,0.0
2014-10-29,0.474,9.4869791667,0,0.0
2014-10-30,0.435,10.6130208333,0,0.0
2014-10-31,0.403,12.3578125,0,0.0
2014-11-01,0.235,13.6520833333,0,0.0
2014-11-02,0.226,13.9859375,0,0.0
2014-11-03,0.204,12.9677083333,0,0.0
2014-11-04,0.2,11.5453125,0,0.0
2014-11-05,0.78,9.8296875,0,0.0
2014-11-06,0.854,7.984375,0,0.0
2014-11-07,0.809,8.0119791667,0,0.0
2014-11-08,0.677,8.0427083333,0,0.0
2014-11-09,0.485,8.7223958333,0,0.0
2014-11-10,0.411,9.4854166667,0,0.0
2014-11-11,0.366,9.2958333333,0,0.0
2014-11-12,0.319,9.3979166667,0,0.0
2014-11-13,0.282,9.8541666667,0,0.0
2014-11-14,0.253,9.884375,0,0.0
2014-11-15,0.252,9.6645833333,0,0.0
2014-11-16,0.252,9.646875,0,0.0
2014-11-17,0.534,9.0072916667,0,0.0
2014-11-18,0.588,8.3416666667,0,0.0
2014-11-19,0.565,7.1760416667,0,0.0
2014-11-20,0.473,6.2703125,0,0.0
2014-11-21,0.401,6.0489583333,0,0.0
2014-11-22,0.349,6.7104166667,0,0.0
2014-11-23,0.31,7.4796875,0,0.0
2014-11-24,0.279,6.8473958333,0,0.0
2014-11-25,0.253,6.159375,0,0.0
2014-11-26,0.253,5.225,0,0.0
2014-11-27,0.226,4.8385416667,0,0.0
2014-11-28,0.21,4.9942708333,0,0.0
2014-11-29,0.198,4.5864583333,0,0.0
2014-11-30,0.173,3.9088541667,0,0.0
2014-12-01,0.17,3.1619791667,0,0.0
2014-12-02,0.17,2.5046875,0,0.0
2014-12-03,0.145,2.2911458333,0,0.0
2014-12-04,0.144,2.4427083333,0,0.0
2014-12-05,0.144,3.0177083333,0,0.0
2014-12-06,0.123,3.7453125,0,0.0
2014-12-07,0.121,3.8333333333,0,0.0
2014-12-08,0.17,3.5140625,0,0.0
2014-12-09,0.144,3.4973958333,0,0.0
2014-12-10,0.144,3.8604166667,0,0.0
2014-12-11,0.225,5.3041666667,0,0.0
2014-12-12,0.252,5.5067708333,0,0.0
2014-12-13,3.218,4.71875,0,0.0
2014-12-14,3.163,4.1182291667,0,0.0
2014-12-15,2.049,3.2333333333,0,0.0
2014-12-16,1.7,3.8734375,0,0.0
2014-12-17,1.211,6.3442708333,0,0.0
2014-12-18,2.063,7.9296875,0,0.0
2014-12-19,4.366,8.0833333333,0,0.0
2014-12-20,13.376,8.2479166667,0,0.0
2014-12-21,4.865,7.9526041667,0,0.0
2014-12-22,2.883,8.3416666667,0,0.0
2014-12-23,2.263,8.9942708333,0,0.0
2014-12-24,1.935,8.3020833333,0,0.0
2014-12-25,4.77,6.4088541667,0,0.0
2014-12-26,4.133,3.8213541667,0,0.0
2014-12-27,2.796,0.7203125,0,0.0
2014-12-28,2.114,0.1,0,0.0
2014-12-29,1.304,0.1,0,0.0
