time,flow,temp,salt
1996-01-01,0.539,0.1,0
1996-01-02,0.513,0.6932291667,0
1996-01-03,0.473,0.6765625,0
1996-01-04,0.424,0.1,0
1996-01-05,0.424,0.1,0
1996-01-06,0.424,0.1,0
1996-01-07,0.424,0.5213541667,0
1996-01-08,0.447,2.2526041667,0
1996-01-09,0.424,4.4682291667,0
1996-01-10,0.447,4.7911458333,0
1996-01-11,0.447,5.6260416667,0
1996-01-12,0.424,6.2640625,0
1996-01-13,0.424,5.678125,0
1996-01-14,0.424,5.0947916667,0
1996-01-15,0.408,3.3864583333,0
1996-01-16,0.408,1.5270833333,0
1996-01-17,0.408,0.5432291667,0
1996-01-18,0.408,0.1,0
1996-01-19,0.399,0.1,0
1996-01-20,0.397,0.1,0
1996-01-21,0.397,0.1,0
1996-01-22,0.397,0.1,0
1996-01-23,0.397,0.1,0
1996-01-24,0.397,0.1,0
1996-01-25,0.389,0.1,0
1996-01-26,0.379,0.1,0
1996-01-27,0.397,0.1,0
1996-01-28,0.389,0.1,0
1996-01-29,0.389,0.1,0
1996-01-30,0.379,0.1,0
1996-01-31,0.389,0.1,0
1996-02-01,0.389,0.1,0
1996-02-02,0.379,0.1,0
1996-02-03,0.379,0.1,0
1996-02-04,0.379,0.1,0
1996-02-05,0.379,0.1,0
1996-02-06,0.379,0.1,0
1996-02-07,0.408,0.1,0
1996-02-08,0.379,0.1,0
1996-02-09,0.387,0.1,0
1996-02-10,0.367,0.3020833333,0
1996-02-11,0.367,2.1338541667,0
1996-02-12,0.484,2.709375,0
1996-02-13,1.157,2.4604166667,0
1996-02-14,0.814,1.3817708333,0
1996-02-15,0.481,1.3864583333,0
1996-02-16,0.427,2.2536458333,0
1996-02-17,3.202,2.9515625,0
1996-02-18,2.234,3.6041666667,0
1996-02-19,4.413,2.5411458333,0
1996-02-20,3.11,0.2302083333,0
1996-02-21,1.942,0.1,0
1996-02-22,1.324,0.1,0
1996-02-23,1.017,0.1,0
1996-02-24,0.847,0.1,0
1996-02-25,0.666,3.1239583333,0
1996-02-26,1.872,5.3869791667,0
1996-02-27,3.372,6.509375,0
1996-02-28,2.076,4.9734375,0
1996-02-29,1.378,3.0557291667,0
1996-03-01,0.956,1.3911458333,0
1996-03-02,0.807,0.4302083333,0
1996-03-03,0.705,0.1,0
1996-03-04,0.604,0.4296875,0
1996-03-05,0.534,1.275,0
1996-03-06,0.507,1.8932291667,0
1996-03-07,0.507,3.0625,0
1996-03-08,0.479,3.1989583333,0
1996-03-09,0.451,3.2895833333,0
1996-03-10,0.451,1.8572916667,0
1996-03-11,0.428,0.1223958333,0
1996-03-12,0.427,0.1,0
1996-03-13,0.424,0.1,0
1996-03-14,0.424,0.4109375,0
1996-03-15,0.424,2.709375,0
1996-03-16,0.408,4.6208333333,0
1996-03-17,0.408,5.7604166667,0
1996-03-18,0.397,6.11875,0
1996-03-19,0.397,6.8880208333,0
1996-03-20,0.397,7.6322916667,0
1996-03-21,0.397,8.0411458333,0
1996-03-22,0.408,8.6317708333,0
1996-03-23,0.396,8.7083333333,0
1996-03-24,0.397,8.7614583333,0
1996-03-25,0.397,8.3838541667,0
1996-03-26,0.389,6.5369791667,0
1996-03-27,0.389,4.7260416667,0
1996-03-28,0.389,3.1145833333,0
1996-03-29,0.389,1.8854166667,0
1996-03-30,0.397,1.5380208333,0
1996-03-31,0.397,1.2703125,0
1996-04-01,0.398,0.7109375,0
1996-04-02,0.397,0.9182291667,0
1996-04-03,0.398,1.9192708333,0
1996-04-04,0.397,3.4140625,0
1996-04-05,0.389,5.9151041667,0
1996-04-06,0.397,8.2395833333,0
1996-04-07,0.397,8.75,0
1996-04-08,0.397,9.41875,0
1996-04-09,0.389,9.7588541667,0
1996-04-10,0.389,9.1109375,0
1996-04-11,0.389,8.7802083333,0
1996-04-12,0.396,7.6125,0
1996-04-13,0.389,6.2505208333,0
1996-04-14,0.389,5.940625,0
1996-04-15,0.389,7.5182291667,0
1996-04-16,0.379,9.7677083333,0
1996-04-17,0.379,11.634375,0
1996-04-18,0.379,13.2875,0
1996-04-19,0.379,15.0005208333,0
1996-04-20,0.379,16.4234375,0
1996-04-21,0.379,18.1817708333,0
1996-04-22,0.371,19.0354166667,0
1996-04-23,0.367,17.3130208333,0
1996-04-24,0.367,15.0572916667,0
1996-04-25,0.379,12.7177083333,0
1996-04-26,0.367,11.9411458333,0
1996-04-27,0.366,11.9578125,0
1996-04-28,0.366,11.6583333333,0
1996-04-29,0.366,11.3578125,0
1996-04-30,0.366,10.903125,0
1996-05-01,0.366,10.7427083333,0
1996-05-02,0.366,11.1130208333,0
1996-05-03,0.388,10.3541666667,0
1996-05-04,0.388,8.7015625,0
1996-05-05,0.396,8.0979166667,0
1996-05-06,0.388,7.89375,0
1996-05-07,0.388,8.3786458333,0
1996-05-08,0.388,9.0869791667,0
1996-05-09,0.388,8.8453125,0
1996-05-10,0.388,8.5166666667,0
1996-05-11,0.388,8.6078125,0
1996-05-12,0.378,8.621875,0
1996-05-13,0.378,9.4286458333,0
1996-05-14,0.378,9.6677083333,0
1996-05-15,0.388,9.8494791667,0
1996-05-16,0.388,11.428125,0
1996-05-17,0.388,12.3291666667,0
1996-05-18,0.396,13.0119791667,0
1996-05-19,0.388,13.44375,0
1996-05-20,0.388,12.2291666667,0
1996-05-21,0.388,11.5963541667,0
1996-05-22,0.407,11.7135416667,0
1996-05-23,0.396,13.2098958333,0
1996-05-24,0.407,14.0104166667,0
1996-05-25,0.396,14.2494791667,0
1996-05-26,0.472,14.0015625,0
1996-05-27,0.472,12.1244791667,0
1996-05-28,0.693,12.7052083333,0
1996-05-29,0.607,14.7291666667,0
1996-05-30,0.58,16.928125,0
1996-05-31,0.528,17.6130208333,0
1996-06-01,0.487,16.5453125,0
1996-06-02,0.473,15.0895833333,0
1996-06-03,0.447,14.2015625,0
1996-06-04,0.447,16.01875,0
1996-06-05,0.408,19.0104166667,0
1996-06-06,0.408,21.540625,0
1996-06-07,0.397,23.3520833333,0
1996-06-08,0.398,23.1755208333,0
1996-06-09,0.424,22.4739583333,0
1996-06-10,0.389,21.7479166667,0
1996-06-11,0.388,20.1838541667,0
1996-06-12,0.378,18.6182291667,0
1996-06-13,0.378,16.6265625,0
1996-06-14,0.378,14.746875,0
1996-06-15,0.378,14.21875,0
1996-06-16,0.366,15.4557291667,0
1996-06-17,0.366,16.7473958333,0
1996-06-18,0.355,16.3453125,0
1996-06-19,0.353,15.0015625,0
1996-06-20,0.366,13.5197916667,0
1996-06-21,0.378,11.8583333333,0
1996-06-22,0.366,11.6515625,0
1996-06-23,0.407,12.0609375,0
1996-06-24,0.378,12.2895833333,0
1996-06-25,0.366,13.1671875,0
1996-06-26,0.366,13.6458333333,0
1996-06-27,0.353,15.1119791667,0
1996-06-28,0.364,15.1734375,0
1996-06-29,0.353,14.90625,0
1996-06-30,0.388,14.9973958333,0
1996-07-01,0.397,13.7510416667,0
1996-07-02,0.403,14.6854166667,0
1996-07-03,0.408,15.6994791667,0
1996-07-04,0.389,15.6510416667,0
1996-07-05,0.414,15.7317708333,0
1996-07-06,0.453,14.8348958333,0
1996-07-07,0.449,13.6729166667,0
1996-07-08,0.426,13.5255208333,0
1996-07-09,0.41,13.7791666667,0
1996-07-10,0.409,14.840625,0
1996-07-11,0.448,16.4515625,0
1996-07-12,0.458,17.6015625,0
1996-07-13,0.425,18.6661458333,0
1996-07-14,0.409,18.8671875,0
1996-07-15,0.409,17.5369791667,0
1996-07-16,0.397,16.7125,0
1996-07-17,0.397,15.5296875,0
1996-07-18,0.389,14.9223958333,0
1996-07-19,0.389,15.7265625,0
1996-07-20,0.379,16.9869791667,0
1996-07-21,0.379,18.8151041667,0
1996-07-22,0.379,20.0479166667,0
1996-07-23,0.367,19.4994791667,0
1996-07-24,0.367,18.4572916667,0
1996-07-25,0.424,17.2510416667,0
1996-07-26,0.456,16.609375,0
1996-07-27,0.407,17.4104166667,0
1996-07-28,0.398,18.1958333333,0
1996-07-29,0.392,18.64375,0
1996-07-30,0.389,18.7192708333,0
1996-07-31,0.378,18.9921875,0
1996-08-01,0.378,18.5786458333,0
1996-08-02,0.378,18.1223958333,0
1996-08-03,0.366,17.5541666667,0
1996-08-04,0.366,17.2380208333,0
1996-08-05,0.353,17.4552083333,0
1996-08-06,0.353,17.7390625,0
1996-08-07,0.353,17.840625,0
1996-08-08,0.353,18.79375,0
1996-08-09,0.353,19.7359375,0
1996-08-10,0.346,20,0
1996-08-11,0.378,19.7286458333,0
1996-08-12,0.378,18.2765625,0
1996-08-13,0.51,17.0572916667,0
1996-08-14,0.416,16.4447916667,0
1996-08-15,0.394,16.4947916667,0
1996-08-16,0.413,16.5057291667,0
1996-08-17,0.395,17.171875,0
1996-08-18,0.394,18.68125,0
1996-08-19,0.384,20.3796875,0
1996-08-20,0.382,20.8875,0
1996-08-21,0.372,20.5223958333,0
1996-08-22,0.372,19.6880208333,0
1996-08-23,0.929,18.2114583333,0
1996-08-24,0.639,17.6447916667,0
1996-08-25,0.559,16.984375,0
1996-08-26,0.505,16.2572916667,0
1996-08-27,0.448,15.4171875,0
1996-08-28,0.425,14.653125,0
1996-08-29,0.549,14.4177083333,0
1996-08-30,11.264,13.7520833333,0
1996-08-31,7.469,13.3609375,0
1996-09-01,4.232,13.4697916667,0
1996-09-02,2.641,13.4520833333,0
1996-09-03,1.55,13.8744791667,0
1996-09-04,1.039,14.4369791667,0
1996-09-05,0.804,13.9473958333,0
1996-09-06,0.65,12.8614583333,0
1996-09-07,0.543,11.8229166667,0
1996-09-08,0.509,10.915625,0
1996-09-09,0.478,11.0182291667,0
1996-09-10,0.446,11.4932291667,0
1996-09-11,0.447,11.5635416667,0
1996-09-12,0.424,11.5166666667,0
1996-09-13,0.539,11.8401041667,0
1996-09-14,0.553,11.821875,0
1996-09-15,0.5,11.5822916667,0
1996-09-16,0.5,11.3838541667,0
1996-09-17,0.5,10.7020833333,0
1996-09-18,0.472,10.7708333333,0
1996-09-19,0.472,10.8692708333,0
1996-09-20,0.446,11.1265625,0
1996-09-21,0.446,11.0776041667,0
1996-09-22,0.446,10.6890625,0
1996-09-23,0.423,10.7473958333,0
1996-09-24,0.423,11.0223958333,0
1996-09-25,0.423,11.6057291667,0
1996-09-26,0.423,12.2510416667,0
1996-09-27,0.407,12.8760416667,0
1996-09-28,0.553,13.3489583333,0
1996-09-29,0.473,14.4317708333,0
1996-09-30,0.473,13.9234375,0
1996-10-01,0.501,13.0505208333,0
1996-10-02,2.501,12.053125,0
1996-10-03,2.571,10.575,0
1996-10-04,1.644,10.0213541667,0
1996-10-05,1.141,9.5828125,0
1996-10-06,0.975,9.475,0
1996-10-07,0.755,9.4625,0
1996-10-08,0.679,9.7421875,0
1996-10-09,0.611,10.3953125,0
1996-10-10,0.567,10.9135416667,0
1996-10-11,0.533,11.0708333333,0
1996-10-12,0.506,11.90625,0
1996-10-13,0.505,12.6942708333,0
1996-10-14,0.477,13.0765625,0
1996-10-15,0.476,12.4875,0
1996-10-16,0.5,11.2447916667,0
1996-10-17,0.5,9.8416666667,0
1996-10-18,0.472,9.1645833333,0
1996-10-19,0.472,9.6541666667,0
1996-10-20,0.5,10.628125,0
1996-10-21,0.766,10.8125,0
1996-10-22,3.29,10.4015625,0
1996-10-23,2.302,9.95,0
1996-10-24,1.578,9.3380208333,0
1996-10-25,1.12,9.7578125,0
1996-10-26,0.92,10.1260416667,0
1996-10-27,0.767,11.1348958333,0
1996-10-28,3.709,11.3572916667,0
1996-10-29,2.393,10.7359375,0
1996-10-30,2.41,10.425,0
1996-10-31,2.118,9.7375,0
1996-11-01,2.863,10.2916666667,0
1996-11-02,5.105,11.6020833333,0
1996-11-03,3.45,12.6067708333,0
1996-11-04,2.543,12.559375,0
1996-11-05,2.19,11.821875,0
1996-11-06,1.783,10.8125,0
1996-11-07,1.803,9.3848958333,0
1996-11-08,3.136,8.7661458333,0
1996-11-09,3.284,8.0864583333,0
1996-11-10,2.435,8.06875,0
1996-11-11,1.93,8.5296875,0
1996-11-12,1.477,8.0484375,0
1996-11-13,1.217,6.590625,0
1996-11-14,1.048,4.5640625,0
1996-11-15,0.931,3.0223958333,0
1996-11-16,0.874,2.1203125,0
1996-11-17,0.821,1.978125,0
1996-11-18,0.785,2.5151041667,0
1996-11-19,0.754,3.2557291667,0
1996-11-20,0.754,3.3994791667,0
1996-11-21,1.023,3.5505208333,0
1996-11-22,0.907,2.8395833333,0
1996-11-23,0.957,1.696875,0
1996-11-24,0.961,1.3890625,0
1996-11-25,0.877,1.9682291667,0
1996-11-26,0.97,2.1125,0
1996-11-27,1.186,2.0015625,0
1996-11-28,1.39,2.0328125,0
1996-11-29,1.272,2.1385416667,0
1996-11-30,1.346,2.7520833333,0
1996-12-01,2.676,4.0765625,0
1996-12-02,3.427,4.8333333333,0
1996-12-03,4.5,5.6744791667,0
1996-12-04,5.699,6.3645833333,0
1996-12-05,4.739,5.959375,0
1996-12-06,3.263,5.1484375,0
1996-12-07,2.317,3.2140625,0
1996-12-08,1.676,1.628125,0
1996-12-09,1.307,0.3546875,0
1996-12-10,1.139,0.1,0
1996-12-11,0.953,0.1,0
1996-12-12,0.832,0.1140625,0
1996-12-13,0.762,0.1,0
1996-12-14,0.735,0.6020833333,0
1996-12-15,0.639,1.3078125,0
1996-12-16,0.639,1.6583333333,0
1996-12-17,0.587,3.771875,0
1996-12-18,0.632,4.978125,0
1996-12-19,0.596,4.7510416667,0
1996-12-20,0.708,3.809375,0
1996-12-21,0.678,1.8677083333,0
1996-12-22,0.71,0.1,0
1996-12-23,0.708,0.1,0
1996-12-24,0.684,0.1,0
1996-12-25,0.601,0.1,0
1996-12-26,0.584,0.1,0
1996-12-27,0.504,0.1,0
1996-12-28,0.53,0.1,0
1996-12-29,0.554,0.1,0
1996-12-30,0.554,0.1,0
1996-12-31,0.537,0.1,0
1997-01-01,0.557,0.1,0
1997-01-02,0.672,0.1,0
1997-01-03,0.553,0.1,0
1997-01-04,0.553,0.1,0
1997-01-05,0.5,0.1,0
1997-01-06,0.472,0.1,0
1997-01-07,0.446,0.1,0
1997-01-08,0.446,0.1,0
1997-01-09,0.446,0.1,0
1997-01-10,0.446,0.1,0
1997-01-11,0.423,0.1,0
1997-01-12,0.423,0.1,0
1997-01-13,0.423,0.1,0
1997-01-14,0.422,0.1,0
1997-01-15,0.418,0.8614583333,0
1997-01-16,0.415,1.6380208333,0
1997-01-17,0.421,2.0182291667,0
1997-01-18,0.419,2.925,0
1997-01-19,0.418,3.60625,0
1997-01-20,0.48,3.4166666667,0
1997-01-21,0.533,3.9291666667,0
1997-01-22,0.474,4.5854166667,0
1997-01-23,0.453,5.0359375,0
1997-01-24,0.448,4.7390625,0
1997-01-25,0.447,3.7598958333,0
1997-01-26,0.435,2.0635416667,0
1997-01-27,0.43,0.4734375,0
1997-01-28,0.425,0.6619791667,0
1997-01-29,0.421,0.7875,0
1997-01-30,0.418,1.5833333333,0
1997-01-31,0.419,2.1057291667,0
1997-02-01,0.423,1.4802083333,0
1997-02-02,0.423,1.1244791667,0
1997-02-03,0.423,1.0203125,0
1997-02-04,0.407,1.5755208333,0
1997-02-05,1.046,2.4307291667,0
1997-02-06,1.443,3.7296875,0
1997-02-07,0.908,4.7203125,0
1997-02-08,0.755,5.8822916667,0
1997-02-09,0.74,7.2333333333,0
1997-02-10,0.73,7.184375,0
1997-02-11,1.239,8.1005208333,0
1997-02-12,0.85,7.6109375,0
1997-02-13,6.597,6.5963541667,0
1997-02-14,10.927,5.7848958333,0
1997-02-15,5.941,4.1890625,0
1997-02-16,3.166,3.815625,0
1997-02-17,2.094,4.6802083333,0
1997-02-18,1.512,5.5833333333,0
1997-02-19,3.797,6.78125,0
1997-02-20,3.383,8.0432291667,0
1997-02-21,2.389,8.5098958333,0
1997-02-22,2.096,9.4057291667,0
1997-02-23,1.684,9.9958333333,0
1997-02-24,1.467,10.553125,0
1997-02-25,2.26,10.4182291667,0
1997-02-26,3.954,9.6859375,0
1997-02-27,3.92,9.5484375,0
1997-02-28,3.407,9.4958333333,0
1997-03-01,2.48,10.2671875,0
1997-03-02,1.774,10.703125,0
1997-03-03,1.481,10.2130208333,0
1997-03-04,1.121,9.6557291667,0
1997-03-05,0.974,8.303125,0
1997-03-06,0.838,8.7427083333,0
1997-03-07,0.767,8.95625,0
1997-03-08,0.701,8.871875,0
1997-03-09,0.641,9.8557291667,0
1997-03-10,0.581,9.0197916667,0
1997-03-11,0.562,8.9390625,0
1997-03-12,0.528,9.3213541667,0
1997-03-13,0.527,8.8604166667,0
1997-03-14,0.5,9.6401041667,0
1997-03-15,0.5,10.0973958333,0
1997-03-16,0.553,9.9604166667,0
1997-03-17,0.566,9.8296875,0
1997-03-18,0.551,8.946875,0
1997-03-19,0.726,7.0140625,0
1997-03-20,1.187,5.7192708333,0
1997-03-21,1.301,4.3770833333,0
1997-03-22,1.126,3.9213541667,0
1997-03-23,0.994,4.7166666667,0
1997-03-24,0.937,5.025,0
1997-03-25,0.795,6.5770833333,0
1997-03-26,0.71,8.7526041667,0
1997-03-27,0.655,9.215625,0
1997-03-28,0.603,9.2619791667,0
1997-03-29,0.646,9.0552083333,0
1997-03-30,0.59,7.7239583333,0
1997-03-31,0.588,8.0458333333,0
1997-04-01,0.558,8.6578125,0
1997-04-02,0.554,8.4072916667,0
1997-04-03,0.527,7.6828125,0
1997-04-04,0.527,7.1489583333,0
1997-04-05,0.527,6.4989583333,0
1997-04-06,2.867,5.7270833333,0
1997-04-07,2.56,6.4546875,0
1997-04-08,1.724,6.9588541667,0
1997-04-09,1.219,7.6119791667,0
1997-04-10,0.939,8.1932291667,0
1997-04-11,0.79,7.578125,0
1997-04-12,0.677,6.6963541667,0
1997-04-13,0.607,6.6234375,0
1997-04-14,0.554,6.6692708333,0
1997-04-15,0.528,6.6427083333,0
1997-04-16,0.501,6.9442708333,0
1997-04-17,0.5,6.4875,0
1997-04-18,0.472,6.434375,0
1997-04-19,0.472,6.1932291667,0
1997-04-20,0.446,5.5651041667,0
1997-04-21,0.446,4.9572916667,0
1997-04-22,0.423,4.7588541667,0
1997-04-23,0.423,6.0661458333,0
1997-04-24,0.423,7.728125,0
1997-04-25,0.407,9.3307291667,0
1997-04-26,0.437,10.5328125,0
1997-04-27,0.446,11.2145833333,0
1997-04-28,0.564,10.9942708333,0
1997-04-29,0.527,10.9630208333,0
1997-04-30,2.357,11.18125,0
1997-05-01,2.206,11.8338541667,0
1997-05-02,1.561,13.6364583333,0
1997-05-03,1.12,15.2989583333,0
1997-05-04,0.882,15.8713541667,0
1997-05-05,0.742,14.4921875,0
1997-05-06,1.17,11.446875,0
1997-05-07,2.632,9.0494791667,0
1997-05-08,3.313,8.0994791667,0
1997-05-09,2.453,8.6984375,0
1997-05-10,1.971,10.8489583333,0
1997-05-11,1.408,12.3369791667,0
1997-05-12,1.16,13.7802083333,0
1997-05-13,0.941,14.615625,0
1997-05-14,0.797,15.1270833333,0
1997-05-15,0.689,16.5072916667,0
1997-05-16,0.621,17.8276041667,0
1997-05-17,0.589,18.1572916667,0
1997-05-18,0.553,18.7796875,0
1997-05-19,0.579,17.66875,0
1997-05-20,0.527,15.6223958333,0
1997-05-21,0.527,14.0442708333,0
1997-05-22,0.601,12.0151041667,0
1997-05-23,0.725,10.6989583333,0
1997-05-24,0.586,10.5395833333,0
1997-05-25,0.581,11.1588541667,0
1997-05-26,0.554,11.5890625,0
1997-05-27,0.554,11.9619791667,0
1997-05-28,0.528,12.0973958333,0
1997-05-29,0.5,12.3484375,0
1997-05-30,0.472,12.5520833333,0
1997-05-31,0.472,13.0135416667,0
1997-06-01,0.447,13.7151041667,0
1997-06-02,0.446,14.53125,0
1997-06-03,0.423,15.7104166667,0
1997-06-04,0.423,17.4838541667,0
1997-06-05,0.407,18.8557291667,0
1997-06-06,0.407,20.1703125,0
1997-06-07,0.396,19.9338541667,0
1997-06-08,0.396,19.3234375,0
1997-06-09,0.462,19.13125,0
1997-06-10,0.396,18.7026041667,0
1997-06-11,0.396,19.1114583333,0
1997-06-12,0.432,19.3890625,0
1997-06-13,0.401,18.4401041667,0
1997-06-14,0.5,16.8932291667,0
1997-06-15,0.542,16.06875,0
1997-06-16,0.502,15.2739583333,0
1997-06-17,0.447,14.5552083333,0
1997-06-18,0.424,14.8578125,0
1997-06-19,0.424,14.8479166667,0
1997-06-20,0.408,14.7864583333,0
1997-06-21,0.413,15.0145833333,0
1997-06-22,0.407,14.4421875,0
1997-06-23,0.407,14.0375,0
1997-06-24,0.432,13.3578125,0
1997-06-25,0.407,13.4046875,0
1997-06-26,0.407,13.859375,0
1997-06-27,0.407,14.7166666667,0
1997-06-28,0.423,15.3921875,0
1997-06-29,0.407,15.4296875,0
1997-06-30,0.407,15.5651041667,0
1997-07-01,0.408,15.3692708333,0
1997-07-02,0.408,15.8302083333,0
1997-07-03,0.408,16.0640625,0
1997-07-04,0.397,16.0671875,0
1997-07-05,0.389,15.90625,0
1997-07-06,0.397,15.9401041667,0
1997-07-07,0.389,15.9791666667,0
1997-07-08,0.388,16.325,0
1997-07-09,0.388,17.009375,0
1997-07-10,0.388,17.8182291667,0
1997-07-11,0.378,19.0510416667,0
1997-07-12,0.378,19.9494791667,0
1997-07-13,0.378,20.2703125,0
1997-07-14,0.378,19.8598958333,0
1997-07-15,0.366,19.05625,0
1997-07-16,0.366,18.2859375,0
1997-07-17,0.378,17.6348958333,0
1997-07-18,0.378,17.3880208333,0
1997-07-19,0.391,16.9291666667,0
1997-07-20,0.378,16.7234375,0
1997-07-21,0.381,17.2677083333,0
1997-07-22,0.379,17.4567708333,0
1997-07-23,0.379,18.1395833333,0
1997-07-24,0.367,18.3020833333,0
1997-07-25,0.367,18.2802083333,0
1997-07-26,0.396,18.184375,0
1997-07-27,0.379,17.7921875,0
1997-07-28,0.378,18.028125,0
1997-07-29,0.368,18.4145833333,0
1997-07-30,0.366,17.7765625,0
1997-07-31,0.353,17.3916666667,0
1997-08-01,0.396,17.5609375,0
1997-08-02,0.396,17.0515625,0
1997-08-03,0.388,18.3036458333,0
1997-08-04,0.388,19.7432291667,0
1997-08-05,0.378,20.5880208333,0
1997-08-06,0.366,21.3677083333,0
1997-08-07,0.361,21.8276041667,0
1997-08-08,0.353,22.1880208333,0
1997-08-09,0.353,22.4,0
1997-08-10,0.346,23.1744791667,0
1997-08-11,0.341,23.5567708333,0
1997-08-12,0.341,23.6182291667,0
1997-08-13,0.341,23.2208333333,0
1997-08-14,0.341,21.8734375,0
1997-08-15,0.341,20.946875,0
1997-08-16,0.353,20.4135416667,0
1997-08-17,0.341,20.4390625,0
1997-08-18,0.341,20.4880208333,0
1997-08-19,0.341,20.3526041667,0
1997-08-20,0.341,20.3963541667,0
1997-08-21,0.341,20.0161458333,0
1997-08-22,0.341,20.9984375,0
1997-08-23,0.366,22.0036458333,0
1997-08-24,0.353,23.0958333333,0
1997-08-25,0.353,22.9364583333,0
1997-08-26,0.341,22.1734375,0
1997-08-27,0.353,20.3223958333,0
1997-08-28,0.396,18.0776041667,0
1997-08-29,0.388,17.190625,0
1997-08-30,0.366,17.2088541667,0
1997-08-31,0.356,18.4916666667,0
1997-09-01,0.355,18.4416666667,0
1997-09-02,0.376,18.465625,0
1997-09-03,0.379,17.8666666667,0
1997-09-04,0.354,17.0442708333,0
1997-09-05,0.354,17.0447916667,0
1997-09-06,0.354,16.5161458333,0
1997-09-07,0.354,16.0661458333,0
1997-09-08,0.366,15.2802083333,0
1997-09-09,0.353,14.4171875,0
1997-09-10,0.353,14.5755208333,0
1997-09-11,0.341,14.8177083333,0
1997-09-12,0.341,14.2567708333,0
1997-09-13,0.343,13.8729166667,0
1997-09-14,0.341,13.2713541667,0
1997-09-15,0.341,12.721875,0
1997-09-16,0.341,13.5411458333,0
1997-09-17,0.341,15.0427083333,0
1997-09-18,0.341,15.3385416667,0
1997-09-19,0.341,14.3875,0
1997-09-20,0.341,13.0234375,0
1997-09-21,0.341,11.5911458333,0
1997-09-22,0.341,11.3348958333,0
1997-09-23,0.33,11.4265625,0
1997-09-24,0.33,12.0239583333,0
1997-09-25,0.341,12.8432291667,0
1997-09-26,0.33,12.9875,0
1997-09-27,0.33,13.4557291667,0
1997-09-28,0.33,13.6307291667,0
1997-09-29,0.33,13.7052083333,0
1997-09-30,0.33,14.7484375,0
1997-10-01,0.341,14.9125,0
1997-10-02,0.378,14.2265625,0
1997-10-03,0.353,13.7796875,0
1997-10-04,0.353,12.3552083333,0
1997-10-05,0.353,12.5567708333,0
1997-10-06,0.353,13.9760416667,0
1997-10-07,0.344,14.5088541667,0
1997-10-08,0.381,15.971875,0
1997-10-09,0.471,16.0229166667,0
1997-10-10,0.715,14.8640625,0
1997-10-11,0.962,13.3869791667,0
1997-10-12,0.682,11.0572916667,0
1997-10-13,0.536,9.3203125,0
1997-10-14,0.502,8.059375,0
1997-10-15,0.448,7.5239583333,0
1997-10-16,0.448,8.3140625,0
1997-10-17,0.428,9.7338541667,0
1997-10-18,0.418,11.5901041667,0
1997-10-19,0.409,12.1760416667,0
1997-10-20,0.402,10.4114583333,0
1997-10-21,0.396,7.8682291667,0
1997-10-22,0.396,5.1817708333,0
1997-10-23,0.396,4.1505208333,0
1997-10-24,0.388,4.7213541667,0
1997-10-25,0.388,5.6640625,0
1997-10-26,0.388,5.6875,0
1997-10-27,0.388,4.6010416667,0
1997-10-28,0.385,3.2145833333,0
1997-10-29,0.378,2.1140625,0
1997-10-30,0.378,1.7526041667,0
1997-10-31,0.378,1.821875,0
1997-11-01,0.378,1.3359375,0
1997-11-02,0.378,1.5723958333,0
1997-11-03,0.378,2.1317708333,0
1997-11-04,0.378,3.9854166667,0
1997-11-05,0.378,7.1713541667,0
1997-11-06,0.388,9.1463541667,0
1997-11-07,0.424,10.3890625,0
1997-11-08,0.396,10.6822916667,0
1997-11-09,0.396,10.1020833333,0
1997-11-10,0.446,9.2651041667,0
1997-11-11,0.446,8.8041666667,0
1997-11-12,0.446,7.9614583333,0
1997-11-13,0.447,6.7963541667,0
1997-11-14,0.447,6.5296875,0
1997-11-15,0.446,6.890625,0
1997-11-16,0.5,6.4104166667,0
1997-11-17,0.472,6.5854166667,0
1997-11-18,0.5,5.2916666667,0
1997-11-19,0.5,3.4244791667,0
1997-11-20,0.472,3.7828125,0
1997-11-21,0.472,2.8786458333,0
1997-11-22,0.446,2.8927083333,0
1997-11-23,0.423,3.3677083333,0
1997-11-24,0.407,3.0473958333,0
1997-11-25,0.407,4.0515625,0
1997-11-26,0.407,4.4119791667,0
1997-11-27,0.396,4.7932291667,0
1997-11-28,0.396,5.8020833333,0
1997-11-29,0.407,6.3770833333,0
1997-11-30,0.448,6.2359375,0
1997-12-01,0.424,5.3192708333,0
1997-12-02,0.424,3.3541666667,0
1997-12-03,0.424,1.6916666667,0
1997-12-04,0.423,0.7807291667,0
1997-12-05,0.423,0.9786458333,0
1997-12-06,0.407,1.4739583333,0
1997-12-07,0.426,2.0734375,0
1997-12-08,0.446,4.1291666667,0
1997-12-09,0.446,6.259375,0
1997-12-10,0.446,8.2979166667,0
1997-12-11,2.599,9.3375,0
1997-12-12,2.97,8.9078125,0
1997-12-13,6.007,7.5385416667,0
1997-12-14,3.882,5.2260416667,0
1997-12-15,2.391,2.5,0
1997-12-16,1.557,0.6291666667,0
1997-12-17,1.102,0.1,0
1997-12-18,0.907,0.7005208333,0
1997-12-19,0.771,2.4572916667,0
1997-12-20,0.656,3.2020833333,0
1997-12-21,0.638,2.8552083333,0
1997-12-22,0.55,2.559375,0
1997-12-23,0.507,3.8151041667,0
1997-12-24,0.502,6.3166666667,0
1997-12-25,1.397,8.1322916667,0
1997-12-26,2.028,8.9802083333,0
1997-12-27,2.359,8.0078125,0
1997-12-28,3.606,6.3078125,0
1997-12-29,4.063,5.2619791667,0
1997-12-30,4.32,5.5770833333,0
1997-12-31,2.721,5.7953125,0
1998-01-01,1.915,6.5932291667,0
1998-01-02,1.275,7.38125,0
1998-01-03,3.032,7.2119791667,0
1998-01-04,4.306,7.3166666667,0
1998-01-05,3.639,6.7921875,0
1998-01-06,2.556,7.1921875,0
1998-01-07,1.733,8.003125,0
1998-01-08,2.434,8.9380208333,0
1998-01-09,2.284,9.6390625,0
1998-01-10,1.625,9.178125,0
1998-01-11,1.238,8.403125,0
1998-01-12,0.976,7.9296875,0
1998-01-13,0.817,8.0333333333,0
1998-01-14,0.733,7.5875,0
1998-01-15,0.634,7.6666666667,0
1998-01-16,0.661,6.8625,0
1998-01-17,0.671,5.6635416667,0
1998-01-18,0.6,5.4401041667,0
1998-01-19,0.809,4.2755208333,0
1998-01-20,1.306,3.13125,0
1998-01-21,1.753,2.0671875,0
1998-01-22,1.699,1.2208333333,0
1998-01-23,1.393,0.7796875,0
1998-01-24,1.126,0.4807291667,0
1998-01-25,0.903,0.1,0
1998-01-26,0.752,0.1,0
1998-01-27,0.644,0.1,0
1998-01-28,0.608,0.1,0
1998-01-29,0.565,0.1,0
1998-01-30,0.531,0.1,0
1998-01-31,0.505,0.1,0
1998-02-01,0.453,0.1,0
1998-02-02,0.529,0.1,0
1998-02-03,0.5,0.1,0
1998-02-04,0.446,0.1,0
1998-02-05,0.423,1.0567708333,0
1998-02-06,0.423,1.4057291667,0
1998-02-07,0.423,2.790625,0
1998-02-08,0.423,3.7541666667,0
1998-02-09,0.446,4.3833333333,0
1998-02-10,0.446,5.6723958333,0
1998-02-11,0.423,7.3770833333,0
1998-02-12,0.423,8.5828125,0
1998-02-13,0.446,8.9515625,0
1998-02-14,0.423,9.365625,0
1998-02-15,0.423,9.3947916667,0
1998-02-16,0.423,8.1973958333,0
1998-02-17,0.446,7.5953125,0
1998-02-18,0.446,7.0984375,0
1998-02-19,0.423,6.9041666667,0
1998-02-20,0.423,8.3833333333,0
1998-02-21,0.423,9.1125,0
1998-02-22,0.423,8.978125,0
1998-02-23,0.446,8.8932291667,0
1998-02-24,0.423,8.359375,0
1998-02-25,0.423,8.5265625,0
1998-02-26,0.423,9.05,0
1998-02-27,0.423,8.13125,0
1998-02-28,0.423,6.5630208333,0
1998-03-01,0.472,6.025,0
1998-03-02,0.483,6.6213541667,0
1998-03-03,1.293,8.5640625,0
1998-03-04,4.98,9.1963541667,0
1998-03-05,4.367,9.2848958333,0
1998-03-06,3.408,9.1682291667,0
1998-03-07,21.072,7.2869791667,0
1998-03-08,10.326,5.7911458333,0
1998-03-09,5.8,4.6,0
1998-03-10,3.952,3.1677083333,0
1998-03-11,2.649,2.5442708333,0
1998-03-12,1.882,3.2869791667,0
1998-03-13,1.295,4.3328125,0
1998-03-14,1.105,5.0973958333,0
1998-03-15,1.057,6.4979166667,0
1998-03-16,1.193,7.9723958333,0
1998-03-17,1.25,8.5265625,0
1998-03-18,1.244,8.0848958333,0
1998-03-19,1.112,7.2203125,0
1998-03-20,0.952,6.246875,0
1998-03-21,0.905,4.8578125,0
1998-03-22,0.751,4.2963541667,0
1998-03-23,0.736,3.8838541667,0
1998-03-24,0.675,3.7802083333,0
1998-03-25,0.615,4.546875,0
1998-03-26,0.567,5.7885416667,0
1998-03-27,0.553,7.834375,0
1998-03-28,0.552,10.6223958333,0
1998-03-29,0.498,13.2171875,0
1998-03-30,0.496,14.5703125,0
1998-03-31,0.475,14.65,0
1998-04-01,0.468,13.9161458333,0
1998-04-02,0.562,12.5302083333,0
1998-04-03,0.5,11.4916666667,0
1998-04-04,0.8,11.0151041667,0
1998-04-05,0.898,10.2802083333,0
1998-04-06,1.037,9.1942708333,0
1998-04-07,1.097,8.7203125,0
1998-04-08,1.681,8.2546875,0
1998-04-09,2.863,7.4890625,0
1998-04-10,2.451,7.6130208333,0
1998-04-11,1.852,7.1583333333,0
1998-04-12,1.445,5.9328125,0
1998-04-13,1.232,5.2984375,0
1998-04-14,1.122,5.0744791667,0
1998-04-15,0.912,5.371875,0
1998-04-16,1.048,6.4291666667,0
1998-04-17,1.103,7.3333333333,0
1998-04-18,1.192,7.7109375,0
1998-04-19,1.279,7.9432291667,0
1998-04-20,2.086,8.7755208333,0
1998-04-21,2.208,10.5875,0
1998-04-22,1.879,12.5822916667,0
1998-04-23,1.648,13.7802083333,0
1998-04-24,1.29,14.4755208333,0
1998-04-25,1.044,13.6458333333,0
1998-04-26,0.907,12.1723958333,0
1998-04-27,1.005,11.4484375,0
1998-04-28,0.884,10.9453125,0
1998-04-29,0.865,11.6229166667,0
1998-04-30,0.843,11.9796875,0
1998-05-01,0.78,12.3119791667,0
1998-05-02,0.88,11.9046875,0
1998-05-03,0.789,10.6098958333,0
1998-05-04,0.695,10.075,0
1998-05-05,0.648,10.1729166667,0
1998-05-06,0.664,11.0854166667,0
1998-05-07,0.643,13.1151041667,0
1998-05-08,0.606,15.6619791667,0
1998-05-09,0.554,17.8510416667,0
1998-05-10,0.553,19.9447916667,0
1998-05-11,0.527,21.4963541667,0
1998-05-12,0.527,22.2973958333,0
1998-05-13,0.51,22.1083333333,0
1998-05-14,0.5,20.9854166667,0
1998-05-15,0.5,19.1177083333,0
1998-05-16,0.472,17.2895833333,0
1998-05-17,0.472,16.4026041667,0
1998-05-18,0.472,16.0776041667,0
1998-05-19,0.472,15.9703125,0
1998-05-20,0.472,15.1333333333,0
1998-05-21,0.446,13.3296875,0
1998-05-22,0.446,11.91875,0
1998-05-23,0.446,11.0270833333,0
1998-05-24,0.423,11.1197916667,0
1998-05-25,0.446,12.3192708333,0
1998-05-26,0.446,13.3203125,0
1998-05-27,0.472,14.7197916667,0
1998-05-28,0.446,15.553125,0
1998-05-29,0.446,15.9520833333,0
1998-05-30,0.446,16.4765625,0
1998-05-31,0.426,16.1171875,0
1998-06-01,0.423,16.265625,0
1998-06-02,0.755,16.7911458333,0
1998-06-03,0.762,16.7578125,0
1998-06-04,0.887,17.665625,0
1998-06-05,0.689,18.8817708333,0
1998-06-06,0.578,18.7442708333,0
1998-06-07,0.482,18.5942708333,0
1998-06-08,0.677,18.0572916667,0
1998-06-09,0.472,16.8791666667,0
1998-06-10,0.472,16.009375,0
1998-06-11,0.527,14.5661458333,0
1998-06-12,0.79,13.1505208333,0
1998-06-13,0.966,12.1286458333,0
1998-06-14,0.952,12.0713541667,0
1998-06-15,0.918,12.9630208333,0
1998-06-16,0.777,13.4348958333,0
1998-06-17,0.957,13.71875,0
1998-06-18,1.091,14.9963541667,0
1998-06-19,1.049,16.9416666667,0
1998-06-20,0.88,19.8963541667,0
1998-06-21,0.744,20.946875,0
1998-06-22,0.653,20.3833333333,0
1998-06-23,0.569,19.6380208333,0
1998-06-24,0.53,18.0026041667,0
1998-06-25,0.5,18.0401041667,0
1998-06-26,0.5,18.640625,0
1998-06-27,0.472,17.7890625,0
1998-06-28,0.449,17.1703125,0
1998-06-29,0.446,16.4041666667,0
1998-06-30,0.407,15.5458333333,0
1998-07-01,0.691,15.3953125,0
1998-07-02,0.446,14.8458333333,0
1998-07-03,0.422,15.0151041667,0
1998-07-04,0.409,15.3807291667,0
1998-07-05,0.407,15.6697916667,0
1998-07-06,0.407,15.3765625,0
1998-07-07,0.423,14.4890625,0
1998-07-08,0.407,13.89375,0
1998-07-09,0.407,14.2239583333,0
1998-07-10,0.472,14.9692708333,0
1998-07-11,0.556,16.1692708333,0
1998-07-12,0.884,16.4364583333,0
1998-07-13,4.004,15.6348958333,0
1998-07-14,3.334,15.0515625,0
1998-07-15,2.499,14.2463541667,0
1998-07-16,1.935,14.1765625,0
1998-07-17,1.553,14.7515625,0
1998-07-18,1.684,15.8385416667,0
1998-07-19,1.347,18.790625,0
1998-07-20,1.066,20.8125,0
1998-07-21,0.828,21.5265625,0
1998-07-22,0.688,21.6609375,0
1998-07-23,0.566,19.55,0
1998-07-24,0.528,17.8713541667,0
1998-07-25,0.5,17.3963541667,0
1998-07-26,0.472,17.5510416667,0
1998-07-27,0.446,17.525,0
1998-07-28,0.423,17.3640625,0
1998-07-29,0.446,17.35,0
1998-07-30,0.563,16.7036458333,0
1998-07-31,0.5,16.8421875,0
1998-08-01,0.446,17.0197916667,0
1998-08-02,0.423,17.3359375,0
1998-08-03,0.423,17.3338541667,0
1998-08-04,0.407,17.0635416667,0
1998-08-05,0.423,17.5786458333,0
1998-08-06,0.407,17.94375,0
1998-08-07,0.396,19.4546875,0
1998-08-08,0.388,20.5046875,0
1998-08-09,0.388,21.9734375,0
1998-08-10,0.388,23.3046875,0
1998-08-11,0.378,23.36875,0
1998-08-12,0.378,22.4760416667,0
1998-08-13,0.378,20.6854166667,0
1998-08-14,0.378,19.6739583333,0
1998-08-15,0.378,18.3807291667,0
1998-08-16,0.378,18.590625,0
1998-08-17,0.37,18.4953125,0
1998-08-18,0.366,17.4484375,0
1998-08-19,0.366,17.5401041667,0
1998-08-20,0.366,16.9671875,0
1998-08-21,0.366,16.3265625,0
1998-08-22,0.446,15.6630208333,0
1998-08-23,0.446,14.6770833333,0
1998-08-24,0.53,14.1479166667,0
1998-08-25,0.641,14.1333333333,0
1998-08-26,0.579,13.4791666667,0
1998-08-27,0.654,12.8348958333,0
1998-08-28,0.553,12.4151041667,0
1998-08-29,0.527,12.1630208333,0
1998-08-30,0.5,12.8255208333,0
1998-08-31,0.472,13.5369791667,0
1998-09-01,0.446,14.5875,0
1998-09-02,0.446,15.6859375,0
1998-09-03,0.472,16.3291666667,0
1998-09-04,0.5,16.78125,0
1998-09-05,0.476,16.6052083333,0
1998-09-06,0.544,16.2567708333,0
1998-09-07,1.671,16.2411458333,0
1998-09-08,1.409,16.8057291667,0
1998-09-09,1.054,17.6572916667,0
1998-09-10,1.178,17.728125,0
1998-09-11,1.137,16.2838541667,0
1998-09-12,0.963,14.0078125,0
1998-09-13,1.421,11.8817708333,0
1998-09-14,2.602,10.984375,0
1998-09-15,16.503,11.6130208333,0
1998-09-16,13.651,12.2328125,0
1998-09-17,6.844,12.8036458333,0
1998-09-18,12.8,13.1088541667,0
1998-09-19,5.011,13.4239583333,0
1998-09-20,2.913,13.8385416667,0
1998-09-21,1.876,14.1098958333,0
1998-09-22,1.268,14.0734375,0
1998-09-23,0.987,13.9583333333,0
1998-09-24,0.844,14.6640625,0
1998-09-25,0.722,15.5213541667,0
1998-09-26,0.641,15.9677083333,0
1998-09-27,0.626,15.9927083333,0
1998-09-28,0.518,15.6651041667,0
1998-09-29,0.502,14.7125,0
1998-09-30,0.474,14.1630208333,0
1998-10-01,0.5,12.4526041667,0
1998-10-02,0.469,10.1052083333,0
1998-10-03,0.446,8.5463541667,0
1998-10-04,0.446,7.2229166667,0
1998-10-05,0.446,7.3411458333,0
1998-10-06,0.446,8.09375,0
1998-10-07,0.544,8.5864583333,0
1998-10-08,0.511,8.8520833333,0
1998-10-09,0.693,9.5010416667,0
1998-10-10,0.691,10.096875,0
1998-10-11,0.813,10.353125,0
1998-10-12,2.009,10.6130208333,0
1998-10-13,3.11,11.378125,0
1998-10-14,2.687,11.2552083333,0
1998-10-15,6.129,11.2755208333,0
1998-10-16,4.668,12.2135416667,0
1998-10-17,2.832,10.9609375,0
1998-10-18,2.084,9.7739583333,0
1998-10-19,1.38,8.7953125,0
1998-10-20,1.191,7.9645833333,0
1998-10-21,1.223,9.09375,0
1998-10-22,1.328,11.0578125,0
1998-10-23,1.248,12.2723958333,0
1998-10-24,3.292,12.2322916667,0
1998-10-25,7.494,10.6994791667,0
1998-10-26,6.631,9.6619791667,0
1998-10-27,5.239,10.2239583333,0
1998-10-28,6.595,9.7546875,0
1998-10-29,8.935,9.5807291667,0
1998-10-30,6.063,8.778125,0
1998-10-31,5.275,7.3359375,0
1998-11-01,5.661,6.7520833333,0
1998-11-02,10.583,7.2416666667,0
1998-11-03,5.514,7.0911458333,0
1998-11-04,3.654,6.7333333333,0
1998-11-05,3.223,7.2151041667,0
1998-11-06,2.769,6.01875,0
1998-11-07,2.297,6.2322916667,0
1998-11-08,1.867,7.4442708333,0
1998-11-09,2.203,7.7302083333,0
1998-11-10,7.003,8.0619791667,0
1998-11-11,4.692,7.0130208333,0
1998-11-12,3.024,5.7151041667,0
1998-11-13,2.295,4.2765625,0
1998-11-14,1.959,4.1598958333,0
1998-11-15,1.799,4.4541666667,0
1998-11-16,1.756,3.4078125,0
1998-11-17,1.713,2.9442708333,0
1998-11-18,1.545,1.9255208333,0
1998-11-19,1.373,0.1880208333,0
1998-11-20,1.132,0.1,0
1998-11-21,0.956,0.1,0
1998-11-22,0.825,0.1,0
1998-11-23,0.761,0.1,0
1998-11-24,0.703,0.1,0
1998-11-25,0.643,0.1,0
1998-11-26,0.615,0.7140625,0
1998-11-27,0.64,1.8890625,0
1998-11-28,0.872,2.4583333333,0
1998-11-29,0.741,2.8291666667,0
1998-11-30,0.723,1.421875,0
1998-12-01,0.668,0.1,0
1998-12-02,0.655,0.1,0
1998-12-03,0.634,0.1,0
1998-12-04,0.613,0.1,0
1998-12-05,0.609,0.1,0
1998-12-06,0.593,0.3744791667,0
1998-12-07,0.505,0.1,0
1998-12-08,0.494,0.1,0
1998-12-09,0.473,0.1447916667,0
1998-12-10,0.528,0.5369791667,0
1998-12-11,0.501,2.5588541667,0
1998-12-12,0.501,4.7151041667,0
1998-12-13,2.367,6.7046875,0
1998-12-14,4.046,8.5552083333,0
1998-12-15,2.789,8.6770833333,0
1998-12-16,2.247,7.7447916667,0
1998-12-17,2.317,6.5802083333,0
1998-12-18,2.05,5.7296875,0
1998-12-19,1.647,4.653125,0
1998-12-20,1.97,3.525,0
1998-12-21,1.522,3.075,0
1998-12-22,1.424,2.0765625,0
1998-12-23,1.285,1.6604166667,0
1998-12-24,1.096,2.51875,0
1998-12-25,0.97,4.0880208333,0
1998-12-26,0.985,5.9838541667,0
1998-12-27,1.242,7.9651041667,0
1998-12-28,1.58,7.7890625,0
1998-12-29,2.089,7.0791666667,0
1998-12-30,1.851,5.5005208333,0
1998-12-31,1.428,4.1505208333,0
1999-01-01,1.151,4.5583333333,0
1999-01-02,0.952,4.5671875,0
1999-01-03,0.849,6.1307291667,0
1999-01-04,1.886,8.4296875,0
1999-01-05,3.065,9.55625,0
1999-01-06,3.252,9.7473958333,0
1999-01-07,2.442,8.7010416667,0
1999-01-08,2.976,6.1958333333,0
1999-01-09,3.584,3.7734375,0
1999-01-10,2.784,1.6708333333,0
1999-01-11,1.984,0.1234375,0
1999-01-12,1.446,0.1,0
1999-01-13,1.269,1.0390625,0
1999-01-14,1.086,3.3166666667,0
1999-01-15,1.721,5.8104166667,0
1999-01-16,4.648,6.996875,0
1999-01-17,4.98,6.7395833333,0
1999-01-18,5.665,6.3140625,0
1999-01-19,3.84,5.8520833333,0
1999-01-20,2.603,5.8567708333,0
1999-01-21,1.821,6.6078125,0
1999-01-22,1.336,6.2104166667,0
1999-01-23,1.1,5.4057291667,0
1999-01-24,0.922,6.3505208333,0
1999-01-25,0.878,6.0442708333,0
1999-01-26,1.303,6.0604166667,0
1999-01-27,1.246,5.9322916667,0
1999-01-28,3.712,2.9755208333,0
1999-01-29,7.364,1.0609375,0
1999-01-30,4.387,0.1,0
1999-01-31,2.76,0.1,0
1999-02-01,1.972,1.0208333333,0
1999-02-02,1.556,3.1026041667,0
1999-02-03,1.176,5.4854166667,0
1999-02-04,1.045,6.0713541667,0
1999-02-05,1.302,5.5015625,0
1999-02-06,1.741,4.3526041667,0
1999-02-07,2.031,2.1302083333,0
1999-02-08,1.929,0.4541666667,0
1999-02-09,1.574,0.1,0
1999-02-10,1.316,0.1,0
1999-02-11,1.158,0.1,0
1999-02-12,0.96,0.1,0
1999-02-13,0.83,0.1,0
1999-02-14,0.789,0.1,0
1999-02-15,0.741,0.1,0
1999-02-16,0.717,0.8296875,0
1999-02-17,1.14,2.065625,0
1999-02-18,1.218,3.8473958333,0
1999-02-19,1.225,4.58125,0
1999-02-20,14.846,5.575,0
1999-02-21,7.347,5.4526041667,0
1999-02-22,6.32,4.1296875,0
1999-02-23,5.097,2.7026041667,0
1999-02-24,3.468,1.7666666667,0
1999-02-25,2.723,3.09375,0
1999-02-26,2.195,4.0838541667,0
1999-02-27,2.43,5.4760416667,0
1999-02-28,2.624,7.3151041667,0
1999-03-01,2.581,8.3869791667,0
1999-03-02,12.009,9.453125,0
1999-03-03,14.415,9.5182291667,0
1999-03-04,8.023,8.6520833333,0
1999-03-05,4.525,7.0260416667,0
1999-03-06,3.177,5.21875,0
1999-03-07,2.377,4.6776041667,0
1999-03-08,2.051,4.6244791667,0
1999-03-09,2.93,4.1177083333,0
1999-03-10,3.09,4.2375,0
1999-03-11,2.566,5.2104166667,0
1999-03-12,1.918,6.9875,0
1999-03-13,1.437,8.3442708333,0
1999-03-14,1.201,9.0161458333,0
1999-03-15,0.959,8.290625,0
1999-03-16,0.84,6.8057291667,0
1999-03-17,0.735,6.4973958333,0
1999-03-18,0.665,6.3192708333,0
1999-03-19,0.724,6.2609375,0
1999-03-20,0.612,6.1380208333,0
1999-03-21,0.592,5.5953125,0
1999-03-22,1.06,5.7796875,0
1999-03-23,0.86,6.7604166667,0
1999-03-24,3.893,8.4484375,0
1999-03-25,3.693,10.3380208333,0
1999-03-26,2.532,10.7828125,0
1999-03-27,1.822,10.1286458333,0
1999-03-28,1.255,8.8713541667,0
1999-03-29,0.983,8.5734375,0
1999-03-30,0.838,9.6359375,0
1999-03-31,0.747,11.39375,0
1999-04-01,0.697,13.1057291667,0
1999-04-02,0.623,13.1375,0
1999-04-03,0.566,12.9515625,0
1999-04-04,0.605,12.2864583333,0
1999-04-05,0.566,12.1395833333,0
1999-04-06,0.722,11.7125,0
1999-04-07,0.706,10.9625,0
1999-04-08,1.171,10.26875,0
1999-04-09,1.176,9.5927083333,0
1999-04-10,1.148,9.6828125,0
1999-04-11,1.006,9.3791666667,0
1999-04-12,0.937,8.8052083333,0
1999-04-13,1.485,6.6526041667,0
1999-04-14,2.611,4.9640625,0
1999-04-15,4.585,4.2994791667,0
1999-04-16,4.397,3.9557291667,0
1999-04-17,3.3,4.7619791667,0
1999-04-18,2.233,5.1963541667,0
1999-04-19,1.524,6.065625,0
1999-04-20,1.19,7.9916666667,0
1999-04-21,0.98,9.5395833333,0
1999-04-22,0.922,11.403125,0
1999-04-23,0.794,12.1260416667,0
1999-04-24,0.694,11.9921875,0
1999-04-25,0.629,12.8666666667,0
1999-04-26,0.602,12.9088541667,0
1999-04-27,0.571,13.6260416667,0
1999-04-28,0.528,13.6130208333,0
1999-04-29,0.527,13.0661458333,0
1999-04-30,0.5,13.2286458333,0
1999-05-01,0.5,12.9859375,0
1999-05-02,0.472,13.4286458333,0
1999-05-03,0.472,13.5541666667,0
1999-05-04,0.446,13.4875,0
1999-05-05,0.446,12.8302083333,0
1999-05-06,0.446,13.2359375,0
1999-05-07,0.472,13.5963541667,0
1999-05-08,0.446,14.3958333333,0
1999-05-09,0.423,15.3994791667,0
1999-05-10,0.423,15.2364583333,0
1999-05-11,0.555,15.0588541667,0
1999-05-12,0.472,14.3416666667,0
1999-05-13,0.472,13.9958333333,0
1999-05-14,0.462,12.9515625,0
1999-05-15,0.446,11.5921875,0
1999-05-16,0.446,11.8192708333,0
1999-05-17,0.446,12.771875,0
1999-05-18,0.446,13.8979166667,0
1999-05-19,0.446,15.2755208333,0
1999-05-20,0.472,15.44375,0
1999-05-21,0.446,14.5776041667,0
1999-05-22,0.446,14.3708333333,0
1999-05-23,0.446,14.334375,0
1999-05-24,0.446,14.2458333333,0
1999-05-25,0.446,14.6588541667,0
1999-05-26,0.446,16.10625,0
1999-05-27,0.423,17.5098958333,0
1999-05-28,0.423,19.4140625,0
1999-05-29,0.41,20.659375,0
1999-05-30,0.407,19.3453125,0
1999-05-31,0.423,18.6442708333,0
1999-06-01,0.378,18.2286458333,0
1999-06-02,0.378,17.6385416667,0
1999-06-03,0.378,17.675,0
1999-06-04,0.373,16.5848958333,0
1999-06-05,0.379,14.8505208333,0
1999-06-06,0.407,13.8953125,0
1999-06-07,0.396,13.525,0
1999-06-08,0.388,13.6390625,0
1999-06-09,0.378,13.9010416667,0
1999-06-10,0.378,13.5333333333,0
1999-06-11,0.378,13.9869791667,0
1999-06-12,0.378,14.3557291667,0
1999-06-13,0.367,15.35625,0
1999-06-14,0.366,16.728125,0
1999-06-15,0.366,17.7697916667,0
1999-06-16,0.358,18.9453125,0
1999-06-17,0.353,17.7854166667,0
1999-06-18,0.366,16.971875,0
1999-06-19,0.353,15.821875,0
1999-06-20,0.353,13.8645833333,0
1999-06-21,0.437,13.4838541667,0
1999-06-22,0.379,13.0619791667,0
1999-06-23,0.367,12.9140625,0
1999-06-24,0.367,13.8447916667,0
1999-06-25,0.354,15.3760416667,0
1999-06-26,0.354,16.8213541667,0
1999-06-27,0.353,16.9369791667,0
1999-06-28,0.366,17.2786458333,0
1999-06-29,0.366,17.184375,0
1999-06-30,0.388,16.6583333333,0
1999-07-01,0.381,17.8114583333,0
1999-07-02,0.367,19.3901041667,0
1999-07-03,0.367,20.5208333333,0
1999-07-04,0.354,21.403125,0
1999-07-05,0.354,20.9130208333,0
1999-07-06,0.354,19.7192708333,0
1999-07-07,0.354,18.6479166667,0
1999-07-08,0.354,18.346875,0
1999-07-09,0.354,19.3828125,0
1999-07-10,0.342,20.6703125,0
1999-07-11,0.342,21.0770833333,0
1999-07-12,0.334,21.6755208333,0
1999-07-13,0.367,20.6140625,0
1999-07-14,0.354,18.7463541667,0
1999-07-15,0.367,18.0213541667,0
1999-07-16,0.354,17.6505208333,0
1999-07-17,0.354,19.0458333333,0
1999-07-18,0.342,20.5348958333,0
1999-07-19,0.356,21.8515625,0
1999-07-20,0.354,21.3828125,0
1999-07-21,0.354,19.4911458333,0
1999-07-22,0.354,17.4744791667,0
1999-07-23,0.365,16.184375,0
1999-07-24,0.367,16.9307291667,0
1999-07-25,0.354,18.1854166667,0
1999-07-26,0.354,19.4927083333,0
1999-07-27,0.342,20.359375,0
1999-07-28,0.342,20.4635416667,0
1999-07-29,0.33,20.9197916667,0
1999-07-30,0.328,21.8197916667,0
1999-07-31,0.322,22.2583333333,0
1999-08-01,0.322,22.6234375,0
1999-08-02,0.33,22.9583333333,0
1999-08-03,0.322,23.0473958333,0
1999-08-04,0.322,23.1208333333,0
1999-08-05,0.322,23.0213541667,0
1999-08-06,0.33,22.4536458333,0
1999-08-07,0.341,21.6114583333,0
1999-08-08,0.353,21.15625,0
1999-08-09,0.342,20.09375,0
1999-08-10,0.331,18.6395833333,0
1999-08-11,0.389,17.146875,0
1999-08-12,0.367,15.6645833333,0
1999-08-13,0.354,14.9348958333,0
1999-08-14,0.342,15.0979166667,0
1999-08-15,0.491,15.6338541667,0
1999-08-16,0.414,15.5880208333,0
1999-08-17,0.632,15.6255208333,0
1999-08-18,0.411,15.6614583333,0
1999-08-19,0.438,15.3442708333,0
1999-08-20,0.398,14.9682291667,0
1999-08-21,0.457,14.2057291667,0
1999-08-22,0.397,13.9708333333,0
1999-08-23,0.389,15.06875,0
1999-08-24,0.379,17.3510416667,0
1999-08-25,0.367,19.3651041667,0
1999-08-26,0.366,20.1895833333,0
1999-08-27,0.378,19.7354166667,0
1999-08-28,0.366,18.3286458333,0
1999-08-29,0.366,17.5927083333,0
1999-08-30,0.353,17.0458333333,0
1999-08-31,0.353,16.7640625,0
1999-09-01,0.353,17.0390625,0
1999-09-02,0.353,17.0161458333,0
1999-09-03,0.35,17.6854166667,0
1999-09-04,0.341,18.5114583333,0
1999-09-05,0.341,18.465625,0
1999-09-06,0.341,19.0567708333,0
1999-09-07,0.349,19.3401041667,0
1999-09-08,0.341,19.6052083333,0
1999-09-09,0.341,20.4869791667,0
1999-09-10,0.33,21.1166666667,0
1999-09-11,0.33,21.875,0
1999-09-12,0.33,22.2567708333,0
1999-09-13,0.327,22.3411458333,0
1999-09-14,0.322,21.4614583333,0
1999-09-15,0.33,19.509375,0
1999-09-16,0.33,17.3333333333,0
1999-09-17,0.33,15.7354166667,0
1999-09-18,0.353,15.5109375,0
1999-09-19,0.341,16.0911458333,0
1999-09-20,0.33,16.8635416667,0
1999-09-21,0.341,17.3229166667,0
1999-09-22,0.342,17.60625,0
1999-09-23,0.346,17.9333333333,0
1999-09-24,0.37,18.1765625,0
1999-09-25,0.347,17.690625,0
1999-09-26,0.347,16.8609375,0
1999-09-27,0.359,15.9067708333,0
1999-09-28,0.348,15.3229166667,0
1999-09-29,0.361,15.1973958333,0
1999-09-30,0.554,14.775,0
1999-10-01,1.116,14.4901041667,0
1999-10-02,0.558,13.29375,0
1999-10-03,1.477,12.121875,0
1999-10-04,0.828,10.8364583333,0
1999-10-05,0.648,9.4515625,0
1999-10-06,0.586,9.4317708333,0
1999-10-07,0.534,9.8109375,0
1999-10-08,0.48,11.0270833333,0
1999-10-09,1.033,12.4921875,0
1999-10-10,1.022,13.253125,0
1999-10-11,1.039,12.5625,0
1999-10-12,0.925,10.9135416667,0
1999-10-13,0.785,8.946875,0
1999-10-14,0.668,8.1619791667,0
1999-10-15,0.586,7.7776041667,0
1999-10-16,0.534,7.5635416667,0
1999-10-17,0.507,7.4322916667,0
1999-10-18,0.479,6.2557291667,0
1999-10-19,0.453,6.1229166667,0
1999-10-20,0.452,6.3395833333,0
1999-10-21,0.428,7.4921875,0
1999-10-22,0.41,9.55,0
1999-10-23,0.409,10.5364583333,0
1999-10-24,0.408,11.6265625,0
1999-10-25,0.408,12.0375,0
1999-10-26,0.408,11.5484375,0
1999-10-27,0.446,11.2989583333,0
1999-10-28,0.407,11.34375,0
1999-10-29,0.396,11.9723958333,0
1999-10-30,0.396,12.0536458333,0
1999-10-31,0.396,12.7734375,0
1999-11-01,0.396,12.7921875,0
1999-11-02,0.396,10.6005208333,0
1999-11-03,0.446,8.6802083333,0
1999-11-04,0.423,7.5635416667,0
1999-11-05,0.423,6.8661458333,0
1999-11-06,0.446,7.3880208333,0
1999-11-07,0.446,8.2098958333,0
1999-11-08,0.627,8.2390625,0
1999-11-09,0.687,7.8338541667,0
1999-11-10,0.738,7.3526041667,0
1999-11-11,0.632,6.4135416667,0
1999-11-12,0.584,5.1192708333,0
1999-11-13,0.557,4.5328125,0
1999-11-14,0.53,2.9708333333,0
1999-11-15,0.503,1.7588541667,0
1999-11-16,0.474,1.7005208333,0
1999-11-17,0.447,0.96875,0
1999-11-18,0.501,1.4078125,0
1999-11-19,0.501,1.7010416667,0
1999-11-20,0.487,0.1796875,0
1999-11-21,0.473,0.1,0
1999-11-22,0.473,0.6526041667,0
1999-11-23,0.554,1.88125,0
1999-11-24,1.046,4.3067708333,0
1999-11-25,1.914,6.0177083333,0
1999-11-26,2.236,6.2375,0
1999-11-27,1.628,7.0135416667,0
1999-11-28,1.193,7.2598958333,0
1999-11-29,0.949,7.178125,0
1999-11-30,0.752,7.8567708333,0
1999-12-01,0.648,7.303125,0
1999-12-02,0.976,7.4067708333,0
1999-12-03,0.976,6.5270833333,0
1999-12-04,1.123,4.9635416667,0
1999-12-05,0.95,4.6494791667,0
1999-12-06,0.802,4.6359375,0
1999-12-07,1.327,5.6697916667,0
1999-12-08,7.144,7.1052083333,0
1999-12-09,4.326,7.4765625,0
1999-12-10,3.139,7.3197916667,0
1999-12-11,2.411,7.475,0
1999-12-12,5.697,6.8119791667,0
1999-12-13,11.371,6.0578125,0
1999-12-14,7.903,4.2963541667,0
1999-12-15,4.513,2.1947916667,0
1999-12-16,2.734,1.7552083333,0
1999-12-17,1.827,1.7208333333,0
1999-12-18,6.37,1.8854166667,0
1999-12-19,5.482,2.1859375,0
1999-12-20,3.171,1.4833333333,0
1999-12-21,1.99,0.428125,0
1999-12-22,1.401,0.4177083333,0
1999-12-23,1.089,1.5614583333,0
1999-12-24,1.066,3.1307291667,0
1999-12-25,1.138,4.6401041667,0
1999-12-26,2.955,5.3229166667,0
1999-12-27,5.02,4.3171875,0
1999-12-28,5.208,3.2151041667,0
1999-12-29,3.52,2.75625,0
1999-12-30,3.089,2.7838541667,0
1999-12-31,3.441,3.5588541667,0
2000-01-01,1.787,4.2536458333,0
2000-01-02,1.653,5.2067708333,0
2000-01-03,1.908,6.084375,0
2000-01-04,1.517,6.2078125,0
2000-01-05,3.276,6.43125,0
2000-01-06,3.495,6.2479166667,0
2000-01-07,2.736,5.878125,0
2000-01-08,1.89,5.496875,0
2000-01-09,1.528,4.153125,0
2000-01-10,1.207,2.521875,0
2000-01-11,1.019,1.6229166667,0
2000-01-12,0.911,1.0119791667,0
2000-01-13,0.835,1.3822916667,0
2000-01-14,0.781,1.809375,0
2000-01-15,0.692,1.8171875,0
2000-01-16,0.61,2.8640625,0
2000-01-17,0.606,3.6463541667,0
2000-01-18,0.567,4.2614583333,0
2000-01-19,0.567,4.5479166667,0
2000-01-20,0.516,4.303125,0
2000-01-21,0.499,3.7447916667,0
2000-01-22,0.558,3.0729166667,0
2000-01-23,0.849,1.04375,0
2000-01-24,0.993,0.1,0
2000-01-25,0.982,0.1,0
2000-01-26,0.871,0.1,0
2000-01-27,0.76,0.1,0
2000-01-28,0.689,1.9057291667,0
2000-01-29,0.668,4.48125,0
2000-01-30,4.237,6.8067708333,0
2000-01-31,5.231,9.0020833333,0
2000-02-01,4.864,8.75,0
2000-02-02,3.536,7.8994791667,0
2000-02-03,2.447,6.9088541667,0
2000-02-04,1.706,6.8244791667,0
2000-02-05,1.846,7.428125,0
2000-02-06,1.42,8.2145833333,0
2000-02-07,1.343,9.071875,0
2000-02-08,1.626,8.1567708333,0
2000-02-09,3.238,7.4286458333,0
2000-02-10,3.27,6.021875,0
2000-02-11,3.855,4.3427083333,0
2000-02-12,3.397,4.4182291667,0
2000-02-13,2.836,4,0
2000-02-14,2.12,4.9817708333,0
2000-02-15,2.101,5.0041666667,0
2000-02-16,2.426,4.1088541667,0
2000-02-17,3.328,3.5458333333,0
2000-02-18,2.863,2.9510416667,0
2000-02-19,2.89,2.7151041667,0
2000-02-20,7.058,2.6651041667,0
2000-02-21,4.906,2.8869791667,0
2000-02-22,3.318,3.0239583333,0
2000-02-23,2.297,4.2921875,0
2000-02-24,1.739,5.4,0
2000-02-25,2.513,5.259375,0
2000-02-26,5.378,5.5739583333,0
2000-02-27,3.33,6.2140625,0
2000-02-28,2.353,6.3359375,0
2000-02-29,2.071,6.9109375,0
2000-03-01,1.863,6.484375,0
2000-03-02,2.856,5.4390625,0
2000-03-03,2.907,4.2229166667,0
2000-03-04,8.841,3.6286458333,0
2000-03-05,4.86,4.1296875,0
2000-03-06,3.261,4.9505208333,0
2000-03-07,2.331,7.1192708333,0
2000-03-08,2.206,9.29375,0
2000-03-09,11.532,9.45625,0
2000-03-10,7.39,9.4479166667,0
2000-03-11,4.455,8.4901041667,0
2000-03-12,3.215,7.7234375,0
2000-03-13,2.594,8.03125,0
2000-03-14,1.995,7.08125,0
2000-03-15,2.046,7.3083333333,0
2000-03-16,1.932,7.2515625,0
2000-03-17,2.091,6.6223958333,0
2000-03-18,2.168,6.134375,0
2000-03-19,1.915,5.3354166667,0
2000-03-20,1.605,4.8322916667,0
2000-03-21,1.358,5.6380208333,0
2000-03-22,1.153,7.3307291667,0
2000-03-23,0.988,8.8604166667,0
2000-03-24,0.868,9.8927083333,0
2000-03-25,0.991,9.4578125,0
2000-03-26,0.947,8.6442708333,0
2000-03-27,1.537,6.9984375,0
2000-03-28,1.981,6.0989583333,0
2000-03-29,1.834,5.9432291667,0
2000-03-30,1.458,5.8255208333,0
2000-03-31,1.222,6.2317708333,0
2000-04-01,1.04,7.04375,0
2000-04-02,0.99,8.1140625,0
2000-04-03,0.853,9.5713541667,0
2000-04-04,0.802,9.7119791667,0
2000-04-05,0.881,8.5265625,0
2000-04-06,0.705,7.1447916667,0
2000-04-07,0.612,6.0354166667,0
2000-04-08,0.604,7.2791666667,0
2000-04-09,0.6,7.9661458333,0
2000-04-10,0.558,8.621875,0
2000-04-11,0.53,8.5875,0
2000-04-12,0.521,7.6864583333,0
2000-04-13,0.529,7.6197916667,0
2000-04-14,0.486,7.8427083333,0
2000-04-15,0.477,8.7848958333,0
2000-04-16,0.482,9.9270833333,0
2000-04-17,0.45,10.9348958333,0
2000-04-18,0.448,11.6911458333,0
2000-04-19,0.448,12.528125,0
2000-04-20,0.425,13.7041666667,0
2000-04-21,0.409,15.1171875,0
2000-04-22,0.409,15.690625,0
2000-04-23,0.409,14.9380208333,0
2000-04-24,0.425,14.3635416667,0
2000-04-25,0.425,14.5057291667,0
2000-04-26,0.41,15.6213541667,0
2000-04-27,0.425,17.1958333333,0
2000-04-28,0.409,17.0760416667,0
2000-04-29,0.409,16.1864583333,0
2000-04-30,0.409,14.9703125,0
2000-05-01,0.409,14.3307291667,0
2000-05-02,0.408,14.2729166667,0
2000-05-03,0.408,14.8416666667,0
2000-05-04,0.408,15.8322916667,0
2000-05-05,0.407,17.0755208333,0
2000-05-06,0.407,18.2890625,0
2000-05-07,0.407,18.7645833333,0
2000-05-08,0.407,18.9552083333,0
2000-05-09,0.396,19.03125,0
2000-05-10,0.396,19.6729166667,0
2000-05-11,0.473,19.959375,0
2000-05-12,0.408,19.8166666667,0
2000-05-13,0.408,19.6359375,0
2000-05-14,0.408,19.4973958333,0
2000-05-15,0.408,20.0338541667,0
2000-05-16,0.389,19.5255208333,0
2000-05-17,0.397,17.5864583333,0
2000-05-18,0.397,14.9682291667,0
2000-05-19,0.397,12.0875,0
2000-05-20,0.409,10.5140625,0
2000-05-21,0.398,10.3083333333,0
2000-05-22,0.398,11.3828125,0
2000-05-23,0.398,12.5010416667,0
2000-05-24,0.398,13.6630208333,0
2000-05-25,0.409,14.6020833333,0
2000-05-26,0.448,14.6536458333,0
2000-05-27,0.398,14.015625,0
2000-05-28,0.39,13.01875,0
2000-05-29,0.398,11.9739583333,0
2000-05-30,0.408,11.6786458333,0
2000-05-31,0.397,13.0057291667,0
2000-06-01,0.389,15.4635416667,0
2000-06-02,0.379,17.7776041667,0
2000-06-03,0.379,19.1072916667,0
2000-06-04,0.408,18.9125,0
2000-06-05,0.389,17.2109375,0
2000-06-06,0.548,15.6140625,0
2000-06-07,0.406,14.9588541667,0
2000-06-08,0.401,16.6630208333,0
2000-06-09,0.389,18.3375,0
2000-06-10,0.379,19.2276041667,0
2000-06-11,0.379,19.5703125,0
2000-06-12,0.379,18.934375,0
2000-06-13,0.367,18.7447916667,0
2000-06-14,0.367,18.4015625,0
2000-06-15,0.367,17.1682291667,0
2000-06-16,0.367,15.3802083333,0
2000-06-17,0.354,15.6661458333,0
2000-06-18,0.354,18.2463541667,0
2000-06-19,0.354,21.9026041667,0
2000-06-20,0.342,24.2776041667,0
2000-06-21,0.342,23.9,0
2000-06-22,0.457,21.5619791667,0
2000-06-23,0.366,18.19375,0
2000-06-24,0.366,15.659375,0
2000-06-25,0.379,14.096875,0
2000-06-26,0.378,12.865625,0
2000-06-27,0.366,12.4395833333,0
2000-06-28,0.36,12.6401041667,0
2000-06-29,0.355,13.3260416667,0
2000-06-30,0.356,14.8932291667,0
2000-07-01,0.355,17.1151041667,0
2000-07-02,0.368,18.2125,0
2000-07-03,0.355,18.3921875,0
2000-07-04,0.354,18.0588541667,0
2000-07-05,0.887,17.2557291667,0
2000-07-06,0.67,16.5791666667,0
2000-07-07,0.544,15.4958333333,0
2000-07-08,0.554,14.59375,0
2000-07-09,0.473,13.83125,0
2000-07-10,0.554,13.2828125,0
2000-07-11,0.509,13.3286458333,0
2000-07-12,0.717,13.3453125,0
2000-07-13,0.637,12.9854166667,0
2000-07-14,0.713,12.7520833333,0
2000-07-15,2.624,12.8953125,0
2000-07-16,2.397,13.2276041667,0
2000-07-17,2.302,13.803125,0
2000-07-18,1.924,14.2432291667,0
2000-07-19,1.227,15.1223958333,0
2000-07-20,0.934,15.5734375,0
2000-07-21,0.71,15.1489583333,0
2000-07-22,0.587,16.0223958333,0
2000-07-23,0.543,16.2125,0
2000-07-24,0.503,16.0770833333,0
2000-07-25,0.877,16.5536458333,0
2000-07-26,0.944,16.3020833333,0
2000-07-27,0.958,15.85,0
2000-07-28,1.016,15.7088541667,0
2000-07-29,1.4,16.1203125,0
2000-07-30,1.457,16.4380208333,0
2000-07-31,1.126,18.0020833333,0
2000-08-01,0.874,18.8729166667,0
2000-08-02,0.726,18.68125,0
2000-08-03,0.613,18.246875,0
2000-08-04,0.603,17.1239583333,0
2000-08-05,0.508,16.7807291667,0
2000-08-06,0.478,17.3354166667,0
2000-08-07,0.448,17.9802083333,0
2000-08-08,0.446,18.3380208333,0
2000-08-09,0.423,18.9505208333,0
2000-08-10,0.423,18.9958333333,0
2000-08-11,0.407,19.1875,0
2000-08-12,0.407,19.6958333333,0
2000-08-13,0.396,20.1119791667,0
2000-08-14,0.396,20.4578125,0
2000-08-15,0.393,20.3796875,0
2000-08-16,0.396,20.1416666667,0
2000-08-17,0.388,19.5432291667,0
2000-08-18,0.388,19.3234375,0
2000-08-19,1.793,19.3234375,0
2000-08-20,0.776,18.3979166667,0
2000-08-21,0.821,17.5317708333,0
2000-08-22,0.515,16.7645833333,0
2000-08-23,0.474,16.2140625,0
2000-08-24,0.446,16.4859375,0
2000-08-25,0.423,17.6151041667,0
2000-08-26,0.423,17.7833333333,0
2000-08-27,0.423,17.2963541667,0
2000-08-28,2.228,16.94375,0
2000-08-29,1.535,15.6364583333,0
2000-08-30,0.995,15.0901041667,0
2000-08-31,0.788,15.0760416667,0
2000-09-01,0.645,14.6619791667,0
2000-09-02,0.873,14.4807291667,0
2000-09-03,1.271,14.0604166667,0
2000-09-04,1.776,13.703125,0
2000-09-05,1.513,13.5661458333,0
2000-09-06,1.158,13.6473958333,0
2000-09-07,1.833,14.5885416667,0
2000-09-08,1.543,15.7609375,0
2000-09-09,1.309,16.7395833333,0
2000-09-10,1.005,17.8604166667,0
2000-09-11,0.844,18.8390625,0
2000-09-12,0.712,18.65,0
2000-09-13,0.639,18.4661458333,0
2000-09-14,0.569,18.2166666667,0
2000-09-15,0.532,16.5380208333,0
2000-09-16,0.5,15.6619791667,0
2000-09-17,0.683,15.3692708333,0
2000-09-18,0.533,14.8723958333,0
2000-09-19,0.501,14.846875,0
2000-09-20,0.501,14.4072916667,0
2000-09-21,0.554,14.0796875,0
2000-09-22,0.616,13.5125,0
2000-09-23,0.593,13.6088541667,0
2000-09-24,0.593,14.5130208333,0
2000-09-25,0.561,15.3302083333,0
2000-09-26,0.557,15.8432291667,0
2000-09-27,0.531,16.3645833333,0
2000-09-28,0.531,16.9078125,0
2000-09-29,0.527,16.2864583333,0
2000-09-30,0.504,15.6572916667,0
2000-10-01,0.504,14.81875,0
2000-10-02,3.227,13.5166666667,0
2000-10-03,2.178,12.9427083333,0
2000-10-04,1.407,12.7145833333,0
2000-10-05,1.015,11.6984375,0
2000-10-06,1.054,10.2072916667,0
2000-10-07,0.859,9.0177083333,0
2000-10-08,0.779,8.5479166667,0
2000-10-09,1.019,8.6291666667,0
2000-10-10,0.826,9.6223958333,0
2000-10-11,1.145,10.7,0
2000-10-12,1.326,11.0479166667,0
2000-10-13,1.122,11.2802083333,0
2000-10-14,0.966,11.4567708333,0
2000-10-15,0.853,12.05,0
2000-10-16,0.743,11.7359375,0
2000-10-17,0.659,11.3114583333,0
2000-10-18,0.597,11.1416666667,0
2000-10-19,0.554,10.4078125,0
2000-10-20,0.614,11.1989583333,0
2000-10-21,0.556,12.6614583333,0
2000-10-22,0.554,13.28125,0
2000-10-23,0.527,13.43125,0
2000-10-24,0.667,13.0526041667,0
2000-10-25,0.565,12.1385416667,0
2000-10-26,0.588,11.2130208333,0
2000-10-27,0.593,11.1026041667,0
2000-10-28,0.884,10.7708333333,0
2000-10-29,2.274,10.9755208333,0
2000-10-30,1.878,10.9385416667,0
2000-10-31,1.474,10.0296875,0
2000-11-01,1.069,9.5645833333,0
2000-11-02,1.338,8.8140625,0
2000-11-03,1.266,8.3432291667,0
2000-11-04,1.108,8.2223958333,0
2000-11-05,1.09,8.1270833333,0
2000-11-06,0.957,8.3651041667,0
2000-11-07,0.929,8.7572916667,0
2000-11-08,0.829,9.0416666667,0
2000-11-09,0.835,8.609375,0
2000-11-10,0.697,7.8203125,0
2000-11-11,0.66,7.8182291667,0
2000-11-12,0.648,7.959375,0
2000-11-13,0.786,8.1333333333,0
2000-11-14,0.766,8.28125,0
2000-11-15,0.751,7.7473958333,0
2000-11-16,0.79,6.8916666667,0
2000-11-17,0.724,6.6083333333,0
2000-11-18,0.695,6.6859375,0
2000-11-19,0.72,6.4598958333,0
2000-11-20,0.814,6.4473958333,0
2000-11-21,0.764,6.7244791667,0
2000-11-22,0.81,7.184375,0
2000-11-23,0.976,7.56875,0
2000-11-24,1.199,7.4848958333,0
2000-11-25,1.383,7.3104166667,0
2000-11-26,1.287,6.7515625,0
2000-11-27,1.088,7.4635416667,0
2000-11-28,0.903,9.0203125,0
2000-11-29,1.571,10.1822916667,0
2000-11-30,1.665,11.0901041667,0
2000-12-01,1.35,11.2505208333,0
2000-12-02,1.319,10.6453125,0
2000-12-03,1.015,9.5979166667,0
2000-12-04,0.914,9.328125,0
2000-12-05,0.902,8.8109375,0
2000-12-06,0.826,8.9177083333,0
2000-12-07,0.922,10.2015625,0
2000-12-08,0.998,10.2145833333,0
2000-12-09,0.979,10.3723958333,0
2000-12-10,1.021,10.8203125,0
2000-12-11,1.081,11.0447916667,0
2000-12-12,1.3,11.559375,0
2000-12-13,4.147,10.9916666667,0
2000-12-14,3.299,9.3927083333,0
2000-12-15,2.487,6.83125,0
2000-12-16,2.682,4.05625,0
2000-12-17,2.618,2.7010416667,0
2000-12-18,1.941,2.3401041667,0
2000-12-19,1.469,1.959375,0
2000-12-20,1.102,1.9078125,0
2000-12-21,0.928,0.8453125,0
2000-12-22,0.799,0.1,0
2000-12-23,0.72,0.1078125,0
2000-12-24,0.664,0.4796875,0
2000-12-25,0.65,1.1057291667,0
2000-12-26,0.592,1.9088541667,0
2000-12-27,0.581,1.5192708333,0
2000-12-28,0.605,1.3010416667,0
2000-12-29,0.543,1.4088541667,0
2000-12-30,0.503,0.9192708333,0
2000-12-31,0.5,1.2572916667,0
2001-01-01,0.472,3.1338541667,0
2001-01-02,0.966,4.7,0
2001-01-03,1.608,6.1916666667,0
2001-01-04,1.705,7.7848958333,0
2001-01-05,1.638,7.5708333333,0
2001-01-06,6.865,7.0484375,0
2001-01-07,6.41,6.2770833333,0
2001-01-08,3.632,5.2609375,0
2001-01-09,2.549,3.896875,0
2001-01-10,2.071,3.3520833333,0
2001-01-11,2.049,2.1854166667,0
2001-01-12,1.89,0.6739583333,0
2001-01-13,1.805,0.1,0
2001-01-14,1.387,0.1,0
2001-01-15,1.153,0.1,0
2001-01-16,0.962,0.1,0
2001-01-17,0.823,0.1,0
2001-01-18,0.739,0.1,0
2001-01-19,0.677,0.1,0
2001-01-20,0.619,0.7291666667,0
2001-01-21,0.597,1.3692708333,0
2001-01-22,0.556,2.8958333333,0
2001-01-23,1.441,5.0682291667,0
2001-01-24,3.175,6.6796875,0
2001-01-25,3.163,6.9041666667,0
2001-01-26,3.059,5.9916666667,0
2001-01-27,2.705,4.2932291667,0
2001-01-28,3.778,3.5526041667,0
2001-01-29,3.428,2.4364583333,0
2001-01-30,2.354,1.4859375,0
2001-01-31,1.683,0.6463541667,0
2001-02-01,1.292,0.1,0
2001-02-02,1.034,0.2859375,0
2001-02-03,0.968,1.8276041667,0
2001-02-04,1.41,4.4348958333,0
2001-02-05,5.617,7.4515625,0
2001-02-06,6.656,9.540625,0
2001-02-07,5.34,10.9630208333,0
2001-02-08,5.089,9.4916666667,0
2001-02-09,3.866,7.1677083333,0
2001-02-10,2.573,6.7145833333,0
2001-02-11,1.774,6.225,0
2001-02-12,1.41,6.7515625,0
2001-02-13,1.325,6.7135416667,0
2001-02-14,1.065,5.8755208333,0
2001-02-15,0.946,4.409375,0
2001-02-16,0.873,3.9052083333,0
2001-02-17,0.906,3.8260416667,0
2001-02-18,0.761,3.621875,0
2001-02-19,0.7,3.784375,0
2001-02-20,0.688,4.0807291667,0
2001-02-21,0.647,4.6348958333,0
2001-02-22,0.756,4.153125,0
2001-02-23,0.743,2.578125,0
2001-02-24,0.95,0.7151041667,0
2001-02-25,1.038,0.1,0
2001-02-26,1.012,0.1,0
2001-02-27,0.92,0.6895833333,0
2001-02-28,0.854,1.90625,0
2001-03-01,0.787,2.3026041667,0
2001-03-02,0.754,2.0317708333,0
2001-03-03,0.735,1.8182291667,0
2001-03-04,0.707,1.8651041667,0
2001-03-05,0.728,2.1234375,0
2001-03-06,0.65,3.3223958333,0
2001-03-07,0.667,4.9239583333,0
2001-03-08,0.768,6.8338541667,0
2001-03-09,0.858,8.6390625,0
2001-03-10,1.129,10.1848958333,0
2001-03-11,1.801,10.5333333333,0
2001-03-12,2.562,9.5927083333,0
2001-03-13,3.023,8.4119791667,0
2001-03-14,2.677,7.2270833333,0
2001-03-15,2.135,7.3734375,0
2001-03-16,1.827,8.046875,0
2001-03-17,1.404,8.8755208333,0
2001-03-18,1.201,7.8552083333,0
2001-03-19,1.646,5.6145833333,0
2001-03-20,2.068,4.2338541667,0
2001-03-21,2.168,3.8317708333,0
2001-03-22,2.184,5.4755208333,0
2001-03-23,1.93,7.8578125,0
2001-03-24,2.408,8.1932291667,0
2001-03-25,2.816,6.9442708333,0
2001-03-26,5.062,5.2942708333,0
2001-03-27,3.565,4.0395833333,0
2001-03-28,2.395,5.0109375,0
2001-03-29,1.813,5.9697916667,0
2001-03-30,1.424,7.6755208333,0
2001-03-31,1.103,9.4,0
2001-04-01,0.966,11.0677083333,0
2001-04-02,0.9,12.7583333333,0
2001-04-03,0.846,12.7296875,0
2001-04-04,0.741,11.5447916667,0
2001-04-05,0.82,10.428125,0
2001-04-06,0.781,9.6354166667,0
2001-04-07,0.835,9.0875,0
2001-04-08,0.935,8.8817708333,0
2001-04-09,1.008,8.3067708333,0
2001-04-10,0.982,8.0078125,0
2001-04-11,1.022,7.51875,0
2001-04-12,0.896,6.3385416667,0
2001-04-13,0.879,4.459375,0
2001-04-14,0.811,3.8197916667,0
2001-04-15,0.82,4.0484375,0
2001-04-16,3.802,4.875,0
2001-04-17,3.395,5.725,0
2001-04-18,2.689,5.0729166667,0
2001-04-19,2.508,4.2385416667,0
2001-04-20,2.56,3.6520833333,0
2001-04-21,2.37,4.0953125,0
2001-04-22,1.956,5.6552083333,0
2001-04-23,1.523,7.7973958333,0
2001-04-24,1.197,9.5192708333,0
2001-04-25,1.104,10.3458333333,0
2001-04-26,1.075,10.2729166667,0
2001-04-27,1.259,10.0776041667,0
2001-04-28,1.547,10.7682291667,0
2001-04-29,2.079,12.30625,0
2001-04-30,2.208,13.9026041667,0
2001-05-01,1.604,15.7927083333,0
2001-05-02,1.265,16.9802083333,0
2001-05-03,1.065,15.8848958333,0
2001-05-04,1.136,14.1567708333,0
2001-05-05,0.915,11.675,0
2001-05-06,0.795,10.2651041667,0
2001-05-07,0.745,10.8020833333,0
2001-05-08,0.654,12.7572916667,0
2001-05-09,0.608,15.5046875,0
2001-05-10,0.574,16.9588541667,0
2001-05-11,0.533,17.9859375,0
2001-05-12,0.501,18.3401041667,0
2001-05-13,0.473,17.5661458333,0
2001-05-14,0.473,16.8796875,0
2001-05-15,0.502,16.0598958333,0
2001-05-16,0.448,15.0817708333,0
2001-05-17,0.545,13.7458333333,0
2001-05-18,0.48,12.9333333333,0
2001-05-19,0.508,12.353125,0
2001-05-20,0.454,12.0401041667,0
2001-05-21,0.446,12.7052083333,0
2001-05-22,0.423,13.815625,0
2001-05-23,0.407,15.2765625,0
2001-05-24,0.407,16.3317708333,0
2001-05-25,0.396,17.5635416667,0
2001-05-26,0.396,17.9588541667,0
2001-05-27,0.388,18.6588541667,0
2001-05-28,0.388,19.2578125,0
2001-05-29,0.388,18.6770833333,0
2001-05-30,0.378,17.8462951031,0
2001-05-31,0.378,15.969523196,0
2001-06-01,0.378,13.9135416667,0
2001-06-02,0.378,12.2185996563,0
2001-06-03,0.538,11.390625,0
2001-06-04,0.508,12.1385416667,0
2001-06-05,0.449,13.44375,0
2001-06-06,0.407,14.6140625,0
2001-06-07,0.405,14.6765625,0
2001-06-08,0.429,13.7088541667,0
2001-06-09,0.407,12.90625,0
2001-06-10,0.397,12.4036458333,0
2001-06-11,0.394,12.8770833333,0
2001-06-12,0.427,13.4880208333,0
2001-06-13,0.407,14.2052083333,0
2001-06-14,0.396,15.7010416667,0
2001-06-15,0.388,16.4880208333,0
2001-06-16,0.388,16.4786458333,0
2001-06-17,0.421,15.7598958333,0
2001-06-18,0.622,14.5166666667,0
2001-06-19,0.558,14.2296875,0
2001-06-20,0.502,14.7333333333,0
2001-06-21,0.474,14.6583333333,0
2001-06-22,0.447,15.0552083333,0
2001-06-23,0.447,15.6567708333,0
2001-06-24,0.424,16.5192708333,0
2001-06-25,0.408,18.646875,0
2001-06-26,0.397,20.1364583333,0
2001-06-27,0.396,20.478125,0
2001-06-28,0.423,20.5177083333,0
2001-06-29,0.396,19.7140625,0
2001-06-30,0.388,18.9786458333,0
2001-07-01,0.504,18.3364583333,0
2001-07-02,0.409,18.1385416667,0
2001-07-03,0.396,18.8734375,0
2001-07-04,0.388,20.521875,0
2001-07-05,0.378,22.3828125,0
2001-07-06,0.378,22.6,0
2001-07-07,0.378,21.6104166667,0
2001-07-08,0.378,20.0796875,0
2001-07-09,0.396,19.0088541667,0
2001-07-10,0.378,17.9822916667,0
2001-07-11,0.391,17.4395833333,0
2001-07-12,0.38,16.8588541667,0
2001-07-13,0.38,15.81875,0
2001-07-14,0.368,15.559375,0
2001-07-15,0.453,15.396875,0
2001-07-16,0.392,15.746875,0
2001-07-17,0.38,16.0604166667,0
2001-07-18,0.38,16.3598958333,0
2001-07-19,0.38,16.396875,0
2001-07-20,1.243,16.3348958333,0
2001-07-21,0.787,17.3192708333,0
2001-07-22,0.542,18.3869791667,0
2001-07-23,0.445,19.9739583333,0
2001-07-24,0.421,21.1572916667,0
2001-07-25,0.401,21.3494791667,0
2001-07-26,0.392,22.1005208333,0
2001-07-27,0.392,22.5947916667,0
2001-07-28,0.382,22.4880208333,0
2001-07-29,0.382,22.6671875,0
2001-07-30,0.369,22.6036458333,0
2001-07-31,0.367,21.6192708333,0
2001-08-01,0.367,21.9541666667,0
2001-08-02,0.367,21.5744791667,0
2001-08-03,0.366,19.9197916667,0
2001-08-04,0.373,19.1604166667,0
2001-08-05,0.378,17.8833333333,0
2001-08-06,0.4,17.2510416667,0
2001-08-07,0.397,17.3151041667,0
2001-08-08,0.398,17.4052083333,0
2001-08-09,0.432,16.571875,0
2001-08-10,0.486,15.7963541667,0
2001-08-11,0.412,16.2723958333,0
2001-08-12,0.399,17.3796875,0
2001-08-13,0.392,19.8317708333,0
2001-08-14,0.39,22.5130208333,0
2001-08-15,0.38,23.0760416667,0
2001-08-16,0.379,22.4932291667,0
2001-08-17,0.379,22.1598958333,0
2001-08-18,0.367,20.8145833333,0
2001-08-19,0.361,20.2942708333,0
2001-08-20,0.353,20.8489583333,0
2001-08-21,0.353,20.9401041667,0
2001-08-22,0.353,21.55,0
2001-08-23,0.341,22.8057291667,0
2001-08-24,0.341,23.7140625,0
2001-08-25,0.341,24.4453125,0
2001-08-26,0.341,23.2119791667,0
2001-08-27,0.341,20.7666666667,0
2001-08-28,0.341,18.5848958333,0
2001-08-29,0.341,16.1177083333,0
2001-08-30,0.341,15.2640625,0
2001-08-31,0.341,15.3666666667,0
2001-09-01,0.353,15.040625,0
2001-09-02,0.353,14.9744791667,0
2001-09-03,0.353,14.7494791667,0
2001-09-04,0.803,14.290625,0
2001-09-05,0.553,13.6692708333,0
2001-09-06,0.688,13.1239583333,0
2001-09-07,0.595,12.9854166667,0
2001-09-08,0.978,12.4958333333,0
2001-09-09,1.553,12.5348958333,0
2001-09-10,1.196,12.2854166667,0
2001-09-11,1.013,12.284375,0
2001-09-12,1.096,12.8958333333,0
2001-09-13,1.77,12.88125,0
2001-09-14,3.878,12.8098958333,0
2001-09-15,2.742,11.9890625,0
2001-09-16,2.299,11.171875,0
2001-09-17,2.375,10.7255208333,0
2001-09-18,2.056,10.5979166667,0
2001-09-19,1.51,11.1869791667,0
2001-09-20,1.848,11.6223958333,0
2001-09-21,11.44,11.6994791667,0
2001-09-22,6.638,11.575,0
2001-09-23,4.115,10.7583333333,0
2001-09-24,2.626,10.4229166667,0
2001-09-25,1.715,10.7802083333,0
2001-09-26,1.228,11.734375,0
2001-09-27,0.962,13.1567708333,0
2001-09-28,0.987,14.2479166667,0
2001-09-29,0.925,15.2578125,0
2001-09-30,0.893,15.6489583333,0
2001-10-01,0.828,16.7645833333,0
2001-10-02,2.096,16.7838541667,0
2001-10-03,2.428,16.1984375,0
2001-10-04,2.066,15.3109375,0
2001-10-05,1.775,14.61875,0
2001-10-06,1.435,14.796875,0
2001-10-07,1.195,14.7984375,0
2001-10-08,0.989,14.946875,0
2001-10-09,0.836,14.1828125,0
2001-10-10,0.715,13.7223958333,0
2001-10-11,0.648,13.9755208333,0
2001-10-12,0.61,14.9875,0
2001-10-13,0.608,15.8760416667,0
2001-10-14,0.583,16.5630208333,0
2001-10-15,0.582,16.4817708333,0
2001-10-16,0.553,15.2348958333,0
2001-10-17,0.553,14.4848958333,0
2001-10-18,0.527,14.0427083333,0
2001-10-19,0.527,14.021875,0
2001-10-20,0.527,14.1661458333,0
2001-10-21,0.5,13.7614583333,0
2001-10-22,0.527,12.8526041667,0
2001-10-23,0.527,12.4260416667,0
2001-10-24,0.55,12.2427083333,0
2001-10-25,0.553,12.2338541667,0
2001-10-26,0.553,12.5875,0
2001-10-27,0.527,12.0515625,0
2001-10-28,0.588,11.4817708333,0
2001-10-29,0.709,12.065625,0
2001-10-30,0.705,12.0046875,0
2001-10-31,0.678,11.3760416667,0
2001-11-01,0.785,10.3,0
2001-11-02,0.653,7.8875,0
2001-11-03,0.643,6.0578125,0
2001-11-04,0.638,5.9411458333,0
2001-11-05,0.606,6.4005208333,0
2001-11-06,0.58,7.5375,0
2001-11-07,0.717,7.8609375,0
2001-11-08,0.985,6.4260416667,0
2001-11-09,5.195,4.23125,0
2001-11-10,3.295,2.1515625,0
2001-11-11,2.192,2.0947916667,0
2001-11-12,1.55,2.8567708333,0
2001-11-13,1.313,3.7114583333,0
2001-11-14,1.007,3.21875,0
2001-11-15,0.833,2.3265625,0
2001-11-16,0.74,2.0317708333,0
2001-11-17,0.71,2.39375,0
2001-11-18,0.689,3.8567708333,0
2001-11-19,0.647,4.9088541667,0
2001-11-20,0.599,5.871875,0
2001-11-21,0.579,6.409375,0
2001-11-22,0.557,5.9463541667,0
2001-11-23,3.681,5.2635416667,0
2001-11-24,3.151,5.278125,0
2001-11-25,2.435,5.6182291667,0
2001-11-26,2.137,6.0385416667,0
2001-11-27,3.043,6.5125,0
2001-11-28,2.997,6.196875,0
2001-11-29,3.403,6.8671875,0
2001-11-30,5.623,8.4307291667,0
2001-12-01,6.291,9.3171875,0
2001-12-02,6.476,9.9244791667,0
2001-12-03,4.58,9.4317708333,0
2001-12-04,3.064,8.5786458333,0
2001-12-05,2.4,7.9135416667,0
2001-12-06,2.108,6.0567708333,0
2001-12-07,2.01,4.4614583333,0
2001-12-08,1.93,2.465625,0
2001-12-09,1.517,0.5098958333,0
2001-12-10,1.204,0.2979166667,0
2001-12-11,1.013,0.5734375,0
2001-12-12,0.911,0.7421875,0
2001-12-13,0.793,0.1,0
2001-12-14,0.713,0.1,0
2001-12-15,0.642,0.1,0
2001-12-16,0.596,0.1,0
2001-12-17,0.55,0.1,0
2001-12-18,0.541,0.6348958333,0
2001-12-19,0.534,0.5098958333,0
2001-12-20,0.539,1.4005208333,0
2001-12-21,0.504,1.3833333333,0
2001-12-22,1.211,0.1,0
2001-12-23,0.843,0.1,0
2001-12-24,0.648,0.1,0
2001-12-25,1.105,0.1,0
2001-12-26,8.776,1.0947916667,0
2001-12-27,4.717,2.8619791667,0
2001-12-28,3.548,2.1947916667,0
2001-12-29,9.655,1.9947916667,0
2001-12-30,5.285,1.2755208333,0
2001-12-31,3.173,0.1,0
2002-01-01,2.15,0.1,0
2002-01-02,1.599,0.1,0
2002-01-03,1.324,0.1,0
2002-01-04,1.107,0.1,0
2002-01-05,0.947,0.1,0
2002-01-06,0.855,0.1,0
2002-01-07,0.797,0.1,0
2002-01-08,0.741,0.1,0
2002-01-09,0.698,0.1,0
2002-01-10,0.647,0.1,0
2002-01-11,0.596,0.1,0
2002-01-12,0.555,0.7953125,0
2002-01-13,0.547,1.5505208333,0
2002-01-14,0.544,1.4317708333,0
2002-01-15,0.506,0.7244791667,0
2002-01-16,0.502,0.1,0
2002-01-17,0.501,0.4479166667,0
2002-01-18,0.5,1.8588541667,0
2002-01-19,0.503,3.7234375,0
2002-01-20,0.901,5.9296875,0
2002-01-21,10.986,7.2364583333,0
2002-01-22,11.422,7.6765625,0
2002-01-23,5.225,8.3145833333,0
2002-01-24,4.066,7.1307291667,0
2002-01-25,3.406,8.0072916667,0
2002-01-26,2.74,9.01875,0
2002-01-27,2.698,9.7260416667,0
2002-01-28,11.269,10.8411458333,0
2002-01-29,6.319,10.8739583333,0
2002-01-30,3.824,10.4,0
2002-01-31,2.644,10.0182291667,0
2002-02-01,1.817,10.75625,0
2002-02-02,1.392,10.9796875,0
2002-02-03,1.136,11.3,0
2002-02-04,0.998,11.5614583333,0
2002-02-05,0.887,10.2989583333,0
2002-02-06,1.287,9.0432291667,0
2002-02-07,1.151,8.6494791667,0
2002-02-08,1.2,8.4380208333,0
2002-02-09,1.366,8.4239583333,0
2002-02-10,5.064,9.4515625,0
2002-02-11,4.625,10.2708333333,0
2002-02-12,4.993,9.2520833333,0
2002-02-13,5.461,8.275,0
2002-02-14,6.077,5.8322916667,0
2002-02-15,3.986,3.2807291667,0
2002-02-16,2.653,2.3635416667,0
2002-02-17,1.908,2.2609375,0
2002-02-18,1.415,3.1270833333,0
2002-02-19,1.18,4.2213541667,0
2002-02-20,1.549,4.0192708333,0
2002-02-21,10.791,4.4369791667,0
2002-02-22,5.22,4.1453125,0
2002-02-23,11.089,3.2953125,0
2002-02-24,6.805,4.6151041667,0
2002-02-25,4.454,6.2239583333,0
2002-02-26,10.288,7.2203125,0
2002-02-27,13.186,8.13125,0
2002-02-28,7.171,7.2375,0
2002-03-01,4.156,4.3760416667,0
2002-03-02,2.815,3.3760416667,0
2002-03-03,2.12,3.3203125,0
2002-03-04,1.686,3.6213541667,0
2002-03-05,1.408,5.44375,0
2002-03-06,1.193,7.0052083333,0
2002-03-07,1.315,7.3041666667,0
2002-03-08,1.048,8.1302083333,0
2002-03-09,1.007,8.2114583333,0
2002-03-10,1.003,8.2802083333,0
2002-03-11,0.911,9.3291666667,0
2002-03-12,0.84,9.1786458333,0
2002-03-13,0.781,8.0567708333,0
2002-03-14,0.767,7.2072916667,0
2002-03-15,0.878,6.9020833333,0
2002-03-16,0.716,8.05,0
2002-03-17,0.664,10.2864583333,0
2002-03-18,0.65,11.0015625,0
2002-03-19,1.328,11.1864583333,0
2002-03-20,0.836,11.0442708333,0
2002-03-21,2.634,10.0151041667,0
2002-03-22,6.144,8.9739583333,0
2002-03-23,4.141,7.065625,0
2002-03-24,3.07,4.6776041667,0
2002-03-25,2.188,3.6020833333,0
2002-03-26,1.61,3.4598958333,0
2002-03-27,1.206,4.3760416667,0
2002-03-28,1.015,6.0729166667,0
2002-03-29,0.885,7.2020833333,0
2002-03-30,0.791,8.6244791667,0
2002-03-31,0.724,10.1234375,0
2002-04-01,0.664,11.2984375,0
2002-04-02,0.614,13.01875,0
2002-04-03,0.561,13.721875,0
2002-04-04,0.54,12.7682291667,0
2002-04-05,0.498,10.7869791667,0
2002-04-06,0.455,8.7401041667,0
2002-04-07,0.45,7.2619791667,0
2002-04-08,0.426,6.6895833333,0
2002-04-09,0.425,7.1442708333,0
2002-04-10,0.425,7.2104166667,0
2002-04-11,0.425,7.3885416667,0
2002-04-12,0.424,7.7072916667,0
2002-04-13,0.408,7.5140625,0
2002-04-14,0.408,7.3125,0
2002-04-15,0.408,6.9635416667,0
2002-04-16,0.438,6.9338541667,0
2002-04-17,0.473,7.3989583333,0
2002-04-18,0.473,7.6625,0
2002-04-19,0.703,8.4453125,0
2002-04-20,0.503,9.1661458333,0
2002-04-21,0.473,10.1010416667,0
2002-04-22,0.473,11.7354166667,0
2002-04-23,0.473,12.8125,0
2002-04-24,0.473,13.6026041667,0
2002-04-25,0.473,13.0244791667,0
2002-04-26,0.447,11.6046875,0
2002-04-27,0.576,10.5296875,0
2002-04-28,0.558,9.4114583333,0
2002-04-29,0.773,10.0010416667,0
2002-04-30,2.509,11.2666666667,0
2002-05-01,2.344,11.5875,0
2002-05-02,1.533,11.4697916667,0
2002-05-03,1.085,10.3557291667,0
2002-05-04,0.854,8.8755208333,0
2002-05-05,2.227,8.4265625,0
2002-05-06,1.762,9.3911458333,0
2002-05-07,1.708,11.2651041667,0
2002-05-08,1.32,13.7760416667,0
2002-05-09,1.037,15.51875,0
2002-05-10,0.884,16.0796875,0
2002-05-11,0.759,15.3229166667,0
2002-05-12,0.676,14.8536458333,0
2002-05-13,0.615,14.3328125,0
2002-05-14,0.565,14.2401041667,0
2002-05-15,0.539,15.4765625,0
2002-05-16,0.504,16.4380208333,0
2002-05-17,0.475,16.8265625,0
2002-05-18,0.474,16.9859375,0
2002-05-19,0.474,17.03125,0
2002-05-20,0.473,17.0401041667,0
2002-05-21,0.446,17.7723958333,0
2002-05-22,0.446,17.3901041667,0
2002-05-23,0.446,16.5296875,0
2002-05-24,0.446,15.0208333333,0
2002-05-25,0.446,13.8119791667,0
2002-05-26,0.446,13.7572916667,0
2002-05-27,0.423,13.9598958333,0
2002-05-28,0.423,14.2739583333,0
2002-05-29,0.407,14.29375,0
2002-05-30,0.407,14.5119791667,0
2002-05-31,0.407,14.440625,0
2002-06-01,0.396,15.1520833333,0
2002-06-02,0.388,16.2979166667,0
2002-06-03,0.388,17.6984375,0
2002-06-04,0.4,18.7197916667,0
2002-06-05,0.388,18.8458333333,0
2002-06-06,0.396,18.3911458333,0
2002-06-07,0.388,17.5677083333,0
2002-06-08,0.378,17.028125,0
2002-06-09,0.378,16.0671875,0
2002-06-10,0.378,15.3708333333,0
2002-06-11,0.378,15.2072916667,0
2002-06-12,0.396,14.84375,0
2002-06-13,0.51,16.4078125,0
2002-06-14,0.446,17.7802083333,0
2002-06-15,0.4,18.6114583333,0
2002-06-16,0.48,21.0744791667,0
2002-06-17,0.426,22.8520833333,0
2002-06-18,0.407,23.1713541667,0
2002-06-19,0.396,23.2072916667,0
2002-06-20,0.388,21.5682291667,0
2002-06-21,0.596,20.0557291667,0
2002-06-22,0.43,19.46875,0
2002-06-23,0.411,18.6546875,0
2002-06-24,0.41,18.0484375,0
2002-06-25,0.397,17.4161458333,0
2002-06-26,0.389,16.9255208333,0
2002-06-27,0.388,16.1458333333,0
2002-06-28,0.388,15.6963541667,0
2002-06-29,0.388,15.1614583333,0
2002-06-30,0.388,14.7765625,0
2002-07-01,0.378,15.13125,0
2002-07-02,0.423,15.2572916667,0
2002-07-03,0.396,15.0682291667,0
2002-07-04,0.534,15.771875,0
2002-07-05,0.539,16.1427083333,0
2002-07-06,0.53,16.921875,0
2002-07-07,0.528,18.328125,0
2002-07-08,0.473,19.2,0
2002-07-09,0.446,18.6338541667,0
2002-07-10,0.517,17.9427083333,0
2002-07-11,2.6,16.8744791667,0
2002-07-12,1.673,15.93125,0
2002-07-13,1.045,16.8458333333,0
2002-07-14,0.976,18.1854166667,0
2002-07-15,0.819,18.6026041667,0
2002-07-16,0.7,18.5395833333,0
2002-07-17,0.63,18.1307291667,0
2002-07-18,0.605,16.7286458333,0
2002-07-19,0.51,16.3567708333,0
2002-07-20,0.48,16.1963541667,0
2002-07-21,0.473,16.1416666667,0
2002-07-22,0.473,16.8885416667,0
2002-07-23,0.424,16.7828125,0
2002-07-24,0.424,16.8973958333,0
2002-07-25,0.447,17.3645833333,0
2002-07-26,0.408,18.2,0
2002-07-27,0.424,19.7223958333,0
2002-07-28,0.407,21.4932291667,0
2002-07-29,0.396,22.9015625,0
2002-07-30,0.396,22.75625,0
2002-07-31,0.396,21.3692708333,0
2002-08-01,0.396,20.1677083333,0
2002-08-02,0.407,18.5067708333,0
2002-08-03,0.396,17.96875,0
2002-08-04,0.396,17.6645833333,0
2002-08-05,0.388,16.6515625,0
2002-08-06,0.388,16.5901041667,0
2002-08-07,0.388,16.5140625,0
2002-08-08,0.388,16.9520833333,0
2002-08-09,0.388,17.6744791667,0
2002-08-10,0.417,17.9614583333,0
2002-08-11,0.396,17.8619791667,0
2002-08-12,0.388,17.8234375,0
2002-08-13,0.388,18.1536458333,0
2002-08-14,0.385,18.9255208333,0
2002-08-15,0.378,19.975,0
2002-08-16,0.378,21.1234375,0
2002-08-17,0.366,22.2135416667,0
2002-08-18,0.366,22.7177083333,0
2002-08-19,0.366,22.6088541667,0
2002-08-20,0.378,21.065625,0
2002-08-21,0.571,19.3885416667,0
2002-08-22,0.528,18.3432291667,0
2002-08-23,0.456,17.0796875,0
2002-08-24,0.411,17.2510416667,0
2002-08-25,0.428,18.0390625,0
2002-08-26,0.409,18.0947916667,0
2002-08-27,0.396,19.1505208333,0
2002-08-28,0.398,19.7213541667,0
2002-08-29,0.396,19.534375,0
2002-08-30,0.388,19.440625,0
2002-08-31,0.388,17.9322916667,0
2002-09-01,0.388,17.1026041667,0
2002-09-02,0.388,16.36875,0
2002-09-03,0.388,15.978125,0
2002-09-04,0.378,16.4223958333,0
2002-09-05,0.446,16.5979166667,0
2002-09-06,0.396,16.9880208333,0
2002-09-07,0.388,17.4140625,0
2002-09-08,0.388,18.165625,0
2002-09-09,0.388,17.53125,0
2002-09-10,0.378,16.6401041667,0
2002-09-11,0.396,16.0203125,0
2002-09-12,0.407,14.7807291667,0
2002-09-13,0.388,14.6505208333,0
2002-09-14,0.388,14.73125,0
2002-09-15,0.388,13.7447916667,0
2002-09-16,0.388,13.2515625,0
2002-09-17,0.388,13.1114583333,0
2002-09-18,0.378,12.9015625,0
2002-09-19,0.378,13.3557291667,0
2002-09-20,0.378,13.3791666667,0
2002-09-21,0.378,12.8666666667,0
2002-09-22,0.378,11.9036458333,0
2002-09-23,0.388,10.7979166667,0
2002-09-24,0.378,9.61875,0
2002-09-25,0.378,9.6359375,0
2002-09-26,0.388,10.0348958333,0
2002-09-27,0.388,10.6380208333,0
2002-09-28,0.388,11.6942708333,0
2002-09-29,0.378,12.0302083333,0
2002-09-30,0.378,12.3265625,0
2002-10-01,0.378,12.8869791667,0
2002-10-02,0.378,13.615625,0
2002-10-03,0.378,13.821875,0
2002-10-04,0.396,13.4098958333,0
2002-10-05,0.378,12.4364583333,0
2002-10-06,3.568,10.4963541667,0
2002-10-07,1.22,9.0182291667,0
2002-10-08,0.865,8.4161458333,0
2002-10-09,0.637,7.9916666667,0
2002-10-10,0.541,8.2645833333,0
2002-10-11,0.492,8.290625,0
2002-10-12,0.467,7.9697916667,0
2002-10-13,0.447,8.5770833333,0
2002-10-14,0.424,9.2973958333,0
2002-10-15,0.483,10.5401041667,0
2002-10-16,0.446,11.1083333333,0
2002-10-17,0.594,10.0807291667,0
2002-10-18,0.501,8.8145833333,0
2002-10-19,2.002,7.1578125,0
2002-10-20,1.434,7.5697916667,0
2002-10-21,1.158,9.4114583333,0
2002-10-22,0.951,10.44375,0
2002-10-23,0.821,11.190625,0
2002-10-24,1.36,11.1239583333,0
2002-10-25,1.375,10.5276041667,0
2002-10-26,1.415,10.8947916667,0
2002-10-27,1.073,10.8317708333,0
2002-10-28,3.467,10.0557291667,0
2002-10-29,2.606,9.7104166667,0
2002-10-30,1.676,8.8708333333,0
2002-10-31,1.145,9.2333333333,0
2002-11-01,0.877,10.3880208333,0
2002-11-02,0.839,10.6380208333,0
2002-11-03,2.32,10.7098958333,0
2002-11-04,4.308,10.1911458333,0
2002-11-05,2.82,8.7677083333,0
2002-11-06,1.842,7.446875,0
2002-11-07,1.335,6.8286458333,0
2002-11-08,1.905,6.7848958333,0
2002-11-09,6.281,6.2260416667,0
2002-11-10,7.63,7.0796875,0
2002-11-11,5.466,7.971875,0
2002-11-12,6.157,8.6317708333,0
2002-11-13,3.641,9.9609375,0
2002-11-14,2.702,9.5385416667,0
2002-11-15,2.122,9.1614583333,0
2002-11-16,1.748,8.8807291667,0
2002-11-17,3.022,8.2932291667,0
2002-11-18,4.141,7.8973958333,0
2002-11-19,3.057,7.571875,0
2002-11-20,2.152,7.478125,0
2002-11-21,1.552,7.7125,0
2002-11-22,1.279,8.1651041667,0
2002-11-23,1.013,8.3651041667,0
2002-11-24,0.851,7.9807291667,0
2002-11-25,0.771,7.8390625,0
2002-11-26,0.732,7.5125,0
2002-11-27,0.657,7.8385416667,0
2002-11-28,0.603,8.0932291667,0
2002-11-29,0.574,7.9526041667,0
2002-11-30,0.553,7.9770833333,0
2002-12-01,0.54,7.225,0
2002-12-02,0.6,6.8411458333,0
2002-12-03,0.66,6.4677083333,0
2002-12-04,0.628,6.1,0
2002-12-05,0.627,5.1520833333,0
2002-12-06,0.608,3.8098958333,0
2002-12-07,0.591,2.2765625,0
2002-12-08,0.55,0.1,0
2002-12-09,0.538,0.1,0
2002-12-10,0.503,0.1,0
2002-12-11,0.491,0.1,0
2002-12-12,0.472,0.1,0
2002-12-13,0.472,0.1,0
2002-12-14,0.472,0.4875,0
2002-12-15,0.472,2.8354166667,0
2002-12-16,0.472,3.1197916667,0
2002-12-17,1.407,2.60625,0
2002-12-18,1.064,1.9625,0
2002-12-19,0.948,0.7421875,0
2002-12-20,0.896,1.353125,0
2002-12-21,0.826,3.1760416667,0
2002-12-22,0.751,4.9145833333,0
2002-12-23,6.133,7.0713541667,0
2002-12-24,4.623,8.5817708333,0
2002-12-25,2.896,8.8395833333,0
2002-12-26,2.06,9.6729166667,0
2002-12-27,1.989,9.5276041667,0
2002-12-28,3.301,8.9734375,0
2002-12-29,3.984,9.7223958333,0
2002-12-30,8.918,7.5989583333,0
2002-12-31,22.989,6.3145833333,0
2003-01-01,7.667,6.9697916667,0
2003-01-02,7.371,5.9421875,0
2003-01-03,9.169,5.5395833333,0
2003-01-04,9.197,3.9463541667,0
2003-01-05,5.189,0.859375,0
2003-01-06,3.294,0.1,0
2003-01-07,2.229,0.1,0
2003-01-08,1.621,0.1,0
2003-01-09,1.256,0.1,0
2003-01-10,1.051,0.1,0
2003-01-11,0.898,0.1,0
2003-01-12,0.804,0.1,0
2003-01-13,0.739,0.115625,0
2003-01-14,2.275,2.3223958333,0
2003-01-15,2.526,4.59375,0
2003-01-16,2.382,4.3682291667,0
2003-01-17,2.167,3.4,0
2003-01-18,1.992,3.3682291667,0
2003-01-19,1.592,4.1338541667,0
2003-01-20,1.385,5.4541666667,0
2003-01-21,1.477,6.5588541667,0
2003-01-22,1.528,6.8807291667,0
2003-01-23,1.831,5.4489583333,0
2003-01-24,1.903,4.0302083333,0
2003-01-25,1.983,3.321875,0
2003-01-26,1.808,3.921875,0
2003-01-27,2.004,4.8635416667,0
2003-01-28,2.273,5.3427083333,0
2003-01-29,4.381,4.2901041667,0
2003-01-30,5.217,1.15,0
2003-01-31,3.995,0.1,0
2003-02-01,2.633,0.1,0
2003-02-02,1.977,0.1,0
2003-02-03,2.054,0.5994791667,0
2003-02-04,2.461,1.8109375,0
2003-02-05,2.53,1.5395833333,0
2003-02-06,2.002,1.196875,0
2003-02-07,1.541,1.8348958333,0
2003-02-08,1.307,2.1473958333,0
2003-02-09,1.224,1.8067708333,0
2003-02-10,1.36,1.1729166667,0
2003-02-11,1.498,0.1,0
2003-02-12,1.395,0.1,0
2003-02-13,1.203,0.1,0
2003-02-14,1.072,0.1,0
2003-02-15,0.919,0.1,0
2003-02-16,0.823,0.1,0
2003-02-17,0.755,0.1,0
2003-02-18,0.685,0.1,0
2003-02-19,0.648,0.1,0
2003-02-20,0.633,0.6755208333,0
2003-02-21,0.588,1.8359375,0
2003-02-22,0.548,3.015625,0
2003-02-23,0.541,4.021875,0
2003-02-24,0.539,4.3713541667,0
2003-02-25,0.537,4.8239583333,0
2003-02-26,0.533,5.7651041667,0
2003-02-27,0.528,6.5255208333,0
2003-02-28,0.528,7.73125,0
2003-03-01,0.564,8.5666666667,0
2003-03-02,0.677,7.6859375,0
2003-03-03,1.231,6.9458333333,0
2003-03-04,1.69,7.31875,0
2003-03-05,1.454,7.1833333333,0
2003-03-06,1.232,7.3802083333,0
2003-03-07,1.394,8.0369791667,0
2003-03-08,1.259,8.0489583333,0
2003-03-09,1.158,8.7036458333,0
2003-03-10,1.072,10.05,0
2003-03-11,0.96,9.9890625,0
2003-03-12,3.49,8.7765625,0
2003-03-13,3.429,7.3385416667,0
2003-03-14,2.436,5.9520833333,0
2003-03-15,1.736,5.3697916667,0
2003-03-16,1.256,4.8765625,0
2003-03-17,1.051,4.9885416667,0
2003-03-18,0.896,4.9510416667,0
2003-03-19,0.809,4.4354166667,0
2003-03-20,0.728,4.6947916667,0
2003-03-21,0.654,4.9817708333,0
2003-03-22,0.621,5.9661458333,0
2003-03-23,0.578,8.0260416667,0
2003-03-24,0.539,9.6942708333,0
2003-03-25,0.503,10.8484375,0
2003-03-26,0.503,11.4802083333,0
2003-03-27,0.501,11.8265625,0
2003-03-28,0.473,12.4203125,0
2003-03-29,0.447,12.7744791667,0
2003-03-30,0.446,11.7416666667,0
2003-03-31,0.446,10.8703125,0
2003-04-01,0.423,8.7895833333,0
2003-04-02,0.551,6.9104166667,0
2003-04-03,0.643,6.4380208333,0
2003-04-04,0.507,5.9015625,0
2003-04-05,0.473,5.7072916667,0
2003-04-06,0.473,4.9296875,0
2003-04-07,0.473,3.7723958333,0
2003-04-08,0.446,2.3651041667,0
2003-04-09,0.446,1.6567708333,0
2003-04-10,0.446,2.3807291667,0
2003-04-11,0.446,4.2010416667,0
2003-04-12,0.446,6.6088541667,0
2003-04-13,0.423,9.925,0
2003-04-14,0.423,13.2145833333,0
2003-04-15,0.423,15.6083333333,0
2003-04-16,0.407,16.7161458333,0
2003-04-17,0.407,15.790625,0
2003-04-18,0.407,12.8125,0
2003-04-19,0.407,10.6838541667,0
2003-04-20,0.407,10.4088541667,0
2003-04-21,0.407,10.7447916667,0
2003-04-22,0.407,12.53125,0
2003-04-23,0.397,13.8911458333,0
2003-04-24,0.396,14.8520833333,0
2003-04-25,0.396,15.1182291667,0
2003-04-26,0.396,14.9625,0
2003-04-27,0.472,15.2421875,0
2003-04-28,0.423,14.4583333333,0
2003-04-29,0.407,14.2609375,0
2003-04-30,0.407,14.33125,0
2003-05-01,0.584,13.8927083333,0
2003-05-02,0.558,13.2005208333,0
2003-05-03,0.53,14.1166666667,0
2003-05-04,0.502,15.878125,0
2003-05-05,0.501,15.6385416667,0
2003-05-06,0.473,16.1088541667,0
2003-05-07,0.473,16.0067708333,0
2003-05-08,0.447,14.4104166667,0
2003-05-09,0.438,14.4354166667,0
2003-05-10,0.447,14.221875,0
2003-05-11,0.424,13.6458333333,0
2003-05-12,0.424,12.6890625,0
2003-05-13,0.423,11.4598958333,0
2003-05-14,0.423,10.3489583333,0
2003-05-15,0.446,9.8020833333,0
2003-05-16,0.446,10.8322916667,0
2003-05-17,0.424,12.384375,0
2003-05-18,0.424,13.1427083333,0
2003-05-19,0.532,13.1869791667,0
2003-05-20,0.581,12.6432291667,0
2003-05-21,0.504,12.334375,0
2003-05-22,0.596,13.425,0
2003-05-23,0.635,14.5395833333,0
2003-05-24,0.608,15.3255208333,0
2003-05-25,0.618,15.7677083333,0
2003-05-26,0.583,15.946875,0
2003-05-27,0.529,16.6,0
2003-05-28,0.502,17.88125,0
2003-05-29,0.501,19.3213541667,0
2003-05-30,0.473,20.0734375,0
2003-05-31,0.447,20.66875,0
2003-06-01,0.447,21.3239583333,0
2003-06-02,0.423,21.4140625,0
2003-06-03,0.462,22.2416666667,0
2003-06-04,0.446,21.6302083333,0
2003-06-05,0.407,20.8921875,0
2003-06-06,0.407,21.1239583333,0
2003-06-07,0.396,20.2572916667,0
2003-06-08,0.396,19.6135416667,0
2003-06-09,0.643,19.8432291667,0
2003-06-10,0.447,19.3473958333,0
2003-06-11,0.66,19.4390625,0
2003-06-12,0.537,20.2151041667,0
2003-06-13,0.501,19.5411458333,0
2003-06-14,0.446,19.0885416667,0
2003-06-15,0.446,18.5484375,0
2003-06-16,0.423,18.7083333333,0
2003-06-17,0.407,19.0833333333,0
2003-06-18,0.472,19.2536458333,0
2003-06-19,0.472,18.8322916667,0
2003-06-20,0.423,17.4697916667,0
2003-06-21,0.407,17.7010416667,0
2003-06-22,0.396,18.5151041667,0
2003-06-23,0.396,18.95,0
2003-06-24,0.388,19.7458333333,0
2003-06-25,0.388,19.6484375,0
2003-06-26,0.388,19.2953125,0
2003-06-27,0.378,19.6276041667,0
2003-06-28,0.378,20.3677083333,0
2003-06-29,0.378,20.1609375,0
2003-06-30,0.378,19.2473958333,0
2003-07-01,0.537,18.3734375,0
2003-07-02,0.407,17.1203125,0
2003-07-03,0.41,16.4166666667,0
2003-07-04,0.51,16.0322916667,0
2003-07-05,0.423,16.0854166667,0
2003-07-06,0.423,16.4130208333,0
2003-07-07,0.407,17.1291666667,0
2003-07-08,0.396,17.6682291667,0
2003-07-09,0.388,18.1739583333,0
2003-07-10,0.388,19.203125,0
2003-07-11,0.378,18.8208333333,0
2003-07-12,0.378,19.2125,0
2003-07-13,0.378,20.0125,0
2003-07-14,0.366,21,0
2003-07-15,0.366,23.528125,0
2003-07-16,0.366,23.5348958333,0
2003-07-17,1.652,23.4,0
2003-07-18,0.441,23.221875,0
2003-07-19,0.408,22.6,0
2003-07-20,0.388,22.9604166667,0
2003-07-21,0.449,22.9984375,0
2003-07-22,0.657,22.1307291667,0
2003-07-23,0.448,20.5854166667,0
2003-07-24,0.407,20.3807291667,0
2003-07-25,0.447,19.9515625,0
2003-07-26,0.408,19.9598958333,0
2003-07-27,0.504,19.9494791667,0
2003-07-28,0.474,19.7776041667,0
2003-07-29,0.447,19.4140625,0
2003-07-30,0.423,19.1494791667,0
2003-07-31,0.49,20.0208333333,0
2003-08-01,0.423,20.9385416667,0
2003-08-02,0.407,22.3166666667,0
2003-08-03,0.396,23.5109375,0
2003-08-04,0.396,24.034375,0
2003-08-05,0.388,24.7458333333,0
2003-08-06,0.388,25.8677083333,0
2003-08-07,0.378,26.7875,0
2003-08-08,0.378,27.1859375,0
2003-08-09,0.376,26.5776041667,0
2003-08-10,0.366,25.8473958333,0
2003-08-11,0.366,25.8197916667,0
2003-08-12,0.366,25.515625,0
2003-08-13,0.366,24.5963541667,0
2003-08-14,0.366,22.4286458333,0
2003-08-15,0.366,19.8453125,0
2003-08-16,0.366,18.7895833333,0
2003-08-17,0.366,18.4520833333,0
2003-08-18,0.366,19.1130208333,0
2003-08-19,0.456,19.0177083333,0
2003-08-20,0.388,18.4458333333,0
2003-08-21,0.379,18.4828125,0
2003-08-22,0.367,18.6723958333,0
2003-08-23,0.367,18.2760416667,0
2003-08-24,0.367,17.9510416667,0
2003-08-25,0.367,17.6916666667,0
2003-08-26,0.366,16.5020833333,0
2003-08-27,0.367,16.5229166667,0
2003-08-28,0.367,16.1703125,0
2003-08-29,0.367,15.4125,0
2003-08-30,0.444,14.9875,0
2003-08-31,0.393,13.8229166667,0
2003-09-01,0.389,12.828125,0
2003-09-02,0.389,12.184375,0
2003-09-03,0.379,12.5072916667,0
2003-09-04,0.367,14.1020833333,0
2003-09-05,0.367,15.7234375,0
2003-09-06,0.367,16.8989583333,0
2003-09-07,0.367,16.6463541667,0
2003-09-08,0.367,15.53125,0
2003-09-09,0.389,14.4135416667,0
2003-09-10,0.379,13.8255208333,0
2003-09-11,1.349,14.153125,0
2003-09-12,0.481,14.384375,0
2003-09-13,0.426,14.6416666667,0
2003-09-14,0.41,14.8479166667,0
2003-09-15,0.397,14.8192708333,0
2003-09-16,0.389,15.4369791667,0
2003-09-17,0.389,16.5161458333,0
2003-09-18,0.379,17.7770833333,0
2003-09-19,0.379,19.1223958333,0
2003-09-20,0.379,20.30625,0
2003-09-21,0.367,20.7953125,0
2003-09-22,0.367,18.4947916667,0
2003-09-23,0.366,15.4572916667,0
2003-09-24,0.388,12.7973958333,0
2003-09-25,0.366,11.290625,0
2003-09-26,0.366,11.7,0
2003-09-27,0.375,12.8921875,0
2003-09-28,0.367,13.1072916667,0
2003-09-29,0.368,12.3130208333,0
2003-09-30,0.379,11.9447916667,0
2003-10-01,0.367,12.2479166667,0
2003-10-02,0.555,13.065625,0
2003-10-03,0.4,12.9864583333,0
2003-10-04,2.337,12.2390625,0
2003-10-05,1.887,10.6026041667,0
2003-10-06,1.002,8.8822916667,0
2003-10-07,0.889,8.5036458333,0
2003-10-08,4.361,9.484375,0
2003-10-09,6.389,10.9317708333,0
2003-10-10,3.748,11.9276041667,0
2003-10-11,3.379,11.7703125,0
2003-10-12,2.619,11.0682291667,0
2003-10-13,1.745,9.7041666667,0
2003-10-14,1.153,8.4114583333,0
2003-10-15,0.838,7.7989583333,0
2003-10-16,0.694,7.1026041667,0
2003-10-17,0.597,6.6125,0
2003-10-18,0.55,6.0171875,0
2003-10-19,0.521,5.3958333333,0
2003-10-20,0.513,4.9604166667,0
2003-10-21,0.485,4.3078125,0
2003-10-22,0.459,3.7270833333,0
2003-10-23,0.45,2.8333333333,0
2003-10-24,0.435,2.9921875,0
2003-10-25,0.417,3.5463541667,0
2003-10-26,0.433,4.0588541667,0
2003-10-27,0.456,4.8479166667,0
2003-10-28,0.433,4.9984375,0
2003-10-29,0.417,5.059375,0
2003-10-30,0.418,5.9203125,0
2003-10-31,0.417,7.3963541667,0
2003-11-01,0.953,8.290625,0
2003-11-02,0.687,9.8708333333,0
2003-11-03,0.716,10.3703125,0
2003-11-04,1.561,10.19375,0
2003-11-05,1.388,9.9432291667,0
2003-11-06,1.07,8.54375,0
2003-11-07,0.837,7.9109375,0
2003-11-08,0.709,7.925,0
2003-11-09,0.646,8.1057291667,0
2003-11-10,0.574,7.5145833333,0
2003-11-11,0.54,6.95,0
2003-11-12,0.512,6.5322916667,0
2003-11-13,0.484,5.5791666667,0
2003-11-14,0.484,6.3104166667,0
2003-11-15,0.484,6.3645833333,0
2003-11-16,0.458,6.3984375,0
2003-11-17,0.564,7.4270833333,0
2003-11-18,0.558,8.7213541667,0
2003-11-19,1.009,9.8505208333,0
2003-11-20,1.163,10.2515625,0
2003-11-21,1.064,10.8807291667,0
2003-11-22,0.904,11.2828125,0
2003-11-23,0.823,12.3328125,0
2003-11-24,0.758,12.5890625,0
2003-11-25,0.751,11.9489583333,0
2003-11-26,0.737,10.2796875,0
2003-11-27,0.77,8.1046875,0
2003-11-28,1.08,6.7869791667,0
2003-11-29,1.146,5.996875,0
2003-11-30,1.157,6.3984375,0
2003-12-01,1.031,6.734375,0
2003-12-02,0.855,6.5713541667,0
2003-12-03,0.727,5.5333333333,0
2003-12-04,0.657,4.3171875,0
2003-12-05,0.613,3.340625,0
2003-12-06,0.575,1.9734375,0
2003-12-07,0.548,1.2432291667,0
2003-12-08,0.524,0.1104166667,0
2003-12-09,0.513,0.1,0
2003-12-10,0.513,0.1,0
2003-12-11,0.484,1.421875,0
2003-12-12,0.529,4.1484375,0
2003-12-13,0.484,6.1833333333,0
2003-12-14,23.633,6.646875,0
2003-12-15,9.965,6.2807291667,0
2003-12-16,5.35,4.8046875,0
2003-12-17,3.341,3.8286458333,0
2003-12-18,2.355,4.2953125,0
2003-12-19,1.783,5.4963541667,0
2003-12-20,1.382,5.771875,0
2003-12-21,1.647,5.1395833333,0
2003-12-22,2.113,3.9994791667,0
2003-12-23,2.425,2.4640625,0
2003-12-24,2.091,2.3869791667,0
2003-12-25,1.653,3.7067708333,0
2003-12-26,1.357,5.2760416667,0
2003-12-27,1.235,6.3151041667,0
2003-12-28,2.379,5.6609375,0
2003-12-29,2.86,3.9447916667,0
2003-12-30,2.49,1.9291666667,0
2003-12-31,1.948,0.1,0
2004-01-01,1.484,0.1,0
2004-01-02,1.24,0.1,0
2004-01-03,0.968,0.1,0
2004-01-04,0.861,0.1,0
2004-01-05,0.795,0.3625,0
2004-01-06,0.74,2.9947916667,0
2004-01-07,1.232,4.3901041667,0
2004-01-08,1.143,5.0567708333,0
2004-01-09,2.185,5.3291666667,0
2004-01-10,3.266,6.0104166667,0
2004-01-11,3.473,6.2,0
2004-01-12,3.971,6.7010416667,0
2004-01-13,4.437,6.875,0
2004-01-14,7.017,5.7067708333,0
2004-01-15,5.433,5.9395833333,0
2004-01-16,5.528,5.3927083333,0
2004-01-17,4.554,4.2317708333,0
2004-01-18,3.722,3.74375,0
2004-01-19,2.539,3.171875,0
2004-01-20,5.893,1.69375,0
2004-01-21,7.417,1.1791666667,0
2004-01-22,3.957,0.9526041667,0
2004-01-23,2.566,0.1,0
2004-01-24,1.75,0.7875,0
2004-01-25,1.357,1.1760416667,0
2004-01-26,1.235,0.6859375,0
2004-01-27,0.995,0.8942708333,0
2004-01-28,0.884,0.3354166667,0
2004-01-29,0.857,0.3927083333,0
2004-01-30,0.775,2.2817708333,0
2004-01-31,0.689,4.759375,0
2004-02-01,2.178,7.5791666667,0
2004-02-02,3.73,10.3489583333,0
2004-02-03,9.007,12.1625,0
2004-02-04,4.671,12.8833333333,0
2004-02-05,2.895,13.3244791667,0
2004-02-06,2.048,12.2963541667,0
2004-02-07,1.71,9.7359375,0
2004-02-08,1.413,7.0572916667,0
2004-02-09,2.54,4.4723958333,0
2004-02-10,2.589,3.9026041667,0
2004-02-11,2.724,3.6671875,0
2004-02-12,5.555,4.4760416667,0
2004-02-13,3.844,5.3286458333,0
2004-02-14,2.588,5.11875,0
2004-02-15,1.954,4.8223958333,0
2004-02-16,1.458,3.7536458333,0
2004-02-17,1.153,3.1421875,0
2004-02-18,1.026,2.13125,0
2004-02-19,0.889,1.9791666667,0
2004-02-20,0.8,2.0020833333,0
2004-02-21,0.737,1.396875,0
2004-02-22,0.717,0.88125,0
2004-02-23,0.652,0.5166666667,0
2004-02-24,0.585,0.1098958333,0
2004-02-25,0.576,0.1,0
2004-02-26,0.569,0.1,0
2004-02-27,0.533,0.1,0
2004-02-28,0.527,0.1,0
2004-02-29,0.5,0.1,0
2004-03-01,0.472,0.1,0
2004-03-02,0.471,0.2416666667,0
2004-03-03,0.499,1.7317708333,0
2004-03-04,0.5,3.0010416667,0
2004-03-05,0.5,2.3052083333,0
2004-03-06,0.527,2.4765625,0
2004-03-07,0.527,2.2046875,0
2004-03-08,0.535,1.6088541667,0
2004-03-09,0.562,1.5817708333,0
2004-03-10,0.569,1.1151041667,0
2004-03-11,0.574,1.4286458333,0
2004-03-12,0.569,3.4859375,0
2004-03-13,0.687,5.8604166667,0
2004-03-14,0.893,8.5744791667,0
2004-03-15,0.864,10.8885416667,0
2004-03-16,0.799,12.3114583333,0
2004-03-17,0.74,13.3546875,0
2004-03-18,0.71,13.3614583333,0
2004-03-19,0.66,13.1536458333,0
2004-03-20,0.766,11.790625,0
2004-03-21,0.8,9.9260416667,0
2004-03-22,0.88,8.078125,0
2004-03-23,1.162,6.1244791667,0
2004-03-24,1.358,4.4552083333,0
2004-03-25,1.099,2.9677083333,0
2004-03-26,0.937,2.2630208333,0
2004-03-27,0.848,2.1848958333,0
2004-03-28,0.74,3.1520833333,0
2004-03-29,0.665,5.7520833333,0
2004-03-30,0.615,8.4541666667,0
2004-03-31,0.586,11.0859375,0
2004-04-01,0.557,13.04375,0
2004-04-02,0.531,13.321875,0
2004-04-03,0.528,13.1567708333,0
2004-04-04,0.501,11.5458333333,0
2004-04-05,0.501,9.246875,0
2004-04-06,0.589,7.4791666667,0
2004-04-07,0.795,5.9375,0
2004-04-08,1.261,5.1776041667,0
2004-04-09,2.419,5.0765625,0
2004-04-10,2.29,4.8255208333,0
2004-04-11,1.641,5.0510416667,0
2004-04-12,1.191,6.0536458333,0
2004-04-13,0.944,7.2713541667,0
2004-04-14,0.829,9.0536458333,0
2004-04-15,0.735,10.90625,0
2004-04-16,0.655,12.428125,0
2004-04-17,0.607,12.7708333333,0
2004-04-18,0.595,12.2947916667,0
2004-04-19,0.612,11.5026041667,0
2004-04-20,0.558,11.2541666667,0
2004-04-21,0.529,12.1317708333,0
2004-04-22,0.501,12.6182291667,0
2004-04-23,0.501,12.6020833333,0
2004-04-24,0.586,11.9604166667,0
2004-04-25,0.533,11.8161458333,0
2004-04-26,0.527,12.8046875,0
2004-04-27,0.527,13.8489583333,0
2004-04-28,0.527,14.73125,0
2004-04-29,0.579,15.6244791667,0
2004-04-30,0.579,15.503125,0
2004-05-01,0.955,15.2411458333,0
2004-05-02,0.587,14.48125,0
2004-05-03,0.583,13.3619791667,0
2004-05-04,0.6,12.5255208333,0
2004-05-05,0.579,11.4635416667,0
2004-05-06,0.553,10.5057291667,0
2004-05-07,0.575,9.1338541667,0
2004-05-08,3.776,8.69375,0
2004-05-09,3.353,9.4770833333,0
2004-05-10,2.26,10.3005208333,0
2004-05-11,1.528,11.0114583333,0
2004-05-12,1.167,11.0098958333,0
2004-05-13,0.977,10.9026041667,0
2004-05-14,0.842,11.2083333333,0
2004-05-15,0.712,11.9994791667,0
2004-05-16,0.66,13.3760416667,0
2004-05-17,0.615,14.3729166667,0
2004-05-18,0.584,15.4177083333,0
2004-05-19,0.557,16.065625,0
2004-05-20,0.531,14.928125,0
2004-05-21,0.53,13.0421875,0
2004-05-22,0.528,11.2010416667,0
2004-05-23,0.502,9.7833333333,0
2004-05-24,0.474,10.1854166667,0
2004-05-25,0.474,10.9458333333,0
2004-05-26,0.472,11.0552083333,0
2004-05-27,0.446,11.5052083333,0
2004-05-28,0.446,12.4802083333,0
2004-05-29,0.426,14.0953125,0
2004-05-30,0.423,15.0895833333,0
2004-05-31,0.423,16.0390625,0
2004-06-01,0.501,15.6161458333,0
2004-06-02,0.424,14.8265625,0
2004-06-03,0.564,14.6453125,0
2004-06-04,0.447,13.9390625,0
2004-06-05,0.463,13.9302083333,0
2004-06-06,0.447,14.9864583333,0
2004-06-07,0.424,17.3640625,0
2004-06-08,0.407,19.6630208333,0
2004-06-09,0.397,20.8369791667,0
2004-06-10,0.396,20.2244791667,0
2004-06-11,0.407,17.934375,0
2004-06-12,0.396,15.6380208333,0
2004-06-13,0.472,14.6161458333,0
2004-06-14,0.424,15.1192708333,0
2004-06-15,0.408,15.2713541667,0
2004-06-16,0.397,16.3036458333,0
2004-06-17,0.397,16.0682291667,0
2004-06-18,0.397,14.5104166667,0
2004-06-19,0.408,13.9614583333,0
2004-06-20,0.397,12.7109375,0
2004-06-21,0.39,12.9505208333,0
2004-06-22,0.389,14.3026041667,0
2004-06-23,0.389,14.9473958333,0
2004-06-24,0.398,15.1854166667,0
2004-06-25,0.396,15.31875,0
2004-06-26,0.389,15.6057291667,0
2004-06-27,0.389,16.225,0
2004-06-28,0.389,17.0671875,0
2004-06-29,0.378,17.9390625,0
2004-06-30,0.378,17.3692708333,0
2004-07-01,0.378,16.9432291667,0
2004-07-02,0.378,16.6296875,0
2004-07-03,0.396,15.5458333333,0
2004-07-04,0.447,15.3958333333,0
2004-07-05,0.397,15.6072916667,0
2004-07-06,0.388,16.2473958333,0
2004-07-07,0.379,16.9572916667,0
2004-07-08,0.388,16.5958333333,0
2004-07-09,0.388,15.9963541667,0
2004-07-10,0.521,14.8973958333,0
2004-07-11,0.425,13.8567708333,0
2004-07-12,0.408,13.5151041667,0
2004-07-13,0.446,13.9145833333,0
2004-07-14,0.423,14.8875,0
2004-07-15,0.527,16.48125,0
2004-07-16,0.593,18.3026041667,0
2004-07-17,0.582,19.3010416667,0
2004-07-18,0.677,19.7234375,0
2004-07-19,0.869,19.1859375,0
2004-07-20,0.697,19.034375,0
2004-07-21,0.826,19.6598958333,0
2004-07-22,0.709,20.3505208333,0
2004-07-23,0.588,20.6234375,0
2004-07-24,0.742,19.6520833333,0
2004-07-25,0.598,17.9630208333,0
2004-07-26,0.546,16.4135416667,0
2004-07-27,0.528,16.1385416667,0
2004-07-28,0.453,17.2203125,0
2004-07-29,0.429,18.8479166667,0
2004-07-30,0.424,20.2036458333,0
2004-07-31,0.408,20.8359375,0
2004-08-01,0.408,20.9677083333,0
2004-08-02,0.408,21.2572916667,0
2004-08-03,0.396,21.2583333333,0
2004-08-04,0.396,22.2151041667,0
2004-08-05,0.397,23.0140625,0
2004-08-06,0.388,22.7625,0
2004-08-07,0.388,23.4088541667,0
2004-08-08,0.497,23.76875,0
2004-08-09,0.407,23.3328125,0
2004-08-10,0.396,23.1848958333,0
2004-08-11,0.407,22.1984375,0
2004-08-12,0.45,20.1567708333,0
2004-08-13,2.378,19.1697916667,0
2004-08-14,2.431,18.8822916667,0
2004-08-15,2.942,19.0020833333,0
2004-08-16,1.722,19.6796875,0
2004-08-17,1.194,20.4583333333,0
2004-08-18,0.936,20.5255208333,0
2004-08-19,1.403,20.0640625,0
2004-08-20,0.755,18.7473958333,0
2004-08-21,0.682,17.0760416667,0
2004-08-22,0.729,16.2161458333,0
2004-08-23,0.642,15.9958333333,0
2004-08-24,0.634,16.1921875,0
2004-08-25,0.621,16.3515625,0
2004-08-26,0.68,15.8203125,0
2004-08-27,0.788,15.7104166667,0
2004-08-28,1.655,16.2520833333,0
2004-08-29,2.259,16.1088541667,0
2004-08-30,1.947,15.896875,0
2004-08-31,1.368,15.1322916667,0
2004-09-01,1.072,15.0604166667,0
2004-09-02,0.876,16.1348958333,0
2004-09-03,0.765,17.640625,0
2004-09-04,0.669,19.1734375,0
2004-09-05,0.579,19.6432291667,0
2004-09-06,0.536,19.7010416667,0
2004-09-07,0.504,18.9822916667,0
2004-09-08,0.475,18.2036458333,0
2004-09-09,0.456,18.0197916667,0
2004-09-10,0.448,18.0192708333,0
2004-09-11,0.445,17.7421875,0
2004-09-12,0.574,17.5161458333,0
2004-09-13,0.478,16.5390625,0
2004-09-14,0.464,14.9588541667,0
2004-09-15,0.448,13.6838541667,0
2004-09-16,0.502,12.9760416667,0
2004-09-17,0.448,13.6161458333,0
2004-09-18,0.425,14.1875,0
2004-09-19,0.425,14.9708333333,0
2004-09-20,0.424,15.0130208333,0
2004-09-21,0.424,13.8291666667,0
2004-09-22,0.408,12.9661458333,0
2004-09-23,3.662,12.365625,0
2004-09-24,4.91,11.9166666667,0
2004-09-25,3.033,11.9583333333,0
2004-09-26,1.79,12.4838541667,0
2004-09-27,1.465,13.4598958333,0
2004-09-28,1.319,13.8484375,0
2004-09-29,1.111,13.6776041667,0
2004-09-30,0.991,13.8010416667,0
2004-10-01,0.881,13.3880208333,0
2004-10-02,0.774,13.4921875,0
2004-10-03,0.705,14.7078125,0
2004-10-04,0.637,15.6291666667,0
2004-10-05,0.597,15.3463541667,0
2004-10-06,0.561,14.7291666667,0
2004-10-07,0.534,12.8572916667,0
2004-10-08,0.505,10.6625,0
2004-10-09,0.503,9.8963541667,0
2004-10-10,0.475,9.3359375,0
2004-10-11,0.474,9.0901041667,0
2004-10-12,0.447,9.1994791667,0
2004-10-13,0.448,9.6135416667,0
2004-10-14,0.448,9.8609375,0
2004-10-15,0.447,9.7447916667,0
2004-10-16,0.526,9.4614583333,0
2004-10-17,0.502,9.1005208333,0
2004-10-18,0.502,9.0036458333,0
2004-10-19,0.504,10.396875,0
2004-10-20,0.476,11.5635416667,0
2004-10-21,0.503,12.2067708333,0
2004-10-22,0.558,13.8682291667,0
2004-10-23,0.558,14.6765625,0
2004-10-24,0.558,14.8536458333,0
2004-10-25,0.536,13.946875,0
2004-10-26,0.53,12.0932291667,0
2004-10-27,0.503,10.9828125,0
2004-10-28,0.503,10.690625,0
2004-10-29,0.53,10.99375,0
2004-10-30,0.503,11.2932291667,0
2004-10-31,0.479,10.5322916667,0
2004-11-01,0.475,9.8479166667,0
2004-11-02,0.45,10.1291666667,0
2004-11-03,0.45,10.35,0
2004-11-04,0.447,10.1661458333,0
2004-11-05,0.473,9.5223958333,0
2004-11-06,0.447,7.9307291667,0
2004-11-07,0.501,6.4333333333,0
2004-11-08,0.473,4.7723958333,0
2004-11-09,0.473,3.15,0
2004-11-10,0.473,2.5604166667,0
2004-11-11,0.528,2.3322916667,0
2004-11-12,0.554,2.9333333333,0
2004-11-13,0.702,3.3484375,0
2004-11-14,1.316,3.5791666667,0
2004-11-15,1.114,4.5307291667,0
2004-11-16,0.983,6.0927083333,0
2004-11-17,1.196,7.4604166667,0
2004-11-18,4.244,7.3864583333,0
2004-11-19,20.504,5.8734375,0
2004-11-20,8.707,3.659375,0
2004-11-21,4.557,4.0052083333,0
2004-11-22,3.199,5.1098958333,0
2004-11-23,4.313,4.7416666667,0
2004-11-24,3.905,4.6380208333,0
2004-11-25,3.054,2.8302083333,0
2004-11-26,2.215,2.8666666667,0
2004-11-27,1.716,4.7083333333,0
2004-11-28,1.341,6.0171875,0
2004-11-29,1.176,6.5729166667,0
2004-11-30,0.989,5.4291666667,0
2004-12-01,0.912,4.0317708333,0
2004-12-02,0.877,2.7510416667,0
2004-12-03,0.772,1.5453125,0
2004-12-04,0.725,1.0885416667,0
2004-12-05,0.682,1.809375,0
2004-12-06,0.641,2.6036458333,0
2004-12-07,0.622,3.7598958333,0
2004-12-08,0.608,3.7729166667,0
2004-12-09,0.579,2.4791666667,0
2004-12-10,0.578,0.8270833333,0
2004-12-11,0.551,0.1,0
2004-12-12,0.551,0.1,0
2004-12-13,0.551,0.1,0
2004-12-14,0.525,0.1,0
2004-12-15,0.525,0.1,0
2004-12-16,0.526,1.8864583333,0
2004-12-17,0.578,3.2364583333,0
2004-12-18,1.56,3.1083333333,0
2004-12-19,1.212,1.6395833333,0
2004-12-20,1.135,0.1,0
2004-12-21,1.031,0.1,0
2004-12-22,0.9,0.1,0
2004-12-23,0.887,2.621875,0
2004-12-24,2.691,4.9666666667,0
2004-12-25,2.493,5.59375,0
2004-12-26,2.649,3.8989583333,0
2004-12-27,2.095,1.7546875,0
2004-12-28,1.573,1.1598958333,0
2004-12-29,1.35,1.734375,0
2004-12-30,1.103,3.5598958333,0
2004-12-31,1.1,5.3630208333,0
2005-01-01,2.07,6.1463541667,0
2005-01-02,2.766,6.64375,0
2005-01-03,2.566,6.621875,0
2005-01-04,2.184,6.315625,0
2005-01-05,1.794,6.6697916667,0
2005-01-06,1.744,7.484375,0
2005-01-07,2.482,7.7838541667,0
2005-01-08,2.296,8.0677083333,0
2005-01-09,1.883,9.1473958333,0
2005-01-10,1.406,9.2692708333,0
2005-01-11,1.184,9.1635416667,0
2005-01-12,1.103,8.640625,0
2005-01-13,1.216,6.5901041667,0
2005-01-14,1.226,4.2489583333,0
2005-01-15,1.155,2.6260416667,0
2005-01-16,1.046,2.478125,0
2005-01-17,0.938,2.7583333333,0
2005-01-18,1,3.6859375,0
2005-01-19,3.075,5.5223958333,0
2005-01-20,3.856,5.6552083333,0
2005-01-21,26.251,5.4010416667,0
2005-01-22,8.378,4.7408612543,0
2005-01-23,4.679,2.3677190723,0
2005-01-24,3.287,0.4927083333,0
2005-01-25,2.268,0.1,0
2005-01-26,1.613,0.1,0
2005-01-27,1.241,0.1,0
2005-01-28,1.073,0.1,0
2005-01-29,0.901,0.1,0
2005-01-30,0.769,0.4453125,0
2005-01-31,0.717,1.5932291667,0
2005-02-01,2.522,3.3911458333,0
2005-02-02,2.13,4.6291666667,0
2005-02-03,1.981,4.1666666667,0
2005-02-04,1.728,3.65625,0
2005-02-05,1.591,2.6359375,0
2005-02-06,1.341,1.3411458333,0
2005-02-07,1.11,0.6666666667,0
2005-02-08,0.949,1.1682291667,0
2005-02-09,0.809,2.7979166667,0
2005-02-10,0.698,4.8364583333,0
2005-02-11,4.375,6.9661458333,0
2005-02-12,9.697,6.7302083333,0
2005-02-13,14.216,5.3395833333,0
2005-02-14,7.643,3.3390625,0
2005-02-15,4.852,0.8265625,0
2005-02-16,3.464,0.1,0
2005-02-17,2.539,0.1,0
2005-02-18,1.876,0.1,0
2005-02-19,1.571,0.1,0
2005-02-20,1.257,0.2114583333,0
2005-02-21,1.077,0.225,0
2005-02-22,0.953,0.1,0
2005-02-23,0.83,0.1,0
2005-02-24,0.792,0.1,0
2005-02-25,0.731,0.1,0
2005-02-26,0.685,0.1,0
2005-02-27,0.673,0.1,0
2005-02-28,0.528,0.1,0
2005-03-01,0.567,0.1,0
2005-03-02,0.57,0.1,0
2005-03-03,0.555,0.1,0
2005-03-04,0.516,0.1,0
2005-03-05,0.506,0.1,0
2005-03-06,0.479,0.1,0
2005-03-07,0.476,0.625,0
2005-03-08,0.476,1.8453125,0
2005-03-09,0.598,2.5994791667,0
2005-03-10,0.851,3.165625,0
2005-03-11,1.085,2.7255208333,0
2005-03-12,4.027,2.8729166667,0
2005-03-13,4.004,3.9286458333,0
2005-03-14,3.702,5,0
2005-03-15,3.063,8.16875,0
2005-03-16,2.493,10.7395833333,0
2005-03-17,2.309,12.6354166667,0
2005-03-18,1.711,13.4432291667,0
2005-03-19,1.281,12.2666666667,0
2005-03-20,1.023,11.0640625,0
2005-03-21,0.873,11.075,0
2005-03-22,0.763,11.6098958333,0
2005-03-23,0.709,12.3651041667,0
2005-03-24,0.643,12.7005208333,0
2005-03-25,0.596,12.7208333333,0
2005-03-26,0.623,12.5375,0
2005-03-27,0.644,12.2171875,0
2005-03-28,0.719,12.1864583333,0
2005-03-29,0.64,11.8994791667,0
2005-03-30,0.608,11.5802083333,0
2005-03-31,0.594,11.1265625,0
2005-04-01,0.561,11.246875,0
2005-04-02,0.519,12.0296875,0
2005-04-03,0.508,12.8072916667,0
2005-04-04,0.48,12.7348958333,0
2005-04-05,0.479,12.2338541667,0
2005-04-06,0.479,11.0354166667,0
2005-04-07,0.48,9.1380208333,0
2005-04-08,0.559,7.771875,0
2005-04-09,0.551,7.1203125,0
2005-04-10,0.54,6.2947916667,0
2005-04-11,0.544,6.9723958333,0
2005-04-12,0.54,8.9484375,0
2005-04-13,0.566,10.50625,0
2005-04-14,0.567,12.1390625,0
2005-04-15,0.541,12.1041666667,0
2005-04-16,0.541,11.9244791667,0
2005-04-17,0.542,11.7770833333,0
2005-04-18,0.512,10.6265625,0
2005-04-19,0.484,10.5135416667,0
2005-04-20,1.498,9.3416666667,0
2005-04-21,2.627,8.3421875,0
2005-04-22,2.005,9.0953125,0
2005-04-23,1.364,10.1192708333,0
2005-04-24,1.031,11.5046875,0
2005-04-25,1.188,12.4963541667,0
2005-04-26,2.445,12.4453125,0
2005-04-27,1.76,12.3708333333,0
2005-04-28,1.56,12.8088541667,0
2005-04-29,1.297,13.8265625,0
2005-04-30,1.244,16.2260416667,0
2005-05-01,1.089,18.0755208333,0
2005-05-02,0.934,18.1755208333,0
2005-05-03,0.853,17.2536458333,0
2005-05-04,0.912,14.7380208333,0
2005-05-05,1.097,12.2807291667,0
2005-05-06,0.988,10.6494791667,0
2005-05-07,1.07,9.13125,0
2005-05-08,2.048,8.0619791667,0
2005-05-09,2.917,7.1338541667,0
2005-05-10,2.859,6.96875,0
2005-05-11,2.339,7.6984375,0
2005-05-12,1.732,9.115625,0
2005-05-13,1.35,10.1505208333,0
2005-05-14,1.063,10.5098958333,0
2005-05-15,0.998,10.9020833333,0
2005-05-16,0.912,9.7333333333,0
2005-05-17,0.778,8.8796875,0
2005-05-18,0.714,9.8885416667,0
2005-05-19,0.655,11.3859375,0
2005-05-20,0.604,13.6447916667,0
2005-05-21,0.594,15.846875,0
2005-05-22,0.593,16.0875,0
2005-05-23,0.591,15.2729166667,0
2005-05-24,0.56,15.9625,0
2005-05-25,0.561,17.4708333333,0
2005-05-26,0.535,20.0213541667,0
2005-05-27,0.506,22.8078125,0
2005-05-28,0.506,22.8359375,0
2005-05-29,0.478,20.2395833333,0
2005-05-30,0.458,17.234375,0
2005-05-31,0.58,14.0276041667,0
2005-06-01,0.478,13.2364583333,0
2005-06-02,0.45,15.1703125,0
2005-06-03,0.425,15.8421875,0
2005-06-04,0.416,16.2234375,0
2005-06-05,0.425,15.20625,0
2005-06-06,0.514,12.8489583333,0
2005-06-07,0.449,11.7692708333,0
2005-06-08,0.426,11.3328125,0
2005-06-09,0.408,11.615625,0
2005-06-10,0.408,11.7692708333,0
2005-06-11,0.397,12.140625,0
2005-06-12,0.397,12.4880208333,0
2005-06-13,0.397,12.9848958333,0
2005-06-14,0.397,15.0078125,0
2005-06-15,0.388,17.00625,0
2005-06-16,0.388,18.440625,0
2005-06-17,0.384,19.8567708333,0
2005-06-18,0.388,20.5859375,0
2005-06-19,0.379,21.81875,0
2005-06-20,0.367,22.75,0
2005-06-21,0.367,22.5869791667,0
2005-06-22,0.356,22.9619791667,0
2005-06-23,0.354,23.3864583333,0
2005-06-24,0.354,23.0661458333,0
2005-06-25,0.354,22.8911458333,0
2005-06-26,0.379,22.2489583333,0
2005-06-27,0.354,21.2010416667,0
2005-06-28,0.35,20.815625,0
2005-06-29,0.342,20.4057291667,0
2005-06-30,0.451,19.4682291667,0
2005-07-01,0.846,18.3026041667,0
2005-07-02,0.792,18.665625,0
2005-07-03,0.551,18.9510416667,0
2005-07-04,0.433,18.4338541667,0
2005-07-05,0.482,17.7505208333,0
2005-07-06,0.43,15.9552083333,0
2005-07-07,0.427,14.7963541667,0
2005-07-08,0.409,15.2255208333,0
2005-07-09,0.451,16.8755208333,0
2005-07-10,0.409,18.4609375,0
2005-07-11,0.398,20.1713541667,0
2005-07-12,0.397,21.5682291667,0
2005-07-13,0.388,21.7427083333,0
2005-07-14,0.38,22.15,0
2005-07-15,0.379,21.7703125,0
2005-07-16,0.379,20.9833333333,0
2005-07-17,0.376,20.740625,0
2005-07-18,0.367,19.8354166667,0
2005-07-19,0.367,19.125,0
2005-07-20,0.367,18.290625,0
2005-07-21,0.368,16.5869791667,0
2005-07-22,0.379,15.6322916667,0
2005-07-23,0.387,15.5692708333,0
2005-07-24,0.379,16.3557291667,0
2005-07-25,0.379,17.0609375,0
2005-07-26,0.534,18.515625,0
2005-07-27,0.399,20.1432291667,0
2005-07-28,0.48,20.9286458333,0
2005-07-29,0.604,21.0395833333,0
2005-07-30,0.481,19.7432291667,0
2005-07-31,0.451,18.1401041667,0
2005-08-01,0.477,16.5744791667,0
2005-08-02,0.428,16.1213541667,0
2005-08-03,0.41,16.1833333333,0
2005-08-04,0.427,15.7765625,0
2005-08-05,0.398,15.28125,0
2005-08-06,0.537,14.5088541667,0
2005-08-07,0.604,14.084375,0
2005-08-08,0.509,14.0708333333,0
2005-08-09,0.56,14.290625,0
2005-08-10,0.534,15.2453125,0
2005-08-11,0.534,15.821875,0
2005-08-12,0.507,15.9359375,0
2005-08-13,0.809,15.9578125,0
2005-08-14,0.601,15.5432291667,0
2005-08-15,1.795,15.3760416667,0
2005-08-16,2.656,15.9432291667,0
2005-08-17,1.77,17.5755208333,0
2005-08-18,1.121,18.9213541667,0
2005-08-19,0.81,19.2411458333,0
2005-08-20,0.962,18.6947916667,0
2005-08-21,0.691,17.6333333333,0
2005-08-22,0.619,16.7401041667,0
2005-08-23,0.591,16.5864583333,0
2005-08-24,0.564,16.1296875,0
2005-08-25,0.511,15.4192708333,0
2005-08-26,0.63,14.9625,0
2005-08-27,0.538,14.665625,0
2005-08-28,0.508,15.6109375,0
2005-08-29,0.479,17.0067708333,0
2005-08-30,0.452,18.7234375,0
2005-08-31,0.452,20.278125,0
2005-09-01,0.427,20.6369791667,0
2005-09-02,0.427,20.48125,0
2005-09-03,0.411,19.7869791667,0
2005-09-04,0.409,19.4625,0
2005-09-05,0.399,19.8192708333,0
2005-09-06,0.398,20.2661458333,0
2005-09-07,0.398,20.9994791667,0
2005-09-08,0.397,21.0364583333,0
2005-09-09,0.513,20.8927083333,0
2005-09-10,0.409,20.0817708333,0
2005-09-11,0.399,18.7661458333,0
2005-09-12,0.399,17.3255208333,0
2005-09-13,0.399,16.2796875,0
2005-09-14,0.39,16.3979166667,0
2005-09-15,0.399,15.5453125,0
2005-09-16,1.61,14.2026041667,0
2005-09-17,0.527,12.8109375,0
2005-09-18,0.471,11.003125,0
2005-09-19,0.431,10.4786458333,0
2005-09-20,0.411,11.290625,0
2005-09-21,0.411,12.046875,0
2005-09-22,0.399,13.090625,0
2005-09-23,0.399,13.8208333333,0
2005-09-24,0.39,14.6796875,0
2005-09-25,0.398,15.2447916667,0
2005-09-26,0.39,15.5989583333,0
2005-09-27,0.39,15.5125,0
2005-09-28,0.391,14.4864583333,0
2005-09-29,0.39,13.5765625,0
2005-09-30,0.399,12.409375,0
2005-10-01,0.39,11.5453125,0
2005-10-02,0.538,10.8052083333,0
2005-10-03,0.483,11.0286458333,0
2005-10-04,0.455,11.7026041667,0
2005-10-05,0.43,12.8536458333,0
2005-10-06,0.429,14.1291666667,0
2005-10-07,0.411,14.2744791667,0
2005-10-08,0.411,14.3625,0
2005-10-09,0.411,14.2604166667,0
2005-10-10,0.401,14.2901041667,0
2005-10-11,0.4,14.7182291667,0
2005-10-12,0.399,14.5083333333,0
2005-10-13,0.399,14.13125,0
2005-10-14,0.391,13.7057291667,0
2005-10-15,0.391,12.7010416667,0
2005-10-16,0.391,11.4494791667,0
2005-10-17,0.39,10.6473958333,0
2005-10-18,0.389,9.5291666667,0
2005-10-19,0.381,9.6895833333,0
2005-10-20,0.399,10.9734375,0
2005-10-21,0.39,12.0328125,0
2005-10-22,0.399,13.0541666667,0
2005-10-23,0.503,13.0979166667,0
2005-10-24,0.638,13.2072916667,0
2005-10-25,1.757,13.4817708333,0
2005-10-26,2.214,14.5609375,0
2005-10-27,1.603,15.7765625,0
2005-10-28,1.022,16.0208333333,0
2005-10-29,0.784,16.0489583333,0
2005-10-30,0.646,15.75,0
2005-10-31,0.57,14.7526041667,0
2005-11-01,0.539,13.7776041667,0
2005-11-02,0.512,13.8130208333,0
2005-11-03,0.575,13.2619791667,0
2005-11-04,0.625,12.1182291667,0
2005-11-05,0.998,11.6921875,0
2005-11-06,1.096,10.0901041667,0
2005-11-07,1.091,9.6588541667,0
2005-11-08,1.135,10.33125,0
2005-11-09,1.052,10.2140625,0
2005-11-10,0.883,10.4932291667,0
2005-11-11,0.741,9.8953125,0
2005-11-12,0.716,9.253125,0
2005-11-13,0.617,8.1052083333,0
2005-11-14,0.571,7.2078125,0
2005-11-15,0.54,6.3869791667,0
2005-11-16,0.741,5.4395833333,0
2005-11-17,0.757,4.9239583333,0
2005-11-18,0.824,3.4276041667,0
2005-11-19,0.764,2.9541666667,0
2005-11-20,0.719,2.7260416667,0
2005-11-21,0.659,1.7395833333,0
2005-11-22,0.61,1.1296875,0
2005-11-23,0.546,0.4098958333,0
2005-11-24,0.538,0.1,0
2005-11-25,0.572,0.6375,0
2005-11-26,0.571,1.4541666667,0
2005-11-27,0.569,1.6505208333,0
2005-11-28,0.57,2.0354166667,0
2005-11-29,0.574,2.3322916667,0
2005-11-30,0.657,2.3713541667,0
2005-12-01,0.761,2.4125,0
2005-12-02,0.827,3.1041666667,0
2005-12-03,0.921,4.2697916667,0
2005-12-04,1.221,5.459375,0
2005-12-05,8.49,6.2572916667,0
2005-12-06,5.961,6.1088541667,0
2005-12-07,3.66,5.125,0
2005-12-08,2.903,4.3598958333,0
2005-12-09,2.086,3.0088541667,0
2005-12-10,1.519,1.65625,0
2005-12-11,1.136,1.3572916667,0
2005-12-12,0.972,1.3552083333,0
2005-12-13,0.868,2.7052083333,0
2005-12-14,0.751,4.1630208333,0
2005-12-15,0.716,4.9541666667,0
2005-12-16,0.762,4.4385416667,0
2005-12-17,4.257,3.5880208333,0
2005-12-18,2.975,2.584375,0
2005-12-19,2.034,2.0953125,0
2005-12-20,1.593,2.5817708333,0
2005-12-21,1.527,3.5130208333,0
2005-12-22,1.754,4.7104166667,0
2005-12-23,2.02,5.3963541667,0
2005-12-24,2.54,5.5078125,0
2005-12-25,2.31,4.471875,0
2005-12-26,1.828,2.321875,0
2005-12-27,1.486,0.1708333333,0
2005-12-28,1.18,0.1,0
2005-12-29,0.99,0.1,0
2005-12-30,0.885,0.1,0
2005-12-31,0.829,0.965625,0
2006-01-01,0.874,2.115625,0
2006-01-02,0.927,2.88125,0
2006-01-03,0.927,2.0390625,0
2006-01-04,0.887,1.3286458333,0
2006-01-05,0.856,1.1817708333,0
2006-01-06,0.805,1.7322916667,0
2006-01-07,0.739,2.1567708333,0
2006-01-08,0.681,1.6416666667,0
2006-01-09,0.629,0.9822916667,0
2006-01-10,0.583,0.4140625,0
2006-01-11,0.57,0.4083333333,0
2006-01-12,0.542,0.6817708333,0
2006-01-13,0.537,1.053125,0
2006-01-14,0.509,0.1,0
2006-01-15,0.508,0.1,0
2006-01-16,0.479,0.1,0
2006-01-17,0.479,0.7916666667,0
2006-01-18,0.899,2.5125,0
2006-01-19,0.847,4.3109375,0
2006-01-20,0.747,4.8703125,0
2006-01-21,1.391,3.8942708333,0
2006-01-22,2.105,2.0536458333,0
2006-01-23,1.939,0.1,0
2006-01-24,1.549,0.1,0
2006-01-25,1.214,0.1,0
2006-01-26,1.027,0.1,0
2006-01-27,0.844,0.1,0
2006-01-28,0.727,0.1,0
2006-01-29,0.637,0.1,0
2006-01-30,0.583,0.1,0
2006-01-31,0.548,0.1,0
2006-02-01,0.54,0.1,0
2006-02-02,0.509,0.1,0
2006-02-03,0.482,0.1,0
2006-02-04,0.48,0.1,0
2006-02-05,0.48,0.1,0
2006-02-06,0.453,1.578125,0
2006-02-07,0.452,2.7442708333,0
2006-02-08,0.815,3.2916666667,0
2006-02-09,2.399,3.296875,0
2006-02-10,1.884,2.3171875,0
2006-02-11,1.418,1.6770833333,0
2006-02-12,1.166,1.6723958333,0
2006-02-13,1.025,2.1604166667,0
2006-02-14,0.883,3.459375,0
2006-02-15,0.844,4.8140625,0
2006-02-16,4.211,5.7473958333,0
2006-02-17,5.113,6.0010416667,0
2006-02-18,3.661,5.9786458333,0
2006-02-19,3.83,5.121875,0
2006-02-20,3.31,4.3364583333,0
2006-02-21,2.45,3.6229166667,0
2006-02-22,1.796,2.165625,0
2006-02-23,1.37,1.871875,0
2006-02-24,1.164,1.0411458333,0
2006-02-25,0.982,0.11875,0
2006-02-26,0.854,0.1,0
2006-02-27,0.762,0.1,0
2006-02-28,0.712,0.1,0
2006-03-01,0.702,0.1,0
2006-03-02,0.629,0.1,0
2006-03-03,0.581,0.1,0
2006-03-04,0.546,0.1,0
2006-03-05,0.538,0.2104166667,0
2006-03-06,0.511,0.7739583333,0
2006-03-07,0.479,1.3380208333,0
2006-03-08,0.481,3.2854166667,0
2006-03-09,1.847,4.0197916667,0
2006-03-10,10.939,3.6916666667,0
2006-03-11,8.858,2.2677083333,0
2006-03-12,5.017,0.1,0
2006-03-13,3.082,0.1,0
2006-03-14,2.162,0.1,0
2006-03-15,1.577,0.1807291667,0
2006-03-16,1.233,1.4041666667,0
2006-03-17,1.026,2.3895833333,0
2006-03-18,0.918,2.590625,0
2006-03-19,0.86,2.3755208333,0
2006-03-20,0.84,2.5510416667,0
2006-03-21,0.808,2.1791666667,0
2006-03-22,0.744,2.35,0
2006-03-23,0.683,3.6260416667,0
2006-03-24,0.649,5.7557291667,0
2006-03-25,0.666,8.690625,0
2006-03-26,0.842,11.3911458333,0
2006-03-27,2.14,12.4546875,0
2006-03-28,2.512,11.5557291667,0
2006-03-29,2.354,10.9114583333,0
2006-03-30,2.047,10.3151041667,0
2006-03-31,9.284,10.4041666667,0
2006-04-01,8.505,10.9791666667,0
2006-04-02,6.402,10.10625,0
2006-04-03,4.463,8.5333333333,0
2006-04-04,2.957,6.4661458333,0
2006-04-05,2.138,5.0822916667,0
2006-04-06,1.641,4.89375,0
2006-04-07,1.272,5.7395833333,0
2006-04-08,1.055,6.7921875,0
2006-04-09,1.044,7.0302083333,0
2006-04-10,0.792,6.4963541667,0
2006-04-11,0.717,6.021875,0
2006-04-12,0.667,6.5953125,0
2006-04-13,0.696,7.6302083333,0
2006-04-14,0.979,9.0333333333,0
2006-04-15,0.9,10.178125,0
2006-04-16,1.067,10.4130208333,0
2006-04-17,1.988,10.509375,0
2006-04-18,2.273,10.353125,0
2006-04-19,1.955,10.2057291667,0
2006-04-20,1.468,11.1723958333,0
2006-04-21,1.142,11.1864583333,0
2006-04-22,0.956,10.9625,0
2006-04-23,0.836,11.5807291667,0
2006-04-24,0.747,12.3791666667,0
2006-04-25,0.674,13.2375,0
2006-04-26,0.635,13.9776041667,0
2006-04-27,0.588,12.903125,0
2006-04-28,0.55,10.1239583333,0
2006-04-29,0.529,7.9598958333,0
2006-04-30,0.586,6.9177083333,0
2006-05-01,0.79,8.1817708333,0
2006-05-02,0.698,11.5526041667,0
2006-05-03,0.643,15.2380208333,0
2006-05-04,0.62,17.8807291667,0
2006-05-05,0.601,18.69375,0
2006-05-06,0.577,18.4755208333,0
2006-05-07,0.55,18.0901041667,0
2006-05-08,0.533,17.54375,0
2006-05-09,0.519,17.3770833333,0
2006-05-10,0.503,17.0057291667,0
2006-05-11,0.484,16.9385416667,0
2006-05-12,0.468,16.5953125,0
2006-05-13,0.467,15.4947916667,0
2006-05-14,0.47,15.2067708333,0
2006-05-15,0.45,15.1348958333,0
2006-05-16,0.421,15.4072916667,0
2006-05-17,0.412,16.2677083333,0
2006-05-18,0.412,15.5822916667,0
2006-05-19,0.455,14.1244791667,0
2006-05-20,0.545,13.7739583333,0
2006-05-21,0.935,13.5963541667,0
2006-05-22,0.725,13.1802083333,0
2006-05-23,0.842,13.0708333333,0
2006-05-24,0.857,12.2020833333,0
2006-05-25,0.827,11.5932291667,0
2006-05-26,2.025,12.4677083333,0
2006-05-27,11.405,13.1140625,0
2006-05-28,11.742,12.7239583333,0
2006-05-29,6.153,11.5338541667,0
2006-05-30,3.594,9.9338541667,0
2006-05-31,2.431,8.753125,0
2006-06-01,1.753,9.3166666667,0
2006-06-02,1.325,10.6182291667,0
2006-06-03,1.027,11.6588541667,0
2006-06-04,1.049,12.2557291667,0
2006-06-05,0.786,12.3098958333,0
2006-06-06,0.717,12.6177083333,0
2006-06-07,0.634,13.5755208333,0
2006-06-08,0.552,15.440625,0
2006-06-09,0.54,17.5760416667,0
2006-06-10,0.521,19.3619791667,0
2006-06-11,0.499,20.778125,0
2006-06-12,0.453,22.08125,0
2006-06-13,0.431,22.7072916667,0
2006-06-14,0.429,21.9265625,0
2006-06-15,0.409,20.2390625,0
2006-06-16,0.427,18.2666666667,0
2006-06-17,0.425,17.8010416667,0
2006-06-18,0.4,18.4114583333,0
2006-06-19,0.591,19.8109375,0
2006-06-20,0.815,20.7572916667,0
2006-06-21,0.569,19.2854166667,0
2006-06-22,0.55,18.0921875,0
2006-06-23,0.515,17.7885416667,0
2006-06-24,0.456,18.2614583333,0
2006-06-25,0.431,19.5234375,0
2006-06-26,0.452,19.6083333333,0
2006-06-27,0.413,19.165625,0
2006-06-28,0.428,18.4911458333,0
2006-06-29,0.4,18.8765625,0
2006-06-30,0.399,20.4130208333,0
2006-07-01,0.4,21.8546875,0
2006-07-02,0.396,22.9760416667,0
2006-07-03,0.396,23.7390625,0
2006-07-04,0.394,24.0140625,0
2006-07-05,0.391,23.6171875,0
2006-07-06,0.415,22.7864583333,0
2006-07-07,0.398,21.625,0
2006-07-08,0.394,21.2041666667,0
2006-07-09,0.389,20.9130208333,0
2006-07-10,0.401,21.3875,0
2006-07-11,0.389,22.0536458333,0
2006-07-12,0.419,22.5354166667,0
2006-07-13,0.392,22.2380208333,0
2006-07-14,0.385,21.85,0
2006-07-15,0.381,21.803125,0
2006-07-16,0.379,21.5958333333,0
2006-07-17,0.374,22.971875,0
2006-07-18,0.372,24.6505208333,0
2006-07-19,0.369,25.7369791667,0
2006-07-20,0.365,26.5375,0
2006-07-21,0.368,25.9067708333,0
2006-07-22,0.366,25.1072916667,0
2006-07-23,0.377,24.3177083333,0
2006-07-24,0.367,24.5145833333,0
2006-07-25,0.362,25.5390625,0
2006-07-26,0.356,25.7104166667,0
2006-07-27,0.375,25.2328125,0
2006-07-28,0.364,24.11875,0
2006-07-29,0.433,22.978125,0
2006-07-30,0.383,21.8276041667,0
2006-07-31,0.378,20.9135416667,0
2006-08-01,0.356,19.55,0
2006-08-02,0.441,17.8666666667,0
2006-08-03,0.448,17.1244791667,0
2006-08-04,0.391,17.1458333333,0
2006-08-05,0.382,17.88125,0
2006-08-06,0.37,18.6744791667,0
2006-08-07,0.371,18.6963541667,0
2006-08-08,0.359,18.1401041667,0
2006-08-09,0.369,16.4380208333,0
2006-08-10,0.378,15.0447916667,0
2006-08-11,0.428,14.1114583333,0
2006-08-12,0.399,13.4854166667,0
2006-08-13,0.39,13.68125,0
2006-08-14,0.39,14.3854166667,0
2006-08-15,0.407,15.2369791667,0
2006-08-16,0.554,16.5927083333,0
2006-08-17,0.401,17.8239583333,0
2006-08-18,0.391,18.5182291667,0
2006-08-19,0.393,18.5479166667,0
2006-08-20,0.392,17.83125,0
2006-08-21,0.444,17.0838541667,0
2006-08-22,0.505,16.4640625,0
2006-08-23,0.432,16.2645833333,0
2006-08-24,0.402,16.0947916667,0
2006-08-25,0.43,16.1505208333,0
2006-08-26,0.401,15.9651041667,0
2006-08-27,0.401,15.1322916667,0
2006-08-28,0.461,14.4161458333,0
2006-08-29,1.135,13.4859375,0
2006-08-30,0.835,13.3958333333,0
2006-08-31,0.794,15.075,0
2006-09-01,0.691,16.7244791667,0
2006-09-02,0.616,18.8557291667,0
2006-09-03,0.548,20.0359375,0
2006-09-04,0.749,19.3791666667,0
2006-09-05,0.585,19.5541666667,0
2006-09-06,0.579,18.3338541667,0
2006-09-07,0.55,16.6770833333,0
2006-09-08,0.52,16.0494791667,0
2006-09-09,0.478,15.5796875,0
2006-09-10,0.431,16.7036458333,0
2006-09-11,0.413,18.9541666667,0
2006-09-12,0.401,20.9505208333,0
2006-09-13,0.4,21.7557291667,0
2006-09-14,0.392,22.1026041667,0
2006-09-15,0.392,21.6609375,0
2006-09-16,0.383,20.5567708333,0
2006-09-17,0.382,19.271875,0
2006-09-18,0.419,17.4984375,0
2006-09-19,0.411,16.0041666667,0
2006-09-20,0.401,16.1333333333,0
2006-09-21,0.392,17.1473958333,0
2006-09-22,0.381,18.3322916667,0
2006-09-23,0.39,19.4489583333,0
2006-09-24,0.389,18.8796875,0
2006-09-25,0.387,17.8411458333,0
2006-09-26,0.381,16.9166666667,0
2006-09-27,0.381,16.2270833333,0
2006-09-28,0.37,16.46875,0
2006-09-29,0.384,16.821875,0
2006-09-30,0.388,17.1802083333,0
2006-10-01,0.38,17.1364583333,0
2006-10-02,0.38,16.2109375,0
2006-10-03,0.37,14.9453125,0
2006-10-04,0.369,13.8822916667,0
2006-10-05,0.401,13.6166666667,0
2006-10-06,0.396,13.4005208333,0
2006-10-07,0.724,13.1052083333,0
2006-10-08,0.586,13.3015625,0
2006-10-09,0.509,13.3088541667,0
2006-10-10,0.479,13.8864583333,0
2006-10-11,0.452,15.1640625,0
2006-10-12,0.428,15.4567708333,0
2006-10-13,0.411,14.8401041667,0
2006-10-14,0.428,13.7083333333,0
2006-10-15,0.403,12.0375,0
2006-10-16,0.399,11.1036458333,0
2006-10-17,0.399,11.3869791667,0
2006-10-18,0.397,12.2354166667,0
2006-10-19,0.399,13.7260416667,0
2006-10-20,0.398,14.7619791667,0
2006-10-21,0.441,15.1588541667,0
2006-10-22,0.399,15.759375,0
2006-10-23,0.399,15.2890625,0
2006-10-24,2.842,14.6213541667,0
2006-10-25,1.776,15.2572916667,0
2006-10-26,1.386,14.9828125,0
2006-10-27,0.918,15.003125,0
2006-10-28,0.7,15.39375,0
2006-10-29,0.614,13.7958333333,0
2006-10-30,0.572,12.7645833333,0
2006-10-31,0.536,10.9442708333,0
2006-11-01,0.53,8.0661458333,0
2006-11-02,0.509,6.7609375,0
2006-11-03,0.481,6.0359375,0
2006-11-04,0.453,6.8322916667,0
2006-11-05,0.453,8.5369791667,0
2006-11-06,0.453,8.971875,0
2006-11-07,0.428,9.1588541667,0
2006-11-08,0.428,8.9416666667,0
2006-11-09,0.433,7.9125,0
2006-11-10,0.597,7.8958333333,0
2006-11-11,0.61,7.46875,0
2006-11-12,1.009,7.596875,0
2006-11-13,2.18,9.40625,0
2006-11-14,4.632,10.6723958333,0
2006-11-15,3.532,12.5625,0
2006-11-16,2.768,13.1239583333,0
2006-11-17,2.023,11.9484375,0
2006-11-18,1.508,10.4125,0
2006-11-19,1.196,8.1020833333,0
2006-11-20,1.568,7.1067708333,0
2006-11-21,2.84,6.5765625,0
2006-11-22,3.952,7.1578125,0
2006-11-23,2.741,8.3447916667,0
2006-11-24,5.576,10.3979166667,0
2006-11-25,4.693,11.6505208333,0
2006-11-26,3.191,12.3270833333,0
2006-11-27,2.49,12.0713541667,0
2006-11-28,1.738,10.0140625,0
2006-11-29,1.223,8.5385416667,0
2006-11-30,0.952,7.5796875,0
2006-12-01,0.812,7.3473958333,0
2006-12-02,0.724,8.0786458333,0
2006-12-03,0.677,9.2697916667,0
2006-12-04,0.823,10.8260416667,0
2006-12-05,1.032,11.14375,0
2006-12-06,2.361,10.5671875,0
2006-12-07,2.041,10.7083333333,0
2006-12-08,1.947,8.8885416667,0
2006-12-09,1.667,7.5536458333,0
2006-12-10,1.503,6.7927083333,0
2006-12-11,1.176,5.9151041667,0
2006-12-12,3.296,6.2338541667,0
2006-12-13,5.434,6.9213541667,0
2006-12-14,4.081,7.1109375,0
2006-12-15,2.938,7.0760416667,0
2006-12-16,2.061,6.2494791667,0
2006-12-17,1.592,5.4151041667,0
2006-12-18,1.192,4.7442708333,0
2006-12-19,0.955,3.3942708333,0
2006-12-20,0.858,3.1921875,0
2006-12-21,0.779,3.046875,0
2006-12-22,0.724,2.8578125,0
2006-12-23,0.668,2.41875,0
2006-12-24,0.615,1.4578125,0
2006-12-25,0.589,0.8515625,0
2006-12-26,0.553,0.1,0
2006-12-27,0.517,0.4,0
2006-12-28,0.51,1.3671875,0
2006-12-29,0.517,2.940625,0
2006-12-30,0.501,5.8505208333,0
2006-12-31,0.689,7.2854166667,0
2007-01-01,0.585,7.5161458333,0
2007-01-02,1.075,7.328125,0
2007-01-03,1.665,6.8505208333,0
2007-01-04,1.64,7.0197916667,0
2007-01-05,2.388,8.2614583333,0
2007-01-06,2.931,8.7041666667,0
2007-01-07,5.895,8.9963541667,0
2007-01-08,5.605,10.1901041667,0
2007-01-09,4.041,10.5411458333,0
2007-01-10,3.154,10.3755208333,0
2007-01-11,3.258,10.4640625,0
2007-01-12,6.411,10.0083333333,0
2007-01-13,4.741,8.896875,0
2007-01-14,3.159,7.8984375,0
2007-01-15,2.314,6.9942708333,0
2007-01-16,1.9,6.6322916667,0
2007-01-17,1.494,7.7802083333,0
2007-01-18,1.855,9.38125,0
2007-01-19,11.229,10.6364583333,0
2007-01-20,6.326,9.7703125,0
2007-01-21,4.059,7.41875,0
2007-01-22,3,4.1098958333,0
2007-01-23,2.186,0.3197916667,0
2007-01-24,1.733,0.1,0
2007-01-25,1.27,0.1,0
2007-01-26,1.01,0.1,0
2007-01-27,0.927,0.5479166667,0
2007-01-28,0.826,3.3083333333,0
2007-01-29,1.673,5.6786458333,0
2007-01-30,1.392,6.6229166667,0
2007-01-31,1.451,7.2770833333,0
2007-02-01,1.344,7.5130208333,0
2007-02-02,1.127,7.0270833333,0
2007-02-03,0.971,6.3760416667,0
2007-02-04,0.878,5.0317708333,0
2007-02-05,0.813,3.4234375,0
2007-02-06,0.805,2.2515625,0
2007-02-07,0.751,1.6901041667,0
2007-02-08,0.702,2.2057291667,0
2007-02-09,0.715,3.0510416667,0
2007-02-10,0.74,4.91875,0
2007-02-11,0.76,6.40625,0
2007-02-12,1.876,7.1546875,0
2007-02-13,3.541,7.2947916667,0
2007-02-14,4.738,6.9510416667,0
2007-02-15,4.045,6.6427083333,0
2007-02-16,3.339,6.615625,0
2007-02-17,2.461,6.1796875,0
2007-02-18,1.749,5.7020833333,0
2007-02-19,1.27,5.7020833333,0
2007-02-20,1.037,5.7989583333,0
2007-02-21,0.885,6.8057291667,0
2007-02-22,0.854,8.0791666667,0
2007-02-23,0.717,8.7697916667,0
2007-02-24,0.718,8.846875,0
2007-02-25,0.734,8.5953125,0
2007-02-26,1.184,7.6927083333,0
2007-02-27,1.814,7.8260416667,0
2007-02-28,3.043,8.0828125,0
2007-03-01,4.136,8.0473958333,0
2007-03-02,8.21,8.0463541667,0
2007-03-03,4.377,7.7567708333,0
2007-03-04,8.312,7.8541666667,0
2007-03-05,5.479,8.59375,0
2007-03-06,3.634,9.084375,0
2007-03-07,3.677,8.8067708333,0
2007-03-08,4.472,8.1286458333,0
2007-03-09,3.851,7.1901041667,0
2007-03-10,2.98,7.2729166667,0
2007-03-11,2.289,7.7760416667,0
2007-03-12,1.975,8.1515625,0
2007-03-13,1.564,8.7578125,0
2007-03-14,1.221,8.4755208333,0
2007-03-15,1.027,7.8755208333,0
2007-03-16,0.887,8.184375,0
2007-03-17,0.804,7.7083333333,0
2007-03-18,0.793,6.5994791667,0
2007-03-19,1.012,5.2041666667,0
2007-03-20,1.052,3.7875,0
2007-03-21,1.085,3.0104166667,0
2007-03-22,1.069,3.2677083333,0
2007-03-23,1.848,4.5203125,0
2007-03-24,2.793,6.0692708333,0
2007-03-25,2.354,8.4067708333,0
2007-03-26,1.74,10.4791666667,0
2007-03-27,1.283,11.65,0
2007-03-28,1.074,11.2609375,0
2007-03-29,0.912,10.4177083333,0
2007-03-30,0.794,10.3114583333,0
2007-03-31,0.75,10.7692708333,0
2007-04-01,0.651,11.8401041667,0
2007-04-02,0.593,11.1583333333,0
2007-04-03,0.552,10.0208333333,0
2007-04-04,0.549,8.3880208333,0
2007-04-05,0.519,7.8494791667,0
2007-04-06,0.517,8.1734375,0
2007-04-07,0.486,8.4401041667,0
2007-04-08,0.484,9.225,0
2007-04-09,0.454,9.4791666667,0
2007-04-10,0.451,10.6083333333,0
2007-04-11,0.45,12.4786458333,0
2007-04-12,0.426,14.5817708333,0
2007-04-13,0.426,16.8015625,0
2007-04-14,0.426,18.6510416667,0
2007-04-15,0.408,19.5041666667,0
2007-04-16,0.408,18.075,0
2007-04-17,0.408,15.0817708333,0
2007-04-18,0.408,12.7067708333,0
2007-04-19,0.397,10.1161458333,0
2007-04-20,0.397,9.284375,0
2007-04-21,0.397,10.859375,0
2007-04-22,0.397,12.3661458333,0
2007-04-23,0.397,14.8515625,0
2007-04-24,0.397,17.7713541667,0
2007-04-25,0.397,19.134375,0
2007-04-26,0.387,19.8494791667,0
2007-04-27,0.388,20.025,0
2007-04-28,0.384,19.2213541667,0
2007-04-29,0.375,17.9203125,0
2007-04-30,0.375,16.896875,0
2007-05-01,0.375,15.6354166667,0
2007-05-02,0.375,14.8166666667,0
2007-05-03,0.375,15.2744791667,0
2007-05-04,0.375,15.7427083333,0
2007-05-05,0.375,15.8619791667,0
2007-05-06,0.363,15.8395833333,0
2007-05-07,0.363,14.9630208333,0
2007-05-08,0.649,13.6151041667,0
2007-05-09,0.773,14.0197916667,0
2007-05-10,0.694,13.9692708333,0
2007-05-11,0.633,14.2546875,0
2007-05-12,0.606,15.4239583333,0
2007-05-13,0.695,15.1697916667,0
2007-05-14,0.695,14.5864583333,0
2007-05-15,0.633,13.8567708333,0
2007-05-16,1.405,12.3260416667,0
2007-05-17,2.514,12.0317708333,0
2007-05-18,1.986,13.0416666667,0
2007-05-19,1.32,14.9411458333,0
2007-05-20,1.031,17.2921875,0
2007-05-21,0.797,18.4260416667,0
2007-05-22,0.629,18.9875,0
2007-05-23,0.582,19.3640625,0
2007-05-24,0.543,19.6583333333,0
2007-05-25,0.518,19.3776041667,0
2007-05-26,0.499,18.5578125,0
2007-05-27,0.71,16.2640625,0
2007-05-28,0.609,13.7666666667,0
2007-05-29,0.853,12.6484375,0
2007-05-30,0.937,12.3192708333,0
2007-05-31,0.953,13.2427083333,0
2007-06-01,0.865,14.8755208333,0
2007-06-02,0.702,16.071875,0
2007-06-03,0.601,17.3333333333,0
2007-06-04,0.566,18.2786458333,0
2007-06-05,0.533,18.8963541667,0
2007-06-06,0.502,20.0458333333,0
2007-06-07,0.479,21.2109375,0
2007-06-08,0.455,21.278125,0
2007-06-09,0.434,20.9588541667,0
2007-06-10,0.429,20.078125,0
2007-06-11,0.42,18.4567708333,0
2007-06-12,0.409,18.5661458333,0
2007-06-13,0.409,18.8463541667,0
2007-06-14,0.399,18.675,0
2007-06-15,0.525,18.6989583333,0
2007-06-16,0.555,18.5671875,0
2007-06-17,0.702,18.334375,0
2007-06-18,0.482,19.0723958333,0
2007-06-19,0.459,20.025,0
2007-06-20,0.428,19.2791666667,0
2007-06-21,0.419,18.5817708333,0
2007-06-22,1.946,17.2536458333,0
2007-06-23,1.424,16.5609375,0
2007-06-24,1.422,16.7291666667,0
2007-06-25,1.074,16.0348958333,0
2007-06-26,1.298,15.3984375,0
2007-06-27,1.377,14.5078125,0
2007-06-28,1.247,14.1151041667,0
2007-06-29,1.007,15.0447916667,0
2007-06-30,1.282,16.7182291667,0
2007-07-01,0.897,17.53125,0
2007-07-02,0.849,17.3765625,0
2007-07-03,0.819,16.54375,0
2007-07-04,0.832,15.1567708333,0
2007-07-05,8.672,14.7161458333,0
2007-07-06,8.864,15.3208333333,0
2007-07-07,4.784,16.2916666667,0
2007-07-08,2.776,16.4083333333,0
2007-07-09,1.731,15.7791666667,0
2007-07-10,1.233,15.071875,0
2007-07-11,1.005,14.80625,0
2007-07-12,0.821,16.05625,0
2007-07-13,0.724,18.7385416667,0
2007-07-14,0.661,21.6197916667,0
2007-07-15,0.565,24.0635416667,0
2007-07-16,0.522,24.4125,0
2007-07-17,0.492,23.0760416667,0
2007-07-18,0.471,21.015625,0
2007-07-19,0.45,19.3723958333,0
2007-07-20,0.437,18.5578125,0
2007-07-21,0.431,18.2791666667,0
2007-07-22,0.42,17.9380208333,0
2007-07-23,0.418,16.9848958333,0
2007-07-24,0.426,17.00625,0
2007-07-25,0.488,17.8604166667,0
2007-07-26,0.426,18.8963541667,0
2007-07-27,0.415,19.5463541667,0
2007-07-28,0.419,18.5380208333,0
2007-07-29,0.615,16.3130208333,0
2007-07-30,3.112,14.596875,0
2007-07-31,2.363,14.1026041667,0
2007-08-01,1.666,14.4822916667,0
2007-08-02,1.127,15.4166666667,0
2007-08-03,0.995,16.7708333333,0
2007-08-04,0.746,18.2151041667,0
2007-08-05,0.633,19.934375,0
2007-08-06,0.567,20.2015625,0
2007-08-07,0.528,19.1802083333,0
2007-08-08,0.557,17.4572916667,0
2007-08-09,0.562,16.0994791667,0
2007-08-10,3.881,16.1026041667,0
2007-08-11,3.302,16.728125,0
2007-08-12,2.048,17.4739583333,0
2007-08-13,1.335,17.984375,0
2007-08-14,0.978,18.884375,0
2007-08-15,0.814,18.9614583333,0
2007-08-16,2.486,18.365625,0
2007-08-17,0.921,17.4916666667,0
2007-08-18,0.802,16.553125,0
2007-08-19,0.73,16.1255208333,0
2007-08-20,0.777,15.8125,0
2007-08-21,0.792,15.7760416667,0
2007-08-22,9.645,16.18125,0
2007-08-23,9.509,17.078125,0
2007-08-24,4.682,18.1385416667,0
2007-08-25,2.713,18.7854166667,0
2007-08-26,1.738,17.8239583333,0
2007-08-27,1.244,16.3255208333,0
2007-08-28,0.976,14.8666666667,0
2007-08-29,0.817,13.6052083333,0
2007-08-30,0.709,13.9307291667,0
2007-08-31,0.648,14.5947916667,0
2007-09-01,0.621,15.3651041667,0
2007-09-02,0.625,15.64375,0
2007-09-03,0.553,14.5,0
2007-09-04,0.877,13.2859375,0
2007-09-05,0.74,12.8369791667,0
2007-09-06,0.676,13.0046875,0
2007-09-07,0.625,13.6348958333,0
2007-09-08,0.591,14.3265625,0
2007-09-09,0.575,13.9260416667,0
2007-09-10,0.529,13.6098958333,0
2007-09-11,0.681,13.3989583333,0
2007-09-12,0.56,13.2723958333,0
2007-09-13,0.523,13.6369791667,0
2007-09-14,0.511,13.5229166667,0
2007-09-15,0.499,14.0734375,0
2007-09-16,0.482,14.6416666667,0
2007-09-17,0.477,13.7510416667,0
2007-09-18,0.484,13.0916666667,0
2007-09-19,0.511,12.6947916667,0
2007-09-20,0.472,12.5244791667,0
2007-09-21,0.457,13.6125,0
2007-09-22,0.445,15.2,0
2007-09-23,0.436,15.703125,0
2007-09-24,0.427,14.9375,0
2007-09-25,0.456,13.7333333333,0
2007-09-26,0.437,11.9880208333,0
2007-09-27,0.476,11.1411458333,0
2007-09-28,0.611,11.3015625,0
2007-09-29,0.748,11.9880208333,0
2007-09-30,2.31,12.7864583333,0
2007-10-01,2.121,13.4854166667,0
2007-10-02,1.611,14.4354166667,0
2007-10-03,1.144,14.9911458333,0
2007-10-04,0.977,14.565625,0
2007-10-05,0.842,13.6135416667,0
2007-10-06,0.751,11.9807291667,0
2007-10-07,0.676,10.6223958333,0
2007-10-08,0.628,10.4067708333,0
2007-10-09,0.588,10.7984375,0
2007-10-10,0.545,11.0104166667,0
2007-10-11,0.517,11.6864583333,0
2007-10-12,0.497,11.9796875,0
2007-10-13,0.492,11.4833333333,0
2007-10-14,0.47,12.09375,0
2007-10-15,0.458,12.6859375,0
2007-10-16,0.446,12.8208333333,0
2007-10-17,0.443,12.2458333333,0
2007-10-18,0.49,10.6546875,0
2007-10-19,0.448,8.1614583333,0
2007-10-20,0.439,6.371875,0
2007-10-21,0.429,5.1416666667,0
2007-10-22,0.433,4.1989583333,0
2007-10-23,0.424,4.2572916667,0
2007-10-24,0.421,5.0796875,0
2007-10-25,0.417,6.24375,0
2007-10-26,0.403,7.5036458333,0
2007-10-27,0.401,8.3208333333,0
2007-10-28,0.398,8.31875,0
2007-10-29,0.397,8.3161458333,0
2007-10-30,0.762,7.4854166667,0
2007-10-31,0.578,7.1291666667,0
2007-11-01,0.532,7.6973958333,0
2007-11-02,0.519,8.6640625,0
2007-11-03,0.524,9.74375,0
2007-11-04,0.534,10.1552083333,0
2007-11-05,0.517,9.31875,0
2007-11-06,0.559,8.38125,0
2007-11-07,0.686,8.5229166667,0
2007-11-08,1.555,7.6447916667,0
2007-11-09,2.485,7.5541666667,0
2007-11-10,3.691,7.425,0
2007-11-11,9.374,6.3151041667,0
2007-11-12,9.203,6.0796875,0
2007-11-13,4.504,4.6447916667,0
2007-11-14,3.879,2.7692708333,0
2007-11-15,2.756,1.8302083333,0
2007-11-16,2.363,1.4333333333,0
2007-11-17,1.821,1.8625,0
2007-11-18,1.422,2.6182291667,0
2007-11-19,1.204,3.828125,0
2007-11-20,1.041,5.2229166667,0
2007-11-21,0.892,6.5697916667,0
2007-11-22,0.804,7.2119791667,0
2007-11-23,0.723,6.2234375,0
2007-11-24,0.659,5.6302083333,0
2007-11-25,0.628,4.5135416667,0
2007-11-26,0.987,4.0078125,0
2007-11-27,0.917,3.9114583333,0
2007-11-28,0.954,3.2807291667,0
2007-11-29,0.952,3.8661458333,0
2007-11-30,1.269,4.8885416667,0
2007-12-01,1.153,6.7182291667,0
2007-12-02,3.595,7.6458333333,0
2007-12-03,6.387,7.590625,0
2007-12-04,5.498,8.19375,0
2007-12-05,4.472,8.3552083333,0
2007-12-06,3.466,9.0932291667,0
2007-12-07,7.292,9.084375,0
2007-12-08,9.048,8.3046875,0
2007-12-09,5.569,7.3546875,0
2007-12-10,3.894,6.2005208333,0
2007-12-11,4.879,5.7104166667,0
2007-12-12,4.125,4.8854166667,0
2007-12-13,2.997,3.7057291667,0
2007-12-14,2.193,2.4151041667,0
2007-12-15,1.635,0.9182291667,0
2007-12-16,1.265,0.1,0
2007-12-17,1.055,0.1,0
2007-12-18,0.911,0.1,0
2007-12-19,0.809,0.1,0
2007-12-20,0.739,0.1,0
2007-12-21,0.688,0.1,0
2007-12-22,0.65,0.1,0
2007-12-23,0.606,0.1,0
2007-12-24,0.577,0.1,0
2007-12-25,0.55,0.1,0
2007-12-26,0.529,0.5807291667,0
2007-12-27,0.503,1.8692708333,0
2007-12-28,0.485,3.0984375,0
2007-12-29,0.482,4.2390625,0
2007-12-30,0.519,4.4567708333,0
2007-12-31,0.708,3.3010416667,0
2008-01-01,0.623,1.796875,0
2008-01-02,0.586,0.709375,0
2008-01-03,0.574,0.3588541667,0
2008-01-04,0.577,1.8598958333,0
2008-01-05,0.563,3.5322916667,0
2008-01-06,0.691,5.0296875,0
2008-01-07,0.734,5.7369791667,0
2008-01-08,1.034,5.3369791667,0
2008-01-09,1.043,5.7328125,0
2008-01-10,1.346,6.7229166667,0
2008-01-11,1.412,6.9927083333,0
2008-01-12,1.338,6.6786458333,0
2008-01-13,1.109,6.4739583333,0
2008-01-14,0.993,5.9869791667,0
2008-01-15,0.932,6.4255208333,0
2008-01-16,0.88,7.3473958333,0
2008-01-17,0.952,8.3598958333,0
2008-01-18,1.043,9.3411458333,0
2008-01-19,1.537,10.4380208333,0
2008-01-20,7.784,11.1848958333,0
2008-01-21,7.489,10.0416666667,0
2008-01-22,7.719,7.8677083333,0
2008-01-23,6.287,6.5578125,0
2008-01-24,3.63,5.1911458333,0
2008-01-25,2.589,5.9322916667,0
2008-01-26,1.759,6.6375,0
2008-01-27,1.417,6.6661458333,0
2008-01-28,1.187,6.596875,0
2008-01-29,1.023,5.084375,0
2008-01-30,0.902,4.0119791667,0
2008-01-31,0.841,3.41875,0
2008-02-01,0.837,2.7927083333,0
2008-02-02,0.96,2.8682291667,0
2008-02-03,0.96,3.3854166667,0
2008-02-04,0.953,3.765625,0
2008-02-05,1.406,5.1536458333,0
2008-02-06,2.587,5.6416666667,0
2008-02-07,5.296,5.9171875,0
2008-02-08,3.791,5.8901041667,0
2008-02-09,2.537,5.2791666667,0
2008-02-10,1.762,5.5890625,0
2008-02-11,1.297,5.3380208333,0
2008-02-12,1.047,4.4911458333,0
2008-02-13,0.886,3.4244791667,0
2008-02-14,0.78,2.6307291667,0
2008-02-15,0.714,1.3088541667,0
2008-02-16,0.641,0.7916666667,0
2008-02-17,0.592,0.5458333333,0
2008-02-18,0.564,0.6385416667,0
2008-02-19,0.541,1.7322916667,0
2008-02-20,0.531,3.1578125,0
2008-02-21,0.525,5.5234375,0
2008-02-22,0.524,7.3494791667,0
2008-02-23,0.503,8.2385416667,0
2008-02-24,0.484,8.8921875,0
2008-02-25,0.479,9.278125,0
2008-02-26,0.484,8.5723958333,0
2008-02-27,0.908,8.6260416667,0
2008-02-28,0.626,8.384375,0
2008-02-29,0.615,7.8942708333,0
2008-03-01,2.266,8.7015625,0
2008-03-02,5.09,8.3760416667,0
2008-03-03,4.374,7.1765625,0
2008-03-04,3.202,5.1885416667,0
2008-03-05,2.296,3.55625,0
2008-03-06,1.612,3.7479166667,0
2008-03-07,1.308,4.5447916667,0
2008-03-08,1.064,6.325,0
2008-03-09,0.916,7.3135416667,0
2008-03-10,0.824,7.5890625,0
2008-03-11,0.771,8.00625,0
2008-03-12,2.39,7.99375,0
2008-03-13,1.813,7.990625,0
2008-03-14,1.834,8.1692708333,0
2008-03-15,1.926,8.4479166667,0
2008-03-16,1.822,7.6796875,0
2008-03-17,3.364,6.6723958333,0
2008-03-18,3.413,5.2692708333,0
2008-03-19,2.52,3.9317708333,0
2008-03-20,1.811,3.6505208333,0
2008-03-21,4.226,3.246875,0
2008-03-22,6.356,2.4494791667,0
2008-03-23,4.522,1.3447916667,0
2008-03-24,3.306,0.4765625,0
2008-03-25,2.441,0.3104166667,0
2008-03-26,1.812,1.5067708333,0
2008-03-27,1.578,3.5369791667,0
2008-03-28,2.293,5.7958333333,0
2008-03-29,3.094,8.365625,0
2008-03-30,2.534,9.7994791667,0
2008-03-31,2.085,10.2447916667,0
2008-04-01,1.533,9.9098958333,0
2008-04-02,1.31,8.621875,0
2008-04-03,1.233,7.784375,0
2008-04-04,0.976,7.0729166667,0
2008-04-05,0.939,5.9953125,0
2008-04-06,1.186,5.2739583333,0
2008-04-07,1.433,4.4583333333,0
2008-04-08,1.462,4.2505208333,0
2008-04-09,1.272,5.1739583333,0
2008-04-10,1.096,6.3114583333,0
2008-04-11,0.921,7.5208333333,0
2008-04-12,0.81,8.2302083333,0
2008-04-13,0.718,8.13125,0
2008-04-14,0.717,7.3973958333,0
2008-04-15,1.112,6.0286458333,0
2008-04-16,1.14,5.3046875,0
2008-04-17,1.141,5.7661458333,0
2008-04-18,1.06,6.5458333333,0
2008-04-19,0.944,8.4932291667,0
2008-04-20,0.857,10.2182291667,0
2008-04-21,0.743,10.7026041667,0
2008-04-22,0.677,11.8802083333,0
2008-04-23,0.617,12.3807291667,0
2008-04-24,0.576,12.0890625,0
2008-04-25,0.584,12.6682291667,0
2008-04-26,0.547,13.3046875,0
2008-04-27,0.53,13.0307291667,0
2008-04-28,0.522,13.1442708333,0
2008-04-29,0.564,13.05625,0
2008-04-30,0.531,11.7494791667,0
2008-05-01,0.514,11.4765625,0
2008-05-02,0.58,11.7067708333,0
2008-05-03,0.506,12.2729166667,0
2008-05-04,0.491,13.4130208333,0
2008-05-05,0.482,15.0067708333,0
2008-05-06,0.47,16.0619791667,0
2008-05-07,0.464,16.6630208333,0
2008-05-08,0.457,17.5453125,0
2008-05-09,0.427,18.2098958333,0
2008-05-10,0.439,18.7859375,0
2008-05-11,0.407,19.2223958333,0
2008-05-12,0.405,19.3036458333,0
2008-05-13,0.411,19.0661458333,0
2008-05-14,0.406,18.3734375,0
2008-05-15,0.402,17.85625,0
2008-05-16,0.403,16.7546875,0
2008-05-17,0.399,14.8234375,0
2008-05-18,0.409,13.4333333333,0
2008-05-19,0.402,12.3828125,0
2008-05-20,0.397,12.1171875,0
2008-05-21,0.393,13.1390625,0
2008-05-22,0.388,14.509375,0
2008-05-23,0.388,15.61875,0
2008-05-24,0.38,16.965625,0
2008-05-25,0.378,17.8484375,0
2008-05-26,0.386,18.9598958333,0
2008-05-27,0.384,20.103125,0
2008-05-28,0.381,20.5125,0
2008-05-29,0.395,20.4932291667,0
2008-05-30,0.372,19.2885416667,0
2008-05-31,0.399,18.7979166667,0
2008-06-01,0.383,19.1890625,0
2008-06-02,0.398,19.40625,0
2008-06-03,0.38,19.8645833333,0
2008-06-04,0.386,19.5140625,0
2008-06-05,0.399,18.6244791667,0
2008-06-06,0.437,17.6723958333,0
2008-06-07,0.395,17.6338541667,0
2008-06-08,0.389,17.9848958333,0
2008-06-09,0.38,18.321875,0
2008-06-10,0.374,18.0171875,0
2008-06-11,0.369,16.134375,0
2008-06-12,0.369,14.1052083333,0
2008-06-13,0.477,12.13125,0
2008-06-14,0.397,11.5359375,0
2008-06-15,0.416,12.1901041667,0
2008-06-16,0.394,12.9223958333,0
2008-06-17,0.386,14.3854166667,0
2008-06-18,0.381,15.8307291667,0
2008-06-19,0.376,16.5885416667,0
2008-06-20,0.381,17.3536458333,0
2008-06-21,0.372,18.6041666667,0
2008-06-22,0.374,18.5161458333,0
2008-06-23,0.525,19.3645833333,0
2008-06-24,0.386,19.6854166667,0
2008-06-25,0.376,18.3869791667,0
2008-06-26,0.403,18.2197916667,0
2008-06-27,0.382,18.1427083333,0
2008-06-28,0.381,18.1848958333,0
2008-06-29,0.38,18.4369791667,0
2008-06-30,0.369,19.5130208333,0
2008-07-01,0.365,20.8895833333,0
2008-07-02,0.362,20.4666666667,0
2008-07-03,0.395,19.8416666667,0
2008-07-04,0.444,19.0505208333,0
2008-07-05,0.387,17.6322916667,0
2008-07-06,0.379,17.3598958333,0
2008-07-07,0.373,17.29375,0
2008-07-08,0.375,16.7208333333,0
2008-07-09,0.387,17.1880208333,0
2008-07-10,0.404,17.3260416667,0
2008-07-11,0.392,17.4494791667,0
2008-07-12,0.436,17.2651041667,0
2008-07-13,0.412,16.0041666667,0
2008-07-14,0.395,16.5572916667,0
2008-07-15,0.387,16.8671875,0
2008-07-16,0.38,16.7052083333,0
2008-07-17,0.397,16.615625,0
2008-07-18,0.392,16.2479166667,0
2008-07-19,0.421,15.4552083333,0
2008-07-20,0.486,14.9401041667,0
2008-07-21,0.5,14.6208333333,0
2008-07-22,0.842,14.1786458333,0
2008-07-23,0.67,15.5015625,0
2008-07-24,0.596,18.0255208333,0
2008-07-25,0.536,19.7885416667,0
2008-07-26,0.496,20.9489583333,0
2008-07-27,0.571,21.7510416667,0
2008-07-28,0.622,21.4197916667,0
2008-07-29,0.566,21.7453125,0
2008-07-30,0.545,22.6489583333,0
2008-07-31,0.496,22.5375,0
2008-08-01,0.461,22.1135416667,0
2008-08-02,0.44,21.5546875,0
2008-08-03,0.436,20.1520833333,0
2008-08-04,0.466,18.978125,0
2008-08-05,1.063,19.70625,0
2008-08-06,0.756,20.0171875,0
2008-08-07,0.637,19.6760416667,0
2008-08-08,0.595,19.6135416667,0
2008-08-09,0.861,18.5947916667,0
2008-08-10,0.633,17.859375,0
2008-08-11,0.692,18.1171875,0
2008-08-12,0.651,18.0947916667,0
2008-08-13,2.082,17.6588541667,0
2008-08-14,1.681,16.965625,0
2008-08-15,1.051,16.5307291667,0
2008-08-16,0.763,16.8677083333,0
2008-08-17,0.627,17.6197916667,0
2008-08-18,0.56,18.49375,0
2008-08-19,0.562,18.5411458333,0
2008-08-20,0.503,18.5463541667,0
2008-08-21,0.494,17.7333333333,0
2008-08-22,0.462,16.4671875,0
2008-08-23,0.618,16.2411458333,0
2008-08-24,0.533,15.6026041667,0
2008-08-25,0.497,16.0536458333,0
2008-08-26,0.488,17.0223958333,0
2008-08-27,0.471,17.5088541667,0
2008-08-28,0.462,17.953125,0
2008-08-29,0.455,18.1442708333,0
2008-08-30,0.441,18.9755208333,0
2008-08-31,0.429,19.0463541667,0
2008-09-01,0.687,18.9234375,0
2008-09-02,0.47,17.3666666667,0
2008-09-03,0.495,15.3552083333,0
2008-09-04,0.482,14.7703125,0
2008-09-05,0.454,14.690625,0
2008-09-06,0.63,15.5078125,0
2008-09-07,0.545,16.184375,0
2008-09-08,0.541,16.6526041667,0
2008-09-09,0.526,17.1557291667,0
2008-09-10,0.504,17.9895833333,0
2008-09-11,0.484,17.7729166667,0
2008-09-12,0.471,16.5,0
2008-09-13,0.514,14.2026041667,0
2008-09-14,0.487,11.7453125,0
2008-09-15,0.443,10.5708333333,0
2008-09-16,0.445,10.0234375,0
2008-09-17,0.428,9.8947916667,0
2008-09-18,0.419,9.9953125,0
2008-09-19,0.41,9.9901041667,0
2008-09-20,0.403,9.8869791667,0
2008-09-21,0.398,10.1145833333,0
2008-09-22,0.4,10.5333333333,0
2008-09-23,0.398,11.0984375,0
2008-09-24,0.425,11.5354166667,0
2008-09-25,0.399,11.765625,0
2008-09-26,0.393,11.678125,0
2008-09-27,0.389,11.2817708333,0
2008-09-28,0.388,10.86875,0
2008-09-29,0.388,10.6739583333,0
2008-09-30,0.39,10.9604166667,0
2008-10-01,1.829,10.659375,0
2008-10-02,4.043,10.1328125,0
2008-10-03,2.638,9.7265625,0
2008-10-04,2.18,9.3447916667,0
2008-10-05,1.669,10.2078125,0
2008-10-06,6.788,11.9619791667,0
2008-10-07,6.082,13.0671875,0
2008-10-08,3.253,13.0427083333,0
2008-10-09,1.886,12.4265625,0
2008-10-10,1.189,12.0104166667,0
2008-10-11,0.918,12.0890625,0
2008-10-12,0.772,13.2515625,0
2008-10-13,0.685,14.165625,0
2008-10-14,0.621,14.2619791667,0
2008-10-15,0.58,13.4692708333,0
2008-10-16,0.638,11.7401041667,0
2008-10-17,0.842,10.0609375,0
2008-10-18,0.756,9.046875,0
2008-10-19,0.733,9.53125,0
2008-10-20,0.685,10.4395833333,0
2008-10-21,0.643,10.4984375,0
2008-10-22,0.621,9.8213541667,0
2008-10-23,0.569,8.9302083333,0
2008-10-24,0.543,8.5328125,0
2008-10-25,0.528,9.4572916667,0
2008-10-26,0.515,9.9916666667,0
2008-10-27,0.638,8.7864583333,0
2008-10-28,1.16,6.9348958333,0
2008-10-29,1.17,5.0557291667,0
2008-10-30,0.995,4.1958333333,0
2008-10-31,0.862,5.1828125,0
2008-11-01,0.752,6.9130208333,0
2008-11-02,0.683,8.0979166667,0
2008-11-03,0.617,8.8427083333,0
2008-11-04,0.587,8.9182291667,0
2008-11-05,0.565,8.8140625,0
2008-11-06,0.554,8.8072916667,0
2008-11-07,0.543,9.0666666667,0
2008-11-08,0.531,9.5098958333,0
2008-11-09,0.513,10.54375,0
2008-11-10,0.546,11.1947916667,0
2008-11-11,0.673,10.8161458333,0
2008-11-12,0.879,10.0947916667,0
2008-11-13,0.914,8.3416666667,0
2008-11-14,0.808,7.9494791667,0
2008-11-15,0.737,8.1854166667,0
2008-11-16,0.693,7.4453125,0
2008-11-17,0.694,7.2895833333,0
2008-11-18,0.664,6.7932291667,0
2008-11-19,0.769,6.8447916667,0
2008-11-20,0.688,6.9546875,0
2008-11-21,1.655,5.7197916667,0
2008-11-22,4.663,3.965625,0
2008-11-23,3.345,1.8333333333,0
2008-11-24,2.427,1.0604166667,0
2008-11-25,1.899,1.771875,0
2008-11-26,1.662,2.4265625,0
2008-11-27,1.592,2.4635416667,0
2008-11-28,2.07,2.4984375,0
2008-11-29,2.417,2.0072916667,0
2008-11-30,1.856,1.7520833333,0
2008-12-01,1.421,2.4479166667,0
2008-12-02,1.098,2.3869791667,0
2008-12-03,1.003,2.5666666667,0
2008-12-04,1.005,3.4546875,0
2008-12-05,1.624,3.8036458333,0
2008-12-06,3.94,4.50625,0
2008-12-07,5.023,4.09375,0
2008-12-08,3.689,2.6276041667,0
2008-12-09,2.657,1.8854166667,0
2008-12-10,1.94,0.9078125,0
2008-12-11,1.424,0.6213541667,0
2008-12-12,1.07,0.5776041667,0
2008-12-13,0.87,0.6333333333,0
2008-12-14,0.834,0.5114583333,0
2008-12-15,0.751,0.590625,0
2008-12-16,0.668,0.4984375,0
2008-12-17,0.61,0.7083333333,0
2008-12-18,0.603,2.0427083333,0
2008-12-19,0.55,3.7822916667,0
2008-12-20,0.597,5.9375,0
2008-12-21,4.488,7.1984375,0
2008-12-22,4.692,7.278125,0
2008-12-23,5.121,6.7380208333,0
2008-12-24,3.573,5.6067708333,0
2008-12-25,2.42,3.4411458333,0
2008-12-26,1.662,1.2052083333,0
2008-12-27,1.182,0.1,0
2008-12-28,0.95,0.1,0
2008-12-29,0.839,0.1,0
2008-12-30,0.707,0.1,0
2008-12-31,0.637,0.1,0
2009-01-01,0.611,0.1,0
2009-01-02,0.552,0.1,0
2009-01-03,0.541,0.1,0
2009-01-04,0.5,0.1,0
2009-01-05,0.5,0.1,0
2009-01-06,0.499,0.1,0
2009-01-07,0.85,0.1,0
2009-01-08,0.719,0.1,0
2009-01-09,0.695,0.1,0
2009-01-10,0.604,0.1,0
2009-01-11,0.642,0.1,0
2009-01-12,0.604,0.1,0
2009-01-13,0.568,0.5390625,0
2009-01-14,0.568,1.8973958333,0
2009-01-15,0.533,2.14375,0
2009-01-16,0.498,2.2838541667,0
2009-01-17,0.498,3.0463541667,0
2009-01-18,0.464,3.8989583333,0
2009-01-19,1.177,4.4046875,0
2009-01-20,1.285,3.821875,0
2009-01-21,0.832,3.3677083333,0
2009-01-22,0.709,3.115625,0
2009-01-23,0.903,3.1572916667,0
2009-01-24,5.925,3.1354166667,0
2009-01-25,3.941,2.4713541667,0
2009-01-26,2.499,1.509375,0
2009-01-27,1.644,1.0229166667,0
2009-01-28,1.145,0.7041666667,0
2009-01-29,0.917,0.3192708333,0
2009-01-30,0.723,0.2416666667,0
2009-01-31,0.642,0.1,0
2009-02-01,0.612,0.3552083333,0
2009-02-02,0.553,1.3807291667,0
2009-02-03,0.546,1.8645833333,0
2009-02-04,0.536,3.3661458333,0
2009-02-05,0.499,4.1901041667,0
2009-02-06,0.498,4.0973958333,0
2009-02-07,0.498,3.9651041667,0
2009-02-08,0.498,3.0895833333,0
2009-02-09,0.498,2.7234375,0
2009-02-10,0.54,2.6557291667,0
2009-02-11,2.692,2.3713541667,0
2009-02-12,2.508,2.0901041667,0
2009-02-13,1.926,0.9401041667,0
2009-02-14,1.553,0.1,0
2009-02-15,1.171,0.6770833333,0
2009-02-16,1.002,1.4609375,0
2009-02-17,3.013,1.040625,0
2009-02-18,6.803,1.5338541667,0
2009-02-19,4.002,1.6291666667,0
2009-02-20,2.579,1.7307291667,0
2009-02-21,2.284,3.6484375,0
2009-02-22,2.369,4.9229166667,0
2009-02-23,3.668,4.896875,0
2009-02-24,3.3,4.7484375,0
2009-02-25,2.499,5.090625,0
2009-02-26,1.933,5.4916666667,0
2009-02-27,1.59,6.60625,0
2009-02-28,2.12,7.7921875,0
2009-03-01,2.624,7.8432291667,0
2009-03-02,2.274,7.534375,0
2009-03-03,1.747,7.240625,0
2009-03-04,1.463,6.1609375,0
2009-03-05,1.322,5.4453125,0
2009-03-06,1.494,5.3901041667,0
2009-03-07,2.349,5.4947916667,0
2009-03-08,2.708,5.69375,0
2009-03-09,3.04,5.9776041667,0
2009-03-10,3.079,5.9552083333,0
2009-03-11,5.37,5.7104166667,0
2009-03-12,4.636,6.4458333333,0
2009-03-13,4.936,7.3848958333,0
2009-03-14,4.499,8.0776041667,0
2009-03-15,3.199,8.2739583333,0
2009-03-16,2.286,8.0078125,0
2009-03-17,1.599,6.7302083333,0
2009-03-18,1.32,5.6859375,0
2009-03-19,1.163,4.8338541667,0
2009-03-20,0.954,4.1239583333,0
2009-03-21,0.847,4.4494791667,0
2009-03-22,0.763,5.2015625,0
2009-03-23,0.694,5.059375,0
2009-03-24,0.924,4.9239583333,0
2009-03-25,0.846,5.2161458333,0
2009-03-26,2.484,5.2171875,0
2009-03-27,6.837,6.15625,0
2009-03-28,5.945,6.5671875,0
2009-03-29,3.988,6.0734375,0
2009-03-30,2.865,6.1489583333,0
2009-03-31,2.241,6.9552083333,0
2009-04-01,1.669,9.1208333333,0
2009-04-02,1.252,11.825,0
2009-04-03,1.014,13.5125,0
2009-04-04,0.893,13.9385416667,0
2009-04-05,0.777,14.1583333333,0
2009-04-06,0.714,13.9265625,0
2009-04-07,0.648,13.4619791667,0
2009-04-08,0.63,14.04375,0
2009-04-09,0.63,14.8557291667,0
2009-04-10,0.572,15.390625,0
2009-04-11,0.569,16.0260416667,0
2009-04-12,0.534,15.5067708333,0
2009-04-13,0.534,14.3645833333,0
2009-04-14,0.533,14.4104166667,0
2009-04-15,0.533,14.4255208333,0
2009-04-16,0.498,13.9734375,0
2009-04-17,0.498,12.8984375,0
2009-04-18,0.65,11.6921875,0
2009-04-19,0.576,11.2520833333,0
2009-04-20,0.535,12.059375,0
2009-04-21,0.533,12.3182291667,0
2009-04-22,0.533,11.7583333333,0
2009-04-23,0.533,11.6489583333,0
2009-04-24,0.498,11.8177083333,0
2009-04-25,0.498,13.1369791667,0
2009-04-26,0.498,14.0046875,0
2009-04-27,0.498,13.3114583333,0
2009-04-28,0.464,12.4786458333,0
2009-04-29,0.464,11.5421875,0
2009-04-30,0.464,11.8369791667,0
2009-05-01,0.464,12.8901041667,0
2009-05-02,0.464,13.0739583333,0
2009-05-03,0.464,12.3697916667,0
2009-05-04,0.464,11.3401041667,0
2009-05-05,0.447,10.8619791667,0
2009-05-06,0.429,11.8057291667,0
2009-05-07,0.429,12.9161458333,0
2009-05-08,0.429,13.2213541667,0
2009-05-09,0.429,13.9526041667,0
2009-05-10,0.429,13.3119791667,0
2009-05-11,0.429,12.9244791667,0
2009-05-12,0.429,13.746875,0
2009-05-13,0.429,13.7822916667,0
2009-05-14,0.429,14.1307291667,0
2009-05-15,0.397,14.4041666667,0
2009-05-16,0.397,14.2609375,0
2009-05-17,0.397,14.1765625,0
2009-05-18,0.397,14.2067708333,0
2009-05-19,0.397,14.9885416667,0
2009-05-20,0.397,15.6447916667,0
2009-05-21,0.397,15.6203125,0
2009-05-22,0.397,15.9890625,0
2009-05-23,0.397,16.9041666667,0
2009-05-24,0.397,17.6447916667,0
2009-05-25,0.397,18.4578125,0
2009-05-26,0.397,17.6921875,0
2009-05-27,0.397,16.4072916667,0
2009-05-28,0.397,14.9703125,0
2009-05-29,0.367,14.4322916667,0
2009-05-30,0.367,15.4520833333,0
2009-05-31,0.367,16.5359375,0
2009-06-01,0.367,17.365625,0
2009-06-02,0.367,16.5614583333,0
2009-06-03,0.397,15.0645833333,0
2009-06-04,0.397,13.0291666667,0
2009-06-05,0.397,11.00625,0
2009-06-06,0.397,10.8010416667,0
2009-06-07,0.389,11.8083333333,0
2009-06-08,0.397,13.25,0
2009-06-09,0.368,14.6526041667,0
2009-06-10,0.367,14.8380208333,0
2009-06-11,0.367,14.4697916667,0
2009-06-12,0.375,13.9890625,0
2009-06-13,0.39,14.6708333333,0
2009-06-14,0.397,15.3546875,0
2009-06-15,0.382,15.4666666667,0
2009-06-16,0.396,15.9604166667,0
2009-06-17,0.397,16.1489583333,0
2009-06-18,0.397,16.1635416667,0
2009-06-19,0.397,16.0567708333,0
2009-06-20,0.397,15.0671875,0
2009-06-21,0.397,13.6145833333,0
2009-06-22,0.397,13.8119791667,0
2009-06-23,0.367,15.2619791667,0
2009-06-24,0.367,17.0479166667,0
2009-06-25,0.367,19.1302083333,0
2009-06-26,0.367,19.8755208333,0
2009-06-27,0.367,20.2666666667,0
2009-06-28,0.367,20.7489583333,0
2009-06-29,0.367,21.0552083333,0
2009-06-30,0.367,22.0546875,0
2009-07-01,0.367,22.6864583333,0
2009-07-02,0.367,22.8401041667,0
2009-07-03,0.367,22.5489583333,0
2009-07-04,0.367,21.9208333333,0
2009-07-05,0.367,20.8744791667,0
2009-07-06,0.367,19.5317708333,0
2009-07-07,0.568,18.125,0
2009-07-08,0.542,16.6125,0
2009-07-09,0.603,15.1916666667,0
2009-07-10,0.533,14.8526041667,0
2009-07-11,0.604,15.3354166667,0
2009-07-12,0.533,16.7432291667,0
2009-07-13,0.498,18.8375,0
2009-07-14,0.498,20.2885416667,0
2009-07-15,0.498,21.2322916667,0
2009-07-16,0.464,21.1026041667,0
2009-07-17,0.464,19.5567708333,0
2009-07-18,0.464,18.4135416667,0
2009-07-19,0.429,17.6723958333,0
2009-07-20,0.429,18.2125,0
2009-07-21,0.429,19.9416666667,0
2009-07-22,0.429,20.4875,0
2009-07-23,0.429,20.4338541667,0
2009-07-24,0.397,19.0369791667,0
2009-07-25,0.397,17.946875,0
2009-07-26,0.397,18.3401041667,0
2009-07-27,0.397,18.3119791667,0
2009-07-28,0.397,19.6098958333,0
2009-07-29,0.397,19.7322916667,0
2009-07-30,0.397,18.6765625,0
2009-07-31,0.397,19.24375,0
2009-08-01,0.397,18.2072916667,0
2009-08-02,0.397,17.4744791667,0
2009-08-03,0.397,17.54375,0
2009-08-04,0.367,17.5984375,0
2009-08-05,0.367,18.8989583333,0
2009-08-06,0.367,20.8640625,0
2009-08-07,0.367,21.3427083333,0
2009-08-08,0.367,21.2208333333,0
2009-08-09,0.367,20.3135416667,0
2009-08-10,0.367,19.159375,0
2009-08-11,0.397,19.0041666667,0
2009-08-12,0.397,18.3234375,0
2009-08-13,0.604,17.7671875,0
2009-08-14,0.533,18.0557291667,0
2009-08-15,0.498,18.7270833333,0
2009-08-16,0.498,19.390625,0
2009-08-17,0.498,19.8734375,0
2009-08-18,0.464,20.6234375,0
2009-08-19,0.464,21.9046875,0
2009-08-20,0.464,21.3765625,0
2009-08-21,0.464,20.7515625,0
2009-08-22,0.429,19.4057291667,0
2009-08-23,0.429,18.2984375,0
2009-08-24,0.429,18.7390625,0
2009-08-25,0.422,19.39375,0
2009-08-26,0.397,20.3197916667,0
2009-08-27,0.397,19.7463541667,0
2009-08-28,0.397,18.6234375,0
2009-08-29,0.397,17.5598958333,0
2009-08-30,0.397,16.9953125,0
2009-08-31,0.397,17.1869791667,0
2009-09-01,0.367,17.6869791667,0
2009-09-02,0.367,18.0140625,0
2009-09-03,0.367,16.5921875,0
2009-09-04,0.397,14.9453125,0
2009-09-05,0.397,14.2328125,0
2009-09-06,0.397,14.5265625,0
2009-09-07,0.397,16.1765625,0
2009-09-08,0.397,17.8645833333,0
2009-09-09,0.397,18.3984375,0
2009-09-10,0.397,17.6536458333,0
2009-09-11,0.367,16.2567708333,0
2009-09-12,0.367,14.3265625,0
2009-09-13,0.367,13.33125,0
2009-09-14,0.367,13.2380208333,0
2009-09-15,0.367,13.7151041667,0
2009-09-16,0.367,14.2703125,0
2009-09-17,0.367,15.3114583333,0
2009-09-18,0.367,16.6453125,0
2009-09-19,0.367,17.0796875,0
2009-09-20,0.367,17.2598958333,0
2009-09-21,0.367,16.9598958333,0
2009-09-22,0.367,16.1380208333,0
2009-09-23,0.367,15.1505208333,0
2009-09-24,0.367,14.3666666667,0
2009-09-25,0.367,13.9348958333,0
2009-09-26,0.367,13.2583333333,0
2009-09-27,0.367,12.8385416667,0
2009-09-28,0.367,13.6640625,0
2009-09-29,0.367,14.1421875,0
2009-09-30,0.367,14.0208333333,0
2009-10-01,0.367,13.2541666667,0
2009-10-02,0.367,12.3619791667,0
2009-10-03,0.367,11.7130208333,0
2009-10-04,0.367,11.4328125,0
2009-10-05,0.367,12.8848958333,0
2009-10-06,0.367,14.7953125,0
2009-10-07,0.605,14.803125,0
2009-10-08,0.57,14.5411458333,0
2009-10-09,0.568,13.8942708333,0
2009-10-10,0.533,12.1322916667,0
2009-10-11,1.186,11.3953125,0
2009-10-12,1.373,10.6760416667,0
2009-10-13,1.086,7.9713541667,0
2009-10-14,0.844,5.475,0
2009-10-15,0.683,4.90625,0
2009-10-16,0.604,4.7875,0
2009-10-17,0.568,5.5822916667,0
2009-10-18,0.559,6.35,0
2009-10-19,0.498,6.1765625,0
2009-10-20,0.498,6.9255208333,0
2009-10-21,0.498,7.9567708333,0
2009-10-22,0.464,8.940625,0
2009-10-23,0.464,9.8671875,0
2009-10-24,0.464,10.41875,0
2009-10-25,0.429,11.1067708333,0
2009-10-26,0.429,11.5395833333,0
2009-10-27,0.429,11.209375,0
2009-10-28,0.429,10.315625,0
2009-10-29,0.397,9.6005208333,0
2009-10-30,0.397,8.83125,0
2009-10-31,0.397,9.0526041667,0
2009-11-01,0.445,9.4328125,0
2009-11-02,0.682,9.0171875,0
2009-11-03,1.059,9.1427083333,0
2009-11-04,1.148,8.7572916667,0
2009-11-05,1.693,8.5729166667,0
2009-11-06,1.694,8.4364583333,0
2009-11-07,1.443,7.7713541667,0
2009-11-08,1.713,7.2348958333,0
2009-11-09,1.59,6.5802083333,0
2009-11-10,1.39,6.496875,0
2009-11-11,1.8,6.5526041667,0
2009-11-12,1.809,7.9859375,0
2009-11-13,1.466,9.5979166667,0
2009-11-14,1.196,10.5734375,0
2009-11-15,1.036,11.8567708333,0
2009-11-16,0.992,11.4046875,0
2009-11-17,0.917,10.5479166667,0
2009-11-18,0.988,10.5083333333,0
2009-11-19,0.943,10.8395833333,0
2009-11-20,0.9,11.6208333333,0
2009-11-21,0.816,12.2453125,0
2009-11-22,0.769,12.2989583333,0
2009-11-23,0.744,12.1302083333,0
2009-11-24,3.013,11.6651041667,0
2009-11-25,3.132,10.9885416667,0
2009-11-26,2.703,10.3875,0
2009-11-27,1.998,9.6286458333,0
2009-11-28,2.023,9.1890625,0
2009-11-29,2.825,8.3385416667,0
2009-11-30,3.082,7.5119791667,0
2009-12-01,2.397,6.8526041667,0
2009-12-02,1.727,6.63125,0
2009-12-03,1.382,6.196875,0
2009-12-04,1.246,6.3104166667,0
2009-12-05,1.037,7.2109375,0
2009-12-06,1.297,6.5807291667,0
2009-12-07,3.165,7.1572916667,0
2009-12-08,3.285,7.3958333333,0
2009-12-09,3.189,7.1161458333,0
2009-12-10,2.826,7.0609375,0
2009-12-11,6.582,6.1338541667,0
2009-12-12,4.747,4.8708333333,0
2009-12-13,3.158,2.403125,0
2009-12-14,2.171,0.3270833333,0
2009-12-15,1.634,0.1,0
2009-12-16,1.307,0.1,0
2009-12-17,1.115,0.1,0
2009-12-18,0.957,0.1,0
2009-12-19,0.853,0.1,0
2009-12-20,0.67,0.1,0
2009-12-21,0.767,0.1,0
2009-12-22,0.731,0.1,0
2009-12-23,0.827,0.8125,0
2009-12-24,0.727,2.4697916667,0
2009-12-25,0.724,2.5713541667,0
2009-12-26,2.944,3.1989583333,0
2009-12-27,2.786,3.4583333333,0
2009-12-28,2.421,2.7984375,0
2009-12-29,2.039,4.0536458333,0
2009-12-30,3.026,3.8729166667,0
2009-12-31,4.399,2.7640625,0
2010-01-01,3.701,1.9901041667,0
2010-01-02,2.712,0.1,0
2010-01-03,1.995,0.1,0
2010-01-04,1.557,0.1,0
2010-01-05,1.313,0.1,0
2010-01-06,1.146,0.1,0
2010-01-07,0.98,0.1,0
2010-01-08,0.787,0.1,0
2010-01-09,0.77,0.1,0
2010-01-10,0.735,0.1,0
2010-01-11,0.7,0.1,0
2010-01-12,0.674,0.1,0
2010-01-13,0.661,0.1,0
2010-01-14,0.648,0.1,0
2010-01-15,0.633,0.1,0
2010-01-16,0.606,1.1572916667,0
2010-01-17,0.614,1.9057291667,0
2010-01-18,0.718,2.5588541667,0
2010-01-19,0.902,3.3104166667,0
2010-01-20,1.364,3.1213541667,0
2010-01-21,1.451,2.7666666667,0
2010-01-22,1.303,1.68125,0
2010-01-23,1.192,0.928125,0
2010-01-24,1.078,0.1140625,0
2010-01-25,1.005,0.1,0
2010-01-26,0.874,0.1,0
2010-01-27,0.676,0.1,0
2010-01-28,0.845,0.1,0
2010-01-29,0.811,0.1,0
2010-01-30,0.799,0.24375,0
2010-01-31,0.727,0.1,0
2010-02-01,0.693,0.1,0
2010-02-02,0.666,0.6494791667,0
2010-02-03,0.918,1.7817708333,0
2010-02-04,0.884,2.6078125,0
2010-02-05,0.959,2.7755208333,0
2010-02-06,1.196,2.9442708333,0
2010-02-07,1.499,1.2270833333,0
2010-02-08,1.805,0.1,0
2010-02-09,1.887,0.1,0
2010-02-10,1.694,0.1,0
2010-02-11,1.422,0.1,0
2010-02-12,1.221,0.1,0
2010-02-13,1.067,0.1,0
2010-02-14,0.972,0.1,0
2010-02-15,0.874,0.1,0
2010-02-16,0.821,0.1,0
2010-02-17,0.764,0.3203125,0
2010-02-18,0.745,1.8135416667,0
2010-02-19,0.795,2.4671875,0
2010-02-20,0.778,3.1145833333,0
2010-02-21,0.745,3.70625,0
2010-02-22,0.763,4.3572916667,0
2010-02-23,2.795,6.1661458333,0
2010-02-24,8.413,7.9583333333,0
2010-02-25,9.313,8.2869791667,0
2010-02-26,9.293,8.546875,0
2010-02-27,6.993,8.225,0
2010-02-28,4.43,6.9421875,0
2010-03-01,3.572,5.2552083333,0
2010-03-02,2.813,3.7276041667,0
2010-03-03,2.491,2.0598958333,0
2010-03-04,2.062,0.9364583333,0
2010-03-05,1.68,0.1989583333,0
2010-03-06,1.397,0.1,0
2010-03-07,1.145,0.1,0
2010-03-08,1.034,0.1,0
2010-03-09,0.958,0.1,0
2010-03-10,0.871,0.1,0
2010-03-11,0.833,0.2958333333,0
2010-03-12,0.786,1.6786458333,0
2010-03-13,0.757,2.65625,0
2010-03-14,0.796,4.3958333333,0
2010-03-15,0.999,5.1052083333,0
2010-03-16,1.846,6.0677083333,0
2010-03-17,2.382,7.5463541667,0
2010-03-18,2.035,9.6625,0
2010-03-19,1.672,11.7635416667,0
2010-03-20,1.404,12.2442708333,0
2010-03-21,1.475,11.840625,0
2010-03-22,2.481,10.659375,0
2010-03-23,2.684,10.5302083333,0
2010-03-24,2.152,12.0473958333,0
2010-03-25,1.742,12.0651041667,0
2010-03-26,1.421,11.9947916667,0
2010-03-27,1.64,11.0901041667,0
2010-03-28,1.387,9.8682291667,0
2010-03-29,1.387,10.3854166667,0
2010-03-30,3.072,9.8697916667,0
2010-03-31,2.702,8.7916666667,0
2010-04-01,2.17,7.8822916667,0
2010-04-02,1.609,7.3442708333,0
2010-04-03,1.364,7.640625,0
2010-04-04,1.198,8.2854166667,0
2010-04-05,1.302,9.0140625,0
2010-04-06,1.008,10.2817708333,0
2010-04-07,0.974,10.91875,0
2010-04-08,0.938,11.14375,0
2010-04-09,0.866,10.5755208333,0
2010-04-10,0.805,8.378125,0
2010-04-11,0.763,7.6828125,0
2010-04-12,0.739,8.4395833333,0
2010-04-13,0.719,8.8859375,0
2010-04-14,0.692,9.8927083333,0
2010-04-15,0.665,9.6005208333,0
2010-04-16,0.639,8.7734375,0
2010-04-17,0.616,9.1541666667,0
2010-04-18,0.601,8.9421875,0
2010-04-19,0.593,9.4880208333,0
2010-04-20,0.59,8.8083333333,0
2010-04-21,0.568,7.275,0
2010-04-22,0.561,7.328125,0
2010-04-23,0.553,8.3338541667,0
2010-04-24,0.542,11.1489583333,0
2010-04-25,0.534,13.0010416667,0
2010-04-26,0.53,13.7911458333,0
2010-04-27,0.528,14.4078125,0
2010-04-28,0.517,15.2375,0
2010-04-29,0.516,15.9671875,0
2010-04-30,0.511,16.0463541667,0
2010-05-01,0.504,14.6697916667,0
2010-05-02,0.534,11.565625,0
2010-05-03,0.544,9.6640625,0
2010-05-04,0.51,8.5833333333,0
2010-05-05,0.5,7.6723958333,0
2010-05-06,0.497,7.0901041667,0
2010-05-07,0.672,7.2390625,0
2010-05-08,0.595,7.8911458333,0
2010-05-09,0.553,8.7213541667,0
2010-05-10,0.539,9.4395833333,0
2010-05-11,0.529,8.9067708333,0
2010-05-12,0.539,7.9817708333,0
2010-05-13,0.537,7.7557291667,0
2010-05-14,0.528,7.9958333333,0
2010-05-15,0.516,9.2890625,0
2010-05-16,0.511,9.8734375,0
2010-05-17,0.499,10.0567708333,0
2010-05-18,0.499,10.5239583333,0
2010-05-19,0.488,11.1713541667,0
2010-05-20,0.479,12.584375,0
2010-05-21,0.472,14.0828125,0
2010-05-22,0.462,15.4625,0
2010-05-23,0.454,16.6713541667,0
2010-05-24,0.446,17.0921875,0
2010-05-25,0.44,16.1494791667,0
2010-05-26,0.434,15.2255208333,0
2010-05-27,0.531,13.9302083333,0
2010-05-28,0.466,13.4442708333,0
2010-05-29,0.45,13.6447916667,0
2010-05-30,0.442,13.1786458333,0
2010-05-31,0.806,13.1026041667,0
2010-06-01,0.743,13.1875,0
2010-06-02,0.67,14.2598958333,0
2010-06-03,0.625,15.8348958333,0
2010-06-04,0.588,17.2432291667,0
2010-06-05,0.556,18.3208333333,0
2010-06-06,0.532,18.3140625,0
2010-06-07,0.611,18.6020833333,0
2010-06-08,0.521,18.771875,0
2010-06-09,0.502,18.9322916667,0
2010-06-10,0.498,19.934375,0
2010-06-11,0.487,18.8510416667,0
2010-06-12,0.475,17.1770833333,0
2010-06-13,0.478,16.5203125,0
2010-06-14,0.465,15.246875,0
2010-06-15,0.457,15.746875,0
2010-06-16,0.447,16.6958333333,0
2010-06-17,0.434,15.7432291667,0
2010-06-18,0.403,14.7109375,0
2010-06-19,0.437,13.534375,0
2010-06-20,0.439,12.3609375,0
2010-06-21,0.435,12.7916666667,0
2010-06-22,0.427,14.2083333333,0
2010-06-23,0.391,16.2989583333,0
2010-06-24,0.391,18.1583333333,0
2010-06-25,0.378,19.3723958333,0
2010-06-26,0.391,20.5572916667,0
2010-06-27,0.371,21.3614583333,0
2010-06-28,0.372,21.7786458333,0
2010-06-29,0.367,22.2598958333,0
2010-06-30,0.373,22.7958333333,0
2010-07-01,0.347,23.7927083333,0
2010-07-02,0.333,24.6041666667,0
2010-07-03,0.336,24.7630208333,0
2010-07-04,0.377,23.5177083333,0
2010-07-05,0.355,20.9885416667,0
2010-07-06,0.355,19.8473958333,0
2010-07-07,0.356,20.6765625,0
2010-07-08,0.336,22.6255208333,0
2010-07-09,0.334,25.5661458333,0
2010-07-10,0.327,27.1291666667,0
2010-07-11,0.326,26.7520833333,0
2010-07-12,0.333,25.7098958333,0
2010-07-13,0.387,24.5973958333,0
2010-07-14,0.355,23.2369791667,0
2010-07-15,0.55,22.9661458333,0
2010-07-16,0.376,22.0401041667,0
2010-07-17,0.339,20.3979166667,0
2010-07-18,0.359,20.5583333333,0
2010-07-19,0.355,20.8703125,0
2010-07-20,0.342,22.0526041667,0
2010-07-21,0.332,22.6369791667,0
2010-07-22,0.335,22.0109375,0
2010-07-23,0.352,20.1822916667,0
2010-07-24,0.349,18.0635416667,0
2010-07-25,0.344,17.1145833333,0
2010-07-26,0.353,16.8645833333,0
2010-07-27,0.49,17.3265625,0
2010-07-28,0.391,17.2432291667,0
2010-07-29,0.386,17.4875,0
2010-07-30,0.49,17.9015625,0
2010-07-31,0.437,18.146875,0
2010-08-01,0.383,18.7567708333,0
2010-08-02,0.42,18.7192708333,0
2010-08-03,0.385,18.0541666667,0
2010-08-04,0.39,17.1385416667,0
2010-08-05,0.531,16.865625,0
2010-08-06,0.421,17.2067708333,0
2010-08-07,0.385,17.2385416667,0
2010-08-08,0.359,17.4776041667,0
2010-08-09,0.531,18.4338541667,0
2010-08-10,0.452,18.4598958333,0
2010-08-11,0.411,18.5713541667,0
2010-08-12,0.526,18.3161458333,0
2010-08-13,0.474,17.8286458333,0
2010-08-14,0.444,17.2072916667,0
2010-08-15,0.418,16.9859375,0
2010-08-16,0.604,16.6619791667,0
2010-08-17,0.492,16.2125,0
2010-08-18,1.047,16.3375,0
2010-08-19,0.841,17.234375,0
2010-08-20,0.676,19.0677083333,0
2010-08-21,0.574,20.0838541667,0
2010-08-22,0.518,20.7802083333,0
2010-08-23,0.767,19.9145833333,0
2010-08-24,0.618,18.471875,0
2010-08-25,0.542,18.0322916667,0
2010-08-26,0.514,17.2859375,0
2010-08-27,0.761,16.1203125,0
2010-08-28,1.92,15.0588541667,0
2010-08-29,1.34,13.4078125,0
2010-08-30,2.569,12.7651041667,0
2010-08-31,3.072,12.7109375,0
2010-09-01,1.93,12.7375,0
2010-09-02,1.337,13.1692708333,0
2010-09-03,1.005,12.921875,0
2010-09-04,0.836,13.1479166667,0
2010-09-05,0.732,13.8229166667,0
2010-09-06,0.666,13.5328125,0
2010-09-07,0.627,14.1515625,0
2010-09-08,0.631,14.684375,0
2010-09-09,0.615,14.7125,0
2010-09-10,0.668,15.9479166667,0
2010-09-11,0.602,15.765625,0
2010-09-12,0.567,15.5869791667,0
2010-09-13,0.59,15.9114583333,0
2010-09-14,0.551,15.2151041667,0
2010-09-15,0.562,14.89375,0
2010-09-16,0.783,14.23125,0
2010-09-17,1.574,12.5161458333,0
2010-09-18,1.703,11.6265625,0
2010-09-19,1.392,11.9854166667,0
2010-09-20,1.093,12.5354166667,0
2010-09-21,0.898,14.2083333333,0
2010-09-22,0.774,15.803125,0
2010-09-23,0.71,15.6947916667,0
2010-09-24,0.702,15.0557291667,0
2010-09-25,1.064,13.584375,0
2010-09-26,0.851,11.4286458333,0
2010-09-27,0.83,10.6072916667,0
2010-09-28,1.225,10.49375,0
2010-09-29,1.149,10.5166666667,0
2010-09-30,1.2,11.3046875,0
2010-10-01,1.21,12.0208333333,0
2010-10-02,1.05,13.7817708333,0
2010-10-03,1.564,15.08125,0
2010-10-04,1.582,16.0630208333,0
2010-10-05,1.398,16.5760416667,0
2010-10-06,1.207,16.0276041667,0
2010-10-07,1.061,15.7270833333,0
2010-10-08,0.955,15.1364583333,0
2010-10-09,0.881,13.9911458333,0
2010-10-10,0.815,12.1854166667,0
2010-10-11,0.763,9.8572916667,0
2010-10-12,0.713,7.6442708333,0
2010-10-13,0.674,6.0463541667,0
2010-10-14,0.644,6.4020833333,0
2010-10-15,0.617,7.046875,0
2010-10-16,0.727,7.465625,0
2010-10-17,0.65,7.6619791667,0
2010-10-18,0.596,7.13125,0
2010-10-19,0.576,6.6807291667,0
2010-10-20,0.769,6.3333333333,0
2010-10-21,0.752,6.2291666667,0
2010-10-22,0.731,5.7869791667,0
2010-10-23,0.736,5.9802083333,0
2010-10-24,0.752,5.40625,0
2010-10-25,0.728,5.1041666667,0
2010-10-26,0.679,5.6744791667,0
2010-10-27,0.649,6.2598958333,0
2010-10-28,0.648,8.234375,0
2010-10-29,0.64,10.2260416667,0
2010-10-30,0.631,10.7276041667,0
2010-10-31,0.626,10.4005208333,0
2010-11-01,0.621,10.4375,0
2010-11-02,0.616,10.6067708333,0
2010-11-03,0.612,12.0661458333,0
2010-11-04,0.631,13.6125,0
2010-11-05,0.674,13.5109375,0
2010-11-06,1.974,12.0723958333,0
2010-11-07,4.524,9.4598958333,0
2010-11-08,2.998,7.6744791667,0
2010-11-09,2.219,6.7078125,0
2010-11-10,1.801,6.4697916667,0
2010-11-11,2.375,7.859375,0
2010-11-12,4.345,9.3541666667,0
2010-11-13,6.223,11.3026041667,0
2010-11-14,22.687,11.7421875,0
2010-11-15,7.768,9.8765625,0
2010-11-16,4.228,7.7640625,0
2010-11-17,2.877,5.6286458333,0
2010-11-18,2.156,5.4046875,0
2010-11-19,1.688,5.6171875,0
2010-11-20,1.356,5.4140625,0
2010-11-21,1.158,5.0265625,0
2010-11-22,1.027,4.2479166667,0
2010-11-23,0.937,4.0338541667,0
2010-11-24,0.889,3.5984375,0
2010-11-25,0.846,2.4401041667,0
2010-11-26,0.837,1.2213541667,0
2010-11-27,0.775,0.1,0
2010-11-28,0.753,0.1,0
2010-11-29,0.742,0.1,0
2010-11-30,0.719,0.1,0
2010-12-01,0.692,0.1,0
2010-12-02,0.672,0.1,0
2010-12-03,0.644,0.1,0
2010-12-04,0.597,0.1,0
2010-12-05,0.642,0.1,0
2010-12-06,0.644,0.1,0
2010-12-07,0.615,0.1,0
2010-12-08,0.611,0.1,0
2010-12-09,0.594,0.1,0
2010-12-10,0.601,2.0765625,0
2010-12-11,0.847,3.025,0
2010-12-12,5.32,1.7109375,0
2010-12-13,5.301,0.2270833333,0
2010-12-14,3.441,0.1,0
2010-12-15,2.329,0.1,0
2010-12-16,1.754,0.1,0
2010-12-17,1.581,0.1,0
2010-12-18,1.263,0.1,0
2010-12-19,1.064,0.1,0
2010-12-20,0.957,0.1,0
2010-12-21,0.854,0.1,0
2010-12-22,0.807,0.1,0
2010-12-23,0.855,0.1,0
2010-12-24,0.965,0.1,0
2010-12-25,0.967,0.1,0
2010-12-26,0.945,0.1,0
2010-12-27,0.998,0.1,0
2010-12-28,0.96,0.1,0
2010-12-29,0.924,0.1,0
2010-12-30,0.881,0.1,0
2010-12-31,0.832,0.2802083333,0
2011-01-01,0.804,0.3244791667,0
2011-01-02,0.902,0.4822916667,0
2011-01-03,0.872,0.3255208333,0
2011-01-04,0.869,0.1,0
2011-01-05,0.953,0.3130208333,0
2011-01-06,0.902,2.0328125,0
2011-01-07,6.828,5.2619791667,0
2011-01-08,10.809,7.1395833333,0
2011-01-09,15.299,5.9229166667,0
2011-01-10,10.046,4.9901041667,0
2011-01-11,4.695,3.440625,0
2011-01-12,3.332,5.090625,0
2011-01-13,6.431,7.9203125,0
2011-01-14,18.921,9.2427083333,0
2011-01-15,12.65,9.9541666667,0
2011-01-16,6.443,8.7171875,0
2011-01-17,3.537,7.6,0
2011-01-18,2.605,6.2494791667,0
2011-01-19,2.203,4.453125,0
2011-01-20,2.077,2.6885416667,0
2011-01-21,1.888,1.0046875,0
2011-01-22,1.874,0.7088541667,0
2011-01-23,1.709,1.3078125,0
2011-01-24,1.518,2.2598958333,0
2011-01-25,1.375,2.5791666667,0
2011-01-26,2.217,2.2052083333,0
2011-01-27,2.458,0.9833333333,0
2011-01-28,1.98,0.1,0
2011-01-29,1.657,0.1,0
2011-01-30,1.385,0.1,0
2011-01-31,1.169,0.1,0
2011-02-01,1.011,0.1,0
2011-02-02,0.921,0.1,0
2011-02-03,0.842,1.403125,0
2011-02-04,0.919,4.9635416667,0
2011-02-05,1.019,7.4557291667,0
2011-02-06,0.922,9.0005208333,0
2011-02-07,0.834,8.7390625,0
2011-02-08,0.813,7.1135416667,0
2011-02-09,0.752,6.3057291667,0
2011-02-10,0.735,6.5286458333,0
2011-02-11,0.979,6.6963541667,0
2011-02-12,2.327,7.2088541667,0
2011-02-13,4.664,7.2260416667,0
2011-02-14,3.499,5.965625,0
2011-02-15,2.77,5.6390625,0
2011-02-16,2.197,4.8651041667,0
2011-02-17,1.729,3.7973958333,0
2011-02-18,1.381,3.4052083333,0
2011-02-19,1.181,2.2145833333,0
2011-02-20,1.063,0.9572916667,0
2011-02-21,0.942,0.1,0
2011-02-22,0.855,0.1,0
2011-02-23,0.77,0.1,0
2011-02-24,0.722,0.6442708333,0
2011-02-25,0.719,2.73125,0
2011-02-26,0.701,4.1958333333,0
2011-02-27,0.717,4.8307291667,0
2011-02-28,1.074,4.7713541667,0
2011-03-01,0.949,4.2322916667,0
2011-03-02,0.981,3.6114583333,0
2011-03-03,0.964,3.3130208333,0
2011-03-04,0.911,2.5515625,0
2011-03-05,0.856,2.3130208333,0
2011-03-06,0.805,2.4885416667,0
2011-03-07,0.765,3.1869791667,0
2011-03-08,0.73,4.7802083333,0
2011-03-09,0.693,5.9489583333,0
2011-03-10,0.68,7.3703125,0
2011-03-11,0.662,8.3911458333,0
2011-03-12,0.634,9.353125,0
2011-03-13,0.623,10.1020833333,0
2011-03-14,0.618,10.7911458333,0
2011-03-15,0.605,10.7484375,0
2011-03-16,0.59,9.4854166667,0
2011-03-17,0.576,8.2255208333,0
2011-03-18,0.563,6.9161458333,0
2011-03-19,0.565,5.7041666667,0
2011-03-20,0.558,5.6026041667,0
2011-03-21,0.539,6.1494791667,0
2011-03-22,0.541,6.8135416667,0
2011-03-23,0.528,8.1140625,0
2011-03-24,0.525,9.1057291667,0
2011-03-25,0.513,9.1395833333,0
2011-03-26,0.517,9.1015625,0
2011-03-27,0.512,8.4447916667,0
2011-03-28,0.507,8.1453125,0
2011-03-29,0.496,8.5828125,0
2011-03-30,0.492,9.4989583333,0
2011-03-31,0.493,11.3,0
2011-04-01,0.53,13.3635416667,0
2011-04-02,0.517,13.9619791667,0
2011-04-03,0.516,13.3895833333,0
2011-04-04,0.543,12.1953125,0
2011-04-05,0.527,11.8348958333,0
2011-04-06,0.515,12.6411458333,0
2011-04-07,0.511,13.0791666667,0
2011-04-08,0.503,13.5567708333,0
2011-04-09,0.504,12.7869791667,0
2011-04-10,0.501,12.8494791667,0
2011-04-11,0.498,11.9458333333,0
2011-04-12,0.497,11.0020833333,0
2011-04-13,0.495,10.0213541667,0
2011-04-14,0.496,8.3640625,0
2011-04-15,0.491,8.6338541667,0
2011-04-16,0.485,9.6322916667,0
2011-04-17,0.48,10.6197916667,0
2011-04-18,0.456,12.3338541667,0
2011-04-19,0.451,13.6979166667,0
2011-04-20,0.438,14.953125,0
2011-04-21,0.432,16.4765625,0
2011-04-22,0.434,17.5911458333,0
2011-04-23,0.438,18.1765625,0
2011-04-24,0.426,18.0296875,0
2011-04-25,0.429,17.1338541667,0
2011-04-26,0.424,14.7838541667,0
2011-04-27,0.426,13.5802083333,0
2011-04-28,0.45,13.45,0
2011-04-29,0.452,14.1348958333,0
2011-04-30,0.447,14.8994791667,0
2011-05-01,0.4,14.3338541667,0
2011-05-02,0.409,12.6739583333,0
2011-05-03,0.417,10.2916666667,0
2011-05-04,0.411,9.696875,0
2011-05-05,0.411,11.2052083333,0
2011-05-06,0.404,14.1619791667,0
2011-05-07,0.378,17.5505208333,0
2011-05-08,0.358,19.7911458333,0
2011-05-09,0.371,20.234375,0
2011-05-10,0.356,19.3625,0
2011-05-11,0.369,17.6354166667,0
2011-05-12,0.371,15.9661458333,0
2011-05-13,0.377,14.6192708333,0
2011-05-14,0.382,12.890625,0
2011-05-15,0.374,12.3130208333,0
2011-05-16,0.377,12.5713541667,0
2011-05-17,0.381,13.3651041667,0
2011-05-18,0.377,14.91875,0
2011-05-19,0.377,16.1109375,0
2011-05-20,0.378,17.065625,0
2011-05-21,0.374,17.2348958333,0
2011-05-22,0.367,17.1833333333,0
2011-05-23,0.359,16.6161458333,0
2011-05-24,0.362,15.640625,0
2011-05-25,0.348,15.9208333333,0
2011-05-26,0.334,15.009375,0
2011-05-27,0.328,15.1192708333,0
2011-05-28,0.338,16.05,0
2011-05-29,0.345,17.2161458333,0
2011-05-30,0.352,17.4015625,0
2011-05-31,0.359,16.9505208333,0
2011-06-01,0.448,16.571875,0
2011-06-02,0.362,16.0515625,0
2011-06-03,0.346,18.515625,0
2011-06-04,0.341,20.046875,0
2011-06-05,0.338,20.7213541667,0
2011-06-06,0.612,20.2385416667,0
2011-06-07,0.426,18.0244791667,0
2011-06-08,0.392,16.7739583333,0
2011-06-09,0.487,15.603125,0
2011-06-10,0.435,14.3401041667,0
2011-06-11,0.381,14.5447916667,0
2011-06-12,0.394,15.1864583333,0
2011-06-13,0.384,16.0942708333,0
2011-06-14,0.355,17.2786458333,0
2011-06-15,0.362,17.8401041667,0
2011-06-16,0.367,17.2895833333,0
2011-06-17,0.368,16.4432291667,0
2011-06-18,0.356,15.3583333333,0
2011-06-19,0.365,14.275,0
2011-06-20,0.366,15.1296875,0
2011-06-21,0.396,15.61875,0
2011-06-22,0.408,16.0578125,0
2011-06-23,0.607,15.9869791667,0
2011-06-24,0.478,14.5786458333,0
2011-06-25,0.475,15.2161458333,0
2011-06-26,0.566,17.3713541667,0
2011-06-27,0.475,20.7770833333,0
2011-06-28,0.444,22.2953125,0
2011-06-29,0.381,21.0984375,0
2011-06-30,0.437,18.3677083333,0
2011-07-01,0.37,15.0661458333,0
2011-07-02,0.409,13.9255208333,0
2011-07-03,0.378,13.7395833333,0
2011-07-04,0.377,15.1822916667,0
2011-07-05,0.364,16.815625,0
2011-07-06,0.347,18.1166666667,0
2011-07-07,0.345,19.3692708333,0
2011-07-08,0.343,19.5421875,0
2011-07-09,0.343,19.2234375,0
2011-07-10,0.341,19.2609375,0
2011-07-11,0.341,19.8208333333,0
2011-07-12,0.337,18.7067708333,0
2011-07-13,0.336,17.6036458333,0
2011-07-14,0.347,17.0260416667,0
2011-07-15,0.35,16.3755208333,0
2011-07-16,0.355,16.88125,0
2011-07-17,0.356,17.4265625,0
2011-07-18,0.441,17.196875,0
2011-07-19,0.428,16.484375,0
2011-07-20,0.385,16.2578125,0
2011-07-21,0.419,15.9041666667,0
2011-07-22,0.502,15.1322916667,0
2011-07-23,0.445,14.2239583333,0
2011-07-24,0.423,13.9994791667,0
2011-07-25,0.856,14.2140625,0
2011-07-26,0.664,14.9651041667,0
2011-07-27,0.584,16.1119791667,0
2011-07-28,1.452,16.4541666667,0
2011-07-29,1.547,16.0619791667,0
2011-07-30,1.162,15.4291666667,0
2011-07-31,0.899,15.453125,0
2011-08-01,0.755,16.7552083333,0
2011-08-02,0.668,18.1442708333,0
2011-08-03,0.615,19.9739583333,0
2011-08-04,0.609,20.7125,0
2011-08-05,0.586,20.1234375,0
2011-08-06,0.565,19.5104166667,0
2011-08-07,0.553,17.9645833333,0
2011-08-08,0.539,16.6286458333,0
2011-08-09,0.591,15.8567708333,0
2011-08-10,0.594,16.6463541667,0
2011-08-11,0.529,17.3677083333,0
2011-08-12,0.491,18.44375,0
2011-08-13,0.565,18.784375,0
2011-08-14,0.616,17.8515625,0
2011-08-15,1.778,17.80625,0
2011-08-16,1.254,18.0942708333,0
2011-08-17,0.976,19.0317708333,0
2011-08-18,0.818,19.2479166667,0
2011-08-19,1.613,19.5578125,0
2011-08-20,1.761,20.1322916667,0
2011-08-21,1.269,19.7479166667,0
2011-08-22,1.038,20.8348958333,0
2011-08-23,0.858,21.1348958333,0
2011-08-24,0.783,20.3270833333,0
2011-08-25,0.718,20.371875,0
2011-08-26,0.715,18.65,0
2011-08-27,1.536,17.3473958333,0
2011-08-28,2.442,16.0744791667,0
2011-08-29,2.103,14.2911458333,0
2011-08-30,1.476,13.815625,0
2011-08-31,1.116,13.7125,0
2011-09-01,0.88,15.08125,0
2011-09-02,0.792,17.5416666667,0
2011-09-03,0.731,19.4796875,0
2011-09-04,0.686,19.8369791667,0
2011-09-05,0.67,19.0338541667,0
2011-09-06,0.596,17.0135416667,0
2011-09-07,0.808,15.2630208333,0
2011-09-08,0.798,15.5755208333,0
2011-09-09,1.576,17.1322916667,0
2011-09-10,1.901,17.7979166667,0
2011-09-11,1.475,18.7203125,0
2011-09-12,2.134,18.7427083333,0
2011-09-13,1.984,16.8447916667,0
2011-09-14,1.41,15.8578125,0
2011-09-15,1.055,15.1270833333,0
2011-09-16,0.854,14.9979166667,0
2011-09-17,0.756,14.559375,0
2011-09-18,0.709,14.4385416667,0
2011-09-19,0.701,14.2046875,0
2011-09-20,0.66,14.0213541667,0
2011-09-21,0.625,14.5135416667,0
2011-09-22,0.606,14.609375,0
2011-09-23,0.588,14.8192708333,0
2011-09-24,0.573,14.7567708333,0
2011-09-25,0.56,15.5270833333,0
2011-09-26,0.546,16.5588541667,0
2011-09-27,0.533,17.3208333333,0
2011-09-28,0.521,17.9416666667,0
2011-09-29,0.509,17.8338541667,0
2011-09-30,0.47,17.6067708333,0
2011-10-01,0.46,17.4010416667,0
2011-10-02,0.458,17.078125,0
2011-10-03,0.454,16.9572916667,0
2011-10-04,0.453,17.1171875,0
2011-10-05,0.453,16.334375,0
2011-10-06,0.463,14.5119791667,0
2011-10-07,0.543,12.4234375,0
2011-10-08,0.56,10.3864583333,0
2011-10-09,0.665,11.2229166667,0
2011-10-10,0.643,12.7510416667,0
2011-10-11,0.751,13.784375,0
2011-10-12,1.566,13.9453125,0
2011-10-13,4.747,11.625,0
2011-10-14,3.171,9.3796875,0
2011-10-15,1.895,8.190625,0
2011-10-16,1.295,7.9880208333,0
2011-10-17,1.012,8.3291666667,0
2011-10-18,0.848,8.6302083333,0
2011-10-19,0.795,8.0114583333,0
2011-10-20,0.691,6.8213541667,0
2011-10-21,0.655,6.0088541667,0
2011-10-22,0.626,5.8854166667,0
2011-10-23,0.602,6.6135416667,0
2011-10-24,0.586,8.2026041667,0
2011-10-25,0.577,9.3489583333,0
2011-10-26,0.568,9.846875,0
2011-10-27,0.552,10.9484375,0
2011-10-28,0.539,11.6510416667,0
2011-10-29,0.527,12.4515625,0
2011-10-30,0.517,13.0708333333,0
2011-10-31,0.511,12.7177083333,0
2011-11-01,0.501,12.2994791667,0
2011-11-02,0.492,12.2765625,0
2011-11-03,0.483,12.6666666667,0
2011-11-04,0.486,12.871875,0
2011-11-05,0.483,12.159375,0
2011-11-06,0.448,10.6166666667,0
2011-11-07,0.442,9.1645833333,0
2011-11-08,0.471,7.7494791667,0
2011-11-09,0.439,6.9614583333,0
2011-11-10,0.428,6.9838541667,0
2011-11-11,0.425,6.6640625,0
2011-11-12,0.434,6.475,0
2011-11-13,0.432,6.1171875,0
2011-11-14,0.429,4.9776041667,0
2011-11-15,0.424,4.040625,0
2011-11-16,0.423,3.5541666667,0
2011-11-17,0.421,4.4744791667,0
2011-11-18,0.42,5.9010416667,0
2011-11-19,0.421,7.3380208333,0
2011-11-20,0.422,8.1244791667,0
2011-11-21,0.423,7.6833333333,0
2011-11-22,0.422,7.3526041667,0
2011-11-23,0.423,6.9786458333,0
2011-11-24,0.422,6.2890625,0
2011-11-25,0.422,6.5151041667,0
2011-11-26,0.424,6.525,0
2011-11-27,0.428,5.6833333333,0
2011-11-28,0.43,5.746875,0
2011-11-29,0.422,5.8333333333,0
2011-11-30,0.42,6.3104166667,0
2011-12-01,0.42,7.3348958333,0
2011-12-02,0.454,7.9140625,0
2011-12-03,0.533,8.0515625,0
2011-12-04,0.774,6.8598958333,0
2011-12-05,0.81,6.0213541667,0
2011-12-06,1.277,5.715625,0
2011-12-07,1.728,5.4026041667,0
2011-12-08,2.521,5.8130208333,0
2011-12-09,2.809,5.4901041667,0
2011-12-10,3.088,4.4890625,0
2011-12-11,2.07,4.2890625,0
2011-12-12,1.457,4.4765625,0
2011-12-13,1.486,5.1822916667,0
2011-12-14,3.124,6.0911458333,0
2011-12-15,2.987,5.7666666667,0
2011-12-16,2.211,4.8161458333,0
2011-12-17,8.435,3.7416666667,0
2011-12-18,5.103,2.6666666667,0
2011-12-19,3.504,2.0010416667,0
2011-12-20,2.584,2.2994791667,0
2011-12-21,2.445,3.7161458333,0
2011-12-22,2.677,5.6145833333,0
2011-12-23,4.059,6.3786458333,0
2011-12-24,3.739,6.971875,0
2011-12-25,3.583,7.5083333333,0
2011-12-26,3.026,7.2875,0
2011-12-27,2.653,7.6645833333,0
2011-12-28,2.513,7.3088541667,0
2011-12-29,2.29,5.9567708333,0
2011-12-30,3.257,5.3166666667,0
2011-12-31,3.307,6.6104166667,0
2012-01-01,4.155,7.2015625,0
2012-01-02,5.681,7.9911458333,0
2012-01-03,6.918,8.24375,0
2012-01-04,4.659,6.96875,0
2012-01-05,3.366,6.3328125,0
2012-01-06,8.811,6.04375,0
2012-01-07,5.589,5.8864583333,0
2012-01-08,7.218,5.9515625,0
2012-01-09,5.594,6.5348958333,0
2012-01-10,4.144,7.165625,0
2012-01-11,3.118,7.6473958333,0
2012-01-12,2.585,7.0578125,0
2012-01-13,2.477,5.946875,0
2012-01-14,2.177,3.4322916667,0
2012-01-15,1.926,1.0859375,0
2012-01-16,1.593,0.1,0
2012-01-17,1.313,0.1,0
2012-01-18,1.117,1.1875,0
2012-01-19,1.215,2.4901041667,0
2012-01-20,9.023,4.2203125,0
2012-01-21,5.738,5.5484375,0
2012-01-22,8.914,5.0916666667,0
2012-01-23,5.316,4.9369791667,0
2012-01-24,3.795,3.9583333333,0
2012-01-25,2.812,2.8453125,0
2012-01-26,2.324,2.2510416667,0
2012-01-27,2.042,1.9984375,0
2012-01-28,1.561,1.54375,0
2012-01-29,1.345,1.0229166667,0
2012-01-30,1.216,0.1,0
2012-01-31,1.099,0.1,0
2012-02-01,0.962,0.1,0
2012-02-02,0.805,0.1,0
2012-02-03,0.733,0.1,0
2012-02-04,0.708,0.1,0
2012-02-05,0.637,0.1,0
2012-02-06,0.617,0.1,0
2012-02-07,0.589,0.1,0
2012-02-08,0.596,0.1,0
2012-02-09,0.587,0.1,0
2012-02-10,0.572,0.1,0
2012-02-11,0.556,0.1,0
2012-02-12,0.532,0.1,0
2012-02-13,0.549,0.1,0
2012-02-14,0.555,0.1,0
2012-02-15,0.577,2.0895833333,0
2012-02-16,0.847,3.565625,0
2012-02-17,0.829,4.6395833333,0
2012-02-18,1.038,4.4265625,0
2012-02-19,1.479,3.9223958333,0
2012-02-20,1.438,3.5286458333,0
2012-02-21,1.008,3.1802083333,0
2012-02-22,0.852,4.2328125,0
2012-02-23,0.794,6.3291666667,0
2012-02-24,1.033,7.2302083333,0
2012-02-25,1.381,7.203125,0
2012-02-26,1.295,7.065625,0
2012-02-27,1.294,6.8010416667,0
2012-02-28,1.252,7.5010416667,0
2012-02-29,1.315,8.4994791667,0
2012-03-01,1.346,9.028125,0
2012-03-02,1.323,9.0026041667,0
2012-03-03,1.215,8.5682291667,0
2012-03-04,1.102,7.7515625,0
2012-03-05,1.299,7.0328125,0
2012-03-06,1.536,5.7770833333,0
2012-03-07,1.485,4.9,0
2012-03-08,1.805,5.0244791667,0
2012-03-09,1.491,5.7317708333,0
2012-03-10,1.484,7.2041666667,0
2012-03-11,1.375,7.6317708333,0
2012-03-12,1.191,7.9895833333,0
2012-03-13,1.048,7.5796875,0
2012-03-14,0.938,7.7598958333,0
2012-03-15,0.852,9.6619791667,0
2012-03-16,0.794,10.5078125,0
2012-03-17,0.743,10.8729166667,0
2012-03-18,0.706,9.8609375,0
2012-03-19,0.694,7.8953125,0
2012-03-20,0.642,7.4109375,0
2012-03-21,0.617,8.4463541667,0
2012-03-22,0.606,10.3359375,0
2012-03-23,0.598,12.0723958333,0
2012-03-24,0.586,12.9385416667,0
2012-03-25,0.573,12.6359375,0
2012-03-26,0.551,12.0203125,0
2012-03-27,0.546,11.621875,0
2012-03-28,0.541,10.6880208333,0
2012-03-29,0.535,10.0802083333,0
2012-03-30,0.531,9.0145833333,0
2012-03-31,0.53,7.1630208333,0
2012-04-01,0.523,6.7661458333,0
2012-04-02,0.51,7.2427083333,0
2012-04-03,0.501,7.9333333333,0
2012-04-04,0.475,8.7005208333,0
2012-04-05,0.497,8.7416666667,0
2012-04-06,0.466,7.1994791667,0
2012-04-07,0.453,6.0677083333,0
2012-04-08,0.453,6.1140625,0
2012-04-09,0.447,7.0911458333,0
2012-04-10,0.733,8.4036458333,0
2012-04-11,0.638,8.9197916667,0
2012-04-12,0.603,8.5854166667,0
2012-04-13,0.615,7.6817708333,0
2012-04-14,0.597,7.1078125,0
2012-04-15,0.594,6.7098958333,0
2012-04-16,0.58,6.7119791667,0
2012-04-17,0.566,6.8911458333,0
2012-04-18,0.571,7.3921875,0
2012-04-19,0.582,8.4442708333,0
2012-04-20,0.576,8.915625,0
2012-04-21,0.554,8.7291666667,0
2012-04-22,0.634,8.5979166667,0
2012-04-23,0.681,8.5041666667,0
2012-04-24,0.623,9.1140625,0
2012-04-25,0.78,10.2046875,0
2012-04-26,0.934,11.2484375,0
2012-04-27,1.349,13.771875,0
2012-04-28,1.502,15.34375,0
2012-04-29,1.378,16.8671875,0
2012-04-30,1.265,17.7385416667,0
2012-05-01,1.062,16.4385416667,0
2012-05-02,0.918,15.4322916667,0
2012-05-03,0.948,14.6635416667,0
2012-05-04,0.798,12.8692708333,0
2012-05-05,0.744,11.60625,0
2012-05-06,0.777,10.8052083333,0
2012-05-07,0.769,10.9510416667,0
2012-05-08,0.713,12.6953125,0
2012-05-09,0.707,15.628125,0
2012-05-10,0.711,17.765625,0
2012-05-11,0.677,16.2015625,0
2012-05-12,0.673,13.9989583333,0
2012-05-13,0.63,11.8755208333,0
2012-05-14,0.611,9.5885416667,0
2012-05-15,0.6,9.2786458333,0
2012-05-16,0.617,9.8255208333,0
2012-05-17,0.624,10.1682291667,0
2012-05-18,0.591,12.1572916667,0
2012-05-19,0.575,14.6880208333,0
2012-05-20,0.56,16.8416666667,0
2012-05-21,0.55,18.3635416667,0
2012-05-22,0.543,18.8239583333,0
2012-05-23,0.517,19.6130208333,0
2012-05-24,0.99,19.8927083333,0
2012-05-25,0.804,19.6359375,0
2012-05-26,0.721,19.5765625,0
2012-05-27,0.666,19.0859375,0
2012-05-28,0.631,18.646875,0
2012-05-29,0.595,18.4354166667,0
2012-05-30,0.574,17.9510416667,0
2012-05-31,0.552,16.6802083333,0
2012-06-01,0.604,15.559375,0
2012-06-02,0.552,13.8713541667,0
2012-06-03,0.532,12.7953125,0
2012-06-04,0.608,12.1760416667,0
2012-06-05,0.691,12.2958333333,0
2012-06-06,0.574,13.9557291667,0
2012-06-07,0.639,15.1307291667,0
2012-06-08,0.593,15.7375,0
2012-06-09,0.587,15.946875,0
2012-06-10,0.57,15.1651041667,0
2012-06-11,0.557,14.8041666667,0
2012-06-12,0.708,14.4244791667,0
2012-06-13,0.667,14.2484375,0
2012-06-14,0.592,14.6619791667,0
2012-06-15,0.58,14.6057291667,0
2012-06-16,0.624,15.784375,0
2012-06-17,0.726,16.74375,0
2012-06-18,0.729,16.846875,0
2012-06-19,0.717,17.3505208333,0
2012-06-20,0.684,17.5869791667,0
2012-06-21,0.673,17.1989583333,0
2012-06-22,0.711,17.1515625,0
2012-06-23,0.611,16.5666666667,0
2012-06-24,0.575,15.6682291667,0
2012-06-25,0.708,15.515625,0
2012-06-26,0.637,15.9734375,0
2012-06-27,0.605,18.0333333333,0
2012-06-28,0.625,19.4078125,0
2012-06-29,0.598,20.3348958333,0
2012-06-30,1.317,19.9760416667,0
2012-07-01,1.113,17.9114583333,0
2012-07-02,0.876,17.5489583333,0
2012-07-03,0.74,18.1182291667,0
2012-07-04,0.653,19.4083333333,0
2012-07-05,0.611,20.7723958333,0
2012-07-06,0.79,20.8598958333,0
2012-07-07,0.611,19.8057291667,0
2012-07-08,0.758,18.9130208333,0
2012-07-09,2.367,18.2375,0
2012-07-10,1.523,17.3213541667,0
2012-07-11,1.716,16.8395833333,0
2012-07-12,1.463,16.0817708333,0
2012-07-13,1.474,15.3838541667,0
2012-07-14,2.203,15.0171875,0
2012-07-15,2.562,14.7052083333,0
2012-07-16,3.472,14.9807291667,0
2012-07-17,4.513,16.2208333333,0
2012-07-18,6.601,16.7708333333,0
2012-07-19,3.772,16.9453125,0
2012-07-20,2.418,16.3916666667,0
2012-07-21,1.774,15.0697916667,0
2012-07-22,1.351,15.6078125,0
2012-07-23,1.097,17.0125,0
2012-07-24,0.935,19.0380208333,0
2012-07-25,0.826,21.35625,0
2012-07-26,0.738,22.3932291667,0
2012-07-27,0.658,21.9697916667,0
2012-07-28,0.636,20.6666666667,0
2012-07-29,0.654,18.4807291667,0
2012-07-30,0.584,17.0020833333,0
2012-07-31,0.588,17.7645833333,0
2012-08-01,0.564,18.7,0
2012-08-02,0.541,19.4989583333,0
2012-08-03,0.521,20.1375,0
2012-08-04,0.524,19.1203125,0
2012-08-05,0.559,18.4604166667,0
2012-08-06,0.562,18.0208333333,0
2012-08-07,0.548,17.2703125,0
2012-08-08,0.517,17.2536458333,0
2012-08-09,0.506,16.5348958333,0
2012-08-10,0.489,16.4453125,0
2012-08-11,0.447,17.0755208333,0
2012-08-12,0.438,17.6796875,0
2012-08-13,0.434,19.2130208333,0
2012-08-14,0.429,21.0036458333,0
2012-08-15,0.423,21.3765625,0
2012-08-16,0.441,21.7828125,0
2012-08-17,0.478,22.8098958333,0
2012-08-18,0.429,24.0833333333,0
2012-08-19,0.419,24.928125,0
2012-08-20,0.415,25.1932291667,0
2012-08-21,0.417,23.4119791667,0
2012-08-22,0.411,20.6864583333,0
2012-08-23,0.41,19.5088541667,0
2012-08-24,0.395,18.4640625,0
2012-08-25,0.443,17.7338541667,0
2012-08-26,0.43,17.7463541667,0
2012-08-27,0.839,17.9458333333,0
2012-08-28,0.546,18.3802083333,0
2012-08-29,0.506,18.7838541667,0
2012-08-30,0.486,17.7119791667,0
2012-08-31,0.447,16.0703125,0
2012-09-01,0.537,14.3958333333,0
2012-09-02,0.457,13.7078125,0
2012-09-03,0.447,14.5682291667,0
2012-09-04,0.444,15.2182291667,0
2012-09-05,0.437,15.14375,0
2012-09-06,0.434,15.359375,0
2012-09-07,0.425,15.5901041667,0
2012-09-08,0.411,16.7151041667,0
2012-09-09,0.404,18.4786458333,0
2012-09-10,0.379,18.8953125,0
2012-09-11,0.384,17.3598958333,0
2012-09-12,0.425,15.0921875,0
2012-09-13,0.434,13.2005208333,0
2012-09-14,0.419,12.415625,0
2012-09-15,0.418,13.4635416667,0
2012-09-16,0.404,14.2536458333,0
2012-09-17,0.384,14.4395833333,0
2012-09-18,0.389,13.6072916667,0
2012-09-19,0.389,12.1744791667,0
2012-09-20,0.38,11.5109375,0
2012-09-21,0.379,10.5942708333,0
2012-09-22,0.378,10.8984375,0
2012-09-23,0.377,12.5479166667,0
2012-09-24,0.376,13.028125,0
2012-09-25,0.394,13.6255208333,0
2012-09-26,0.435,14.0177083333,0
2012-09-27,0.584,13.0984375,0
2012-09-28,0.629,12.5807291667,0
2012-09-29,0.537,11.9489583333,0
2012-09-30,0.502,11.3807291667,0
2012-10-01,0.465,11.6166666667,0
2012-10-02,0.465,12.2958333333,0
2012-10-03,0.462,12.6411458333,0
2012-10-04,1.548,13.2333333333,0
2012-10-05,4.211,12.9125,0
2012-10-06,3.367,11.634375,0
2012-10-07,3.366,10.940625,0
2012-10-08,2.307,9.8098958333,0
2012-10-09,1.539,8.1130208333,0
2012-10-10,1.112,8.1348958333,0
2012-10-11,0.883,8.740625,0
2012-10-12,0.764,8.8473958333,0
2012-10-13,0.663,9.340625,0
2012-10-14,1.084,9.1526041667,0
2012-10-15,0.741,8.4197916667,0
2012-10-16,0.769,8.9796875,0
2012-10-17,0.847,11.4932291667,0
2012-10-18,0.914,13.8869791667,0
2012-10-19,0.855,16.2171875,0
2012-10-20,0.821,17.6390625,0
2012-10-21,0.738,17.0942708333,0
2012-10-22,0.679,15.4958333333,0
2012-10-23,0.633,13.6760416667,0
2012-10-24,0.606,11.7359375,0
2012-10-25,0.59,9.2390625,0
2012-10-26,0.574,6.6432291667,0
2012-10-27,0.586,3.9463541667,0
2012-10-28,0.553,2.1515625,0
2012-10-29,0.539,2.4140625,0
2012-10-30,0.53,4.0244791667,0
2012-10-31,0.685,6.1578125,0
2012-11-01,0.671,7.3546875,0
2012-11-02,0.905,7.2994791667,0
2012-11-03,1.151,7.2078125,0
2012-11-04,1.421,6.9708333333,0
2012-11-05,1.54,6.7067708333,0
2012-11-06,1.267,7.3421875,0
2012-11-07,1.076,7.8026041667,0
2012-11-08,1.818,8.3276041667,0
2012-11-09,1.886,9.2869791667,0
2012-11-10,1.492,9.1098958333,0
2012-11-11,1.34,8.3567708333,0
2012-11-12,1.012,7.5015625,0
2012-11-13,0.873,6.0005208333,0
2012-11-14,0.805,5.0130208333,0
2012-11-15,0.758,4.3036458333,0
2012-11-16,0.713,4.3588541667,0
2012-11-17,0.676,5.3364583333,0
2012-11-18,0.645,6.3421875,0
2012-11-19,0.631,6.9005208333,0
2012-11-20,0.606,6.7442708333,0
2012-11-21,0.589,6.5869791667,0
2012-11-22,0.58,6.3932291667,0
2012-11-23,0.565,7.3447916667,0
2012-11-24,0.773,8.7234375,0
2012-11-25,0.67,8.7911458333,0
2012-11-26,0.681,8.7890625,0
2012-11-27,0.926,7.6557291667,0
2012-11-28,0.91,5.8791666667,0
2012-11-29,0.954,4.2552083333,0
2012-11-30,0.918,2.5552083333,0
2012-12-01,0.813,2.0104166667,0
2012-12-02,0.779,1.6682291667,0
2012-12-03,0.938,2.4416666667,0
2012-12-04,1.188,2.8005208333,0
2012-12-05,2.284,2.184375,0
2012-12-06,2.529,1.3604166667,0
2012-12-07,1.869,0.1,0
2012-12-08,1.489,0.1,0
2012-12-09,1.123,0.1,0
2012-12-10,1.86,0.1,0
2012-12-11,2.583,0.140625,0
2012-12-12,2.29,0.1,0
2012-12-13,1.84,0.1083333333,0
2012-12-14,1.504,2.3625,0
2012-12-15,3.941,4.4614583333,0
2012-12-16,4.603,6.5307291667,0
2012-12-17,4.573,6.8875,0
2012-12-18,4.842,5.9223958333,0
2012-12-19,4.223,4.7197916667,0
2012-12-20,3.086,4.003125,0
2012-12-21,2.521,4.2244791667,0
2012-12-22,2.244,5.8682291667,0
2012-12-23,3.685,7.9229166667,0
2012-12-24,14.975,9.3734375,0
2012-12-25,7.393,9.6651041667,0
2012-12-26,4.758,8.9270833333,0
2012-12-27,5.045,7.8973958333,0
2012-12-28,6.203,7.94375,0
2012-12-29,4.725,7.9192708333,0
2012-12-30,2.797,8.1770833333,0
2012-12-31,1.762,8.2145833333,0
2013-01-01,1.376,7.1505208333,0
2013-01-02,1.655,7.3723958333,0
2013-01-03,1.605,7.490625,0
2013-01-04,1.844,7.7380208333,0
2013-01-05,2.005,8.3072916667,0
2013-01-06,1.935,8.1192708333,0
2013-01-07,1.556,7.3583333333,0
2013-01-08,1.282,6.8765625,0
2013-01-09,1.045,6.1270833333,0
2013-01-10,1.007,3.8828125,0
2013-01-11,0.912,1.5671875,0
2013-01-12,0.763,0.1,0
2013-01-13,0.706,0.1,0
2013-01-14,0.668,0.1,0
2013-01-15,0.61,0.1,0
2013-01-16,0.594,0.1,0
2013-01-17,0.549,0.1,0
2013-01-18,0.497,0.1,0
2013-01-19,0.477,0.1,0
2013-01-20,0.458,0.1,0
2013-01-21,0.447,0.1,0
2013-01-22,0.421,0.1,0
2013-01-23,0.602,0.1,0
2013-01-24,0.59,0.1,0
2013-01-25,0.569,0.1,0
2013-01-26,0.557,0.1,0
2013-01-27,0.555,0.1260416667,0
2013-01-28,0.584,3.0265625,0
2013-01-29,0.589,6.4703125,0
2013-01-30,9.678,7.9458333333,0
2013-01-31,5.697,8.56875,0
2013-02-01,4.22,7.0135416667,0
2013-02-02,4.299,5.0739583333,0
2013-02-03,3.918,4.8484375,0
2013-02-04,4.194,4.1192708333,0
2013-02-05,6.308,3.6380208333,0
2013-02-06,4.289,3.2114583333,0
2013-02-07,3.085,1.5369791667,0
2013-02-08,2.356,0.2901041667,0
2013-02-09,1.849,0.1,0
2013-02-10,1.509,0.1,0
2013-02-11,1.354,0.1,0
2013-02-12,1.195,0.1,0
2013-02-13,1.016,0.1,0
2013-02-14,0.897,0.1,0
2013-02-15,0.861,0.46875,0
2013-02-16,0.803,1.6734375,0
2013-02-17,0.852,2.3510416667,0
2013-02-18,0.895,2.2526041667,0
2013-02-19,0.995,1.3427083333,0
2013-02-20,1.032,0.1302083333,0
2013-02-21,0.945,0.1,0
2013-02-22,0.892,0.1,0
2013-02-23,0.827,0.1,0
2013-02-24,0.785,0.1,0
2013-02-25,0.734,0.4578125,0
2013-02-26,0.692,1.7291666667,0
2013-02-27,0.663,2.4875,0
2013-02-28,0.63,2.7880208333,0
2013-03-01,0.636,2.378125,0
2013-03-02,0.621,2.3802083333,0
2013-03-03,0.61,2.8770833333,0
2013-03-04,0.608,4.1114583333,0
2013-03-05,0.607,6.1927083333,0
2013-03-06,0.612,8.2671875,0
2013-03-07,0.613,10.053125,0
2013-03-08,0.625,10.6296875,0
2013-03-09,0.625,8.6927083333,0
2013-03-10,0.78,5.6083333333,0
2013-03-11,0.906,1.6994791667,0
2013-03-12,0.978,0.1,0
2013-03-13,0.962,0.1,0
2013-03-14,0.894,0.1,0
2013-03-15,0.815,0.1,0
2013-03-16,0.766,1.159375,0
2013-03-17,0.745,2.9411458333,0
2013-03-18,0.827,4.1192708333,0
2013-03-19,0.758,3.5484375,0
2013-03-20,0.764,2.5666666667,0
2013-03-21,0.992,1.3932291667,0
2013-03-22,0.971,0.7609375,0
2013-03-23,1.063,0.3765625,0
2013-03-24,1.05,0.5057291667,0
2013-03-25,1,0.4260416667,0
2013-03-26,0.915,0.6239583333,0
2013-03-27,0.836,0.9286458333,0
2013-03-28,0.771,0.6859375,0
2013-03-29,0.718,0.5177083333,0
2013-03-30,0.671,0.4182291667,0
2013-03-31,0.642,0.3572916667,0
2013-04-01,0.62,1.0473958333,0
2013-04-02,0.604,1.5135416667,0
2013-04-03,0.585,2.1578125,0
2013-04-04,0.572,2.5052083333,0
2013-04-05,0.567,2.7,0
2013-04-06,0.557,3.4015625,0
2013-04-07,0.552,3.915625,0
2013-04-08,0.544,4.8161458333,0
2013-04-09,0.553,6.0744791667,0
2013-04-10,0.552,7.828125,0
2013-04-11,0.565,9.1453125,0
2013-04-12,0.556,10.4848958333,0
2013-04-13,0.573,12.5447916667,0
2013-04-14,0.539,13.821875,0
2013-04-15,0.524,15.2015625,0
2013-04-16,0.523,16.7953125,0
2013-04-17,0.519,16.6484375,0
2013-04-18,0.52,15.0828125,0
2013-04-19,0.505,13.2916666667,0
2013-04-20,0.498,11.0552083333,0
2013-04-21,0.49,10.0572916667,0
2013-04-22,0.501,10.5208333333,0
2013-04-23,0.488,12.0401041667,0
2013-04-24,0.482,14.2661458333,0
2013-04-25,0.483,14.3255208333,0
2013-04-26,0.477,12.9489583333,0
2013-04-27,0.532,10.9682291667,0
2013-04-28,0.507,8.971875,0
2013-04-29,0.477,8.35625,0
2013-04-30,0.462,9.9671875,0
2013-05-01,0.454,11.8911458333,0
2013-05-02,0.45,12.9015625,0
2013-05-03,0.447,14.025,0
2013-05-04,0.449,14.3380208333,0
2013-05-05,0.441,14.9848958333,0
2013-05-06,0.438,15.0848958333,0
2013-05-07,0.44,15.5552083333,0
2013-05-08,0.452,15.7604166667,0
2013-05-09,0.444,14.4458333333,0
2013-05-10,0.438,13.8328125,0
2013-05-11,0.431,12.3229166667,0
2013-05-12,0.434,11.3161458333,0
2013-05-13,0.455,11.1104166667,0
2013-05-14,0.489,11.5203125,0
2013-05-15,0.459,12.1953125,0
2013-05-16,0.456,11.8161458333,0
2013-05-17,0.523,11.7317708333,0
2013-05-18,0.482,12.0630208333,0
2013-05-19,0.468,11.8421875,0
2013-05-20,0.439,12.4395833333,0
2013-05-21,0.552,11.8151041667,0
2013-05-22,0.541,9.6041666667,0
2013-05-23,0.621,8.4348958333,0
2013-05-24,0.78,7.4296875,0
2013-05-25,0.704,7.4286458333,0
2013-05-26,0.668,9.1515625,0
2013-05-27,0.93,11.3078125,0
2013-05-28,0.878,11.7359375,0
2013-05-29,0.808,12.5171875,0
2013-05-30,1.21,13.1635416667,0
2013-05-31,0.911,12.2598958333,0
2013-06-01,0.898,12.9369791667,0
2013-06-02,0.8,12.7932291667,0
2013-06-03,0.701,12.2317708333,0
2013-06-04,0.656,13.6744791667,0
2013-06-05,0.622,15.4104166667,0
2013-06-06,0.597,17.6411458333,0
2013-06-07,0.566,19.234375,0
2013-06-08,0.542,18.7109375,0
2013-06-09,0.51,17.3260416667,0
2013-06-10,0.527,16.4552083333,0
2013-06-11,0.511,16.2895833333,0
2013-06-12,0.471,16.784375,0
2013-06-13,0.471,17.0119791667,0
2013-06-14,0.769,16.8302083333,0
2013-06-15,0.529,16.0973958333,0
2013-06-16,0.506,16.9005208333,0
2013-06-17,0.456,19.5505208333,0
2013-06-18,0.453,22.2078125,0
2013-06-19,0.435,23.3098958333,0
2013-06-20,0.438,22.5088541667,0
2013-06-21,2.68,20.7671875,0
2013-06-22,1.382,17.9671875,0
2013-06-23,0.916,16.3375,0
2013-06-24,0.808,15.0802083333,0
2013-06-25,0.773,13.43125,0
2013-06-26,0.698,12.6692708333,0
2013-06-27,0.655,12.1942708333,0
2013-06-28,0.644,12.6390625,0
2013-06-29,0.785,13.3651041667,0
2013-06-30,2.498,14.9026041667,0
2013-07-01,1.688,16.628125,0
2013-07-02,1.155,17.3302083333,0
2013-07-03,0.879,18.26875,0
2013-07-04,0.803,18.3958333333,0
2013-07-05,0.648,18.9057291667,0
2013-07-06,0.677,19.9557291667,0
2013-07-07,0.657,20.721875,0
2013-07-08,0.566,21.3671875,0
2013-07-09,0.532,20.7416666667,0
2013-07-10,0.509,19.0932291667,0
2013-07-11,0.496,17.3838541667,0
2013-07-12,0.484,15.9807291667,0
2013-07-13,0.468,15.54375,0
2013-07-14,0.456,16.5854166667,0
2013-07-15,0.449,18.0541666667,0
2013-07-16,0.436,19.3307291667,0
2013-07-17,0.426,20.8041666667,0
2013-07-18,0.414,21.5520833333,0
2013-07-19,0.407,21.3869791667,0
2013-07-20,0.367,22.0067708333,0
2013-07-21,0.371,22.64375,0
2013-07-22,0.379,23.2671875,0
2013-07-23,0.371,23.5088541667,0
2013-07-24,0.356,22.878125,0
2013-07-25,0.486,22.1213541667,0
2013-07-26,0.424,22.1947916667,0
2013-07-27,0.408,22.2734375,0
2013-07-28,0.384,22.0901041667,0
2013-07-29,0.393,21.1109375,0
2013-07-30,0.395,19.9447916667,0
2013-07-31,0.396,20.6703125,0
2013-08-01,0.391,22.5817708333,0
2013-08-02,0.387,23.7348958333,0
2013-08-03,0.384,23.8494791667,0
2013-08-04,0.383,23.5442708333,0
2013-08-05,0.333,21.953125,0
2013-08-06,0.329,21.0916666667,0
2013-08-07,0.329,20.1489583333,0
2013-08-08,0.347,18.8901041667,0
2013-08-09,0.365,17.828125,0
2013-08-10,0.351,17.2328125,0
2013-08-11,0.348,17.2583333333,0
2013-08-12,0.33,16.6307291667,0
2013-08-13,0.354,15.9390625,0
2013-08-14,0.348,16.0010416667,0
2013-08-15,0.331,17.0432291667,0
2013-08-16,0.335,18.5588541667,0
2013-08-17,0.318,19.8432291667,0
2013-08-18,0.335,19.7140625,0
2013-08-19,0.385,18.0359375,0
2013-08-20,0.361,16.5614583333,0
2013-08-21,0.352,16.2265625,0
2013-08-22,0.346,17.1119791667,0
2013-08-23,0.359,17.984375,0
2013-08-24,0.357,18.1598958333,0
2013-08-25,0.358,17.5947916667,0
2013-08-26,0.38,16.7807291667,0
2013-08-27,0.352,16.2526041667,0
2013-08-28,0.348,16.4333333333,0
2013-08-29,0.351,16.7171875,0
2013-08-30,0.348,16.5364583333,0
2013-08-31,0.361,16.1046875,0
2013-09-01,0.368,16.1546875,0
2013-09-02,0.369,16.1604166667,0
2013-09-03,0.357,17.2244791667,0
2013-09-04,0.364,19.6583333333,0
2013-09-05,0.349,21.2677083333,0
2013-09-06,0.348,21.4338541667,0
2013-09-07,0.348,19.75625,0
2013-09-08,0.395,17.3364583333,0
2013-09-09,0.449,14.63125,0
2013-09-10,0.413,13.3692708333,0
2013-09-11,0.542,13.2802083333,0
2013-09-12,0.794,13.5760416667,0
2013-09-13,0.653,14.1994791667,0
2013-09-14,0.502,14.4104166667,0
2013-09-15,0.551,14.1963541667,0
2013-09-16,0.474,12.8911458333,0
2013-09-17,0.612,11.978125,0
2013-09-18,0.594,11.6567708333,0
2013-09-19,0.614,11.9411458333,0
2013-09-20,0.595,12.6776041667,0
2013-09-21,0.58,13.259375,0
2013-09-22,0.545,13.9901041667,0
2013-09-23,0.53,14.2255208333,0
2013-09-24,0.501,14.7197916667,0
2013-09-25,0.489,14.6416666667,0
2013-09-26,0.489,13.5786458333,0
2013-09-27,0.466,12.7765625,0
2013-09-28,0.446,12.4114583333,0
2013-09-29,0.431,11.8942708333,0
2013-09-30,0.415,12.2697916667,0
2013-10-01,0.416,11.98125,0
2013-10-02,0.422,11.59375,0
2013-10-03,0.409,11.8822916667,0
2013-10-04,0.397,12.2932291667,0
2013-10-05,0.404,12.8494791667,0
2013-10-06,0.423,12.9234375,0
2013-10-07,0.412,13.215625,0
2013-10-08,0.403,13.0302083333,0
2013-10-09,0.402,11.7369791667,0
2013-10-10,0.433,10.175,0
2013-10-11,0.423,7.8708333333,0
2013-10-12,0.501,6.5296875,0
2013-10-13,0.436,7.3979166667,0
2013-10-14,0.431,8.45625,0
2013-10-15,0.484,9.8526041667,0
2013-10-16,0.564,10.8921875,0
2013-10-17,0.546,11.1505208333,0
2013-10-18,0.562,12.2432291667,0
2013-10-19,0.549,13.64375,0
2013-10-20,0.552,14.375,0
2013-10-21,0.553,15.903125,0
2013-10-22,0.558,16.359375,0
2013-10-23,0.578,15.8807291667,0
2013-10-24,1.114,15.7838541667,0
2013-10-25,0.997,15.628125,0
2013-10-26,0.943,15.4114583333,0
2013-10-27,0.899,15.5479166667,0
2013-10-28,1.18,14.5609375,0
2013-10-29,2.058,12.1671875,0
2013-10-30,1.703,10.2776041667,0
2013-10-31,1.22,8.921875,0
2013-11-01,0.947,9.11875,0
2013-11-02,0.993,9.371875,0
2013-11-03,2.261,9.746875,0
2013-11-04,2.975,9.1682291667,0
2013-11-05,3.502,8.81875,0
2013-11-06,3.533,9.9515625,0
2013-11-07,3.978,10.3390625,0
2013-11-08,5.061,10.9947916667,0
2013-11-09,5.091,9.8333333333,0
2013-11-10,3.456,7.4432291667,0
2013-11-11,2.564,6.2213541667,0
2013-11-12,1.911,5.1901041667,0
2013-11-13,1.609,4.7822916667,0
2013-11-14,1.29,5.146875,0
2013-11-15,1.105,3.7151041667,0
2013-11-16,0.941,2.8427083333,0
2013-11-17,0.828,3.0473958333,0
2013-11-18,0.793,2.9734375,0
2013-11-19,0.754,3.8677083333,0
2013-11-20,0.705,4.43125,0
2013-11-21,0.672,4.1807291667,0
2013-11-22,0.646,4.3473958333,0
2013-11-23,0.614,4.2010416667,0
2013-11-24,0.598,3.59375,0
2013-11-25,0.579,2.4203125,0
2013-11-26,0.571,1.3390625,0
2013-11-27,0.554,1.8114583333,0
2013-11-28,0.543,2.8713541667,0
2013-11-29,0.559,4.33125,0
2013-11-30,0.677,5.3416666667,0
2013-12-01,0.619,5.30625,0
2013-12-02,0.615,4.1401041667,0
2013-12-03,0.622,3.6463541667,0
2013-12-04,0.627,3.2442708333,0
2013-12-05,0.661,2.478125,0
2013-12-06,0.758,3.1770833333,0
2013-12-07,0.759,4.2338541667,0
2013-12-08,1.266,5.2302083333,0
2013-12-09,2.27,6.1614583333,0
2013-12-10,1.953,6.5052083333,0
2013-12-11,1.516,5.5921875,0
2013-12-12,1.212,3.9286458333,0
2013-12-13,1.029,3.2651041667,0
2013-12-14,0.9,3.4442708333,0
2013-12-15,0.845,4.3442708333,0
2013-12-16,0.766,5.6744791667,0
2013-12-17,0.74,6.7604166667,0
2013-12-18,0.715,7.0932291667,0
2013-12-19,0.717,6.4229166667,0
2013-12-20,0.995,6.0119791667,0
2013-12-21,1.005,6.1947916667,0
2013-12-22,1.056,6.5302083333,0
2013-12-23,1.706,8.55625,0
2013-12-24,1.685,9.5119791667,0
2013-12-25,1.641,8.8171875,0
2013-12-26,1.414,8.4984375,0
2013-12-27,1.156,7.4322916667,0
2013-12-28,1.05,6.303125,0
2013-12-29,1.382,5.8859375,0
2013-12-30,1.45,5.4026041667,0
2013-12-31,1.634,5.0223958333,0
2014-01-01,1.493,6.1442708333,0
2014-01-02,1.338,7.4598958333,0
2014-01-03,1.256,7.9291666667,0
2014-01-04,1.364,7.8458333333,0
2014-01-05,1.313,8.0489583333,0
2014-01-06,1.734,8.4166666667,0
2014-01-07,2.455,9.0416666667,0
2014-01-08,2.452,9.884375,0
2014-01-09,2.087,8.7994791667,0
2014-01-10,2.274,7.2416666667,0
2014-01-11,2.176,5.6052083333,0
2014-01-12,1.876,4.5307291667,0
2014-01-13,1.545,4.7395833333,0
2014-01-14,1.349,4.65,0
2014-01-15,1.178,5.4619791667,0
2014-01-16,1.104,6.0911458333,0
2014-01-17,1.033,6.1546875,0
2014-01-18,0.942,6.4697916667,0
2014-01-19,0.894,5.5958333333,0
2014-01-20,0.851,4.2208333333,0
2014-01-21,0.796,3.3078125,0
2014-01-22,0.756,2.4286458333,0
2014-01-23,0.713,2.4916666667,0
2014-01-24,0.724,2.659375,0
2014-01-25,0.704,3.1729166667,0
2014-01-26,0.719,3.7859375,0
2014-01-27,2.074,3.9760416667,0
2014-01-28,3.058,3.6114583333,0
2014-01-29,2.541,3.0229166667,0
2014-01-30,1.882,2.746875,0
2014-01-31,1.484,3.0401041667,0
2014-02-01,1.236,3.7598958333,0
2014-02-02,1.362,3.8807291667,0
2014-02-03,1.156,4.5114583333,0
2014-02-04,1.161,4.6078125,0
2014-02-05,1.096,5.5203125,0
2014-02-06,1.04,7.1114583333,0
2014-02-07,1.047,7.4270833333,0
2014-02-08,1.092,7.4385416667,0
2014-02-09,1.202,6.4708333333,0
2014-02-10,1.217,5.6802083333,0
2014-02-11,1.232,5.4041666667,0
2014-02-12,1.321,5.2177083333,0
2014-02-13,1.239,5.4583333333,0
2014-02-14,1.763,6.6208333333,0
2014-02-15,2.46,6.9552083333,0
2014-02-16,2.167,7.2442708333,0
2014-02-17,1.881,7.4088541667,0
2014-02-18,1.6,6.5875,0
2014-02-19,1.41,6.9083333333,0
2014-02-20,1.279,6.9614583333,0
2014-02-21,1.37,6.7229166667,0
2014-02-22,1.384,6.3994791667,0
2014-02-23,1.46,6.4588541667,0
2014-02-24,1.432,7.1354166667,0
2014-02-25,1.353,7.8885416667,0
2014-02-26,1.186,7.746875,0
2014-02-27,1.058,7.0901041667,0
2014-02-28,1.16,6.08125,0
2014-03-01,1,5.2479166667,0
2014-03-02,0.919,5.4177083333,0
2014-03-03,0.889,5.41875,0
2014-03-04,0.87,5.3088541667,0
2014-03-05,0.78,5.4505208333,0
2014-03-06,0.724,6.0088541667,0
2014-03-07,0.69,7.3229166667,0
2014-03-08,0.675,9.5197916667,0
2014-03-09,0.652,10.8989583333,0
2014-03-10,0.634,11.028125,0
2014-03-11,0.626,10.7557291667,0
2014-03-12,0.609,9.7979166667,0
2014-03-13,0.599,9.2005208333,0
2014-03-14,0.594,9.315625,0
2014-03-15,0.591,9.4182291667,0
2014-03-16,0.58,9.521875,0
2014-03-17,0.568,9.8854166667,0
2014-03-18,0.565,10.4244791667,0
2014-03-19,0.565,11.2760416667,0
2014-03-20,0.561,11.5661458333,0
2014-03-21,0.555,10.9583333333,0
2014-03-22,0.557,9.3109375,0
2014-03-23,0.64,6.6302083333,0
2014-03-24,0.577,4.7807291667,0
2014-03-25,0.58,4.028125,0
2014-03-26,0.568,5.0348958333,0
2014-03-27,0.551,7.1927083333,0
2014-03-28,0.546,9.44375,0
2014-03-29,0.539,11.6677083333,0
2014-03-30,0.527,13.028125,0
2014-03-31,0.512,13.959375,0
2014-04-01,0.456,14.4671875,0
2014-04-02,0.471,15.1114583333,0
2014-04-03,0.396,15.1817708333,0
2014-04-04,0.483,14.3328125,0
2014-04-05,0.474,13.9651041667,0
2014-04-06,0.464,14.3307291667,0
2014-04-07,0.47,13.1447916667,0
2014-04-08,0.497,12.3682291667,0
2014-04-09,0.459,12.0088541667,0
2014-04-10,0.425,10.6614583333,0
2014-04-11,0.368,10.7401041667,0
2014-04-12,0.436,10.9786458333,0
2014-04-13,0.435,10.0510416667,0
2014-04-14,0.428,8.5645833333,0
2014-04-15,0.481,8.0901041667,0
2014-04-16,0.475,8.5963541667,0
2014-04-17,0.449,8.7598958333,0
2014-04-18,0.446,10.13125,0
2014-04-19,0.45,12.1447916667,0
2014-04-20,0.443,12.1651041667,0
2014-04-21,0.444,13.0880208333,0
2014-04-22,0.446,13.6265625,0
2014-04-23,0.432,12.984375,0
2014-04-24,0.43,14.1666666667,0
2014-04-25,0.447,14.5239583333,0
2014-04-26,0.473,14.153125,0
2014-04-27,0.443,14.0005208333,0
2014-04-28,0.521,12.9546875,0
2014-04-29,0.472,12.8885416667,0
2014-04-30,0.479,13.4072916667,0
2014-05-01,0.565,12.790625,0
2014-05-02,0.496,11.8494791667,0
2014-05-03,0.475,10.5864583333,0
2014-05-04,0.471,10.2041666667,0
2014-05-05,0.468,11.1135416667,0
2014-05-06,0.476,12.0697916667,0
2014-05-07,0.95,12.8380208333,0
2014-05-08,0.756,13.2380208333,0
2014-05-09,1.111,12.4302083333,0
2014-05-10,0.939,12.1854166667,0
2014-05-11,2.055,11.9015625,0
2014-05-12,1.924,10.6994791667,0
2014-05-13,1.552,10.1317708333,0
2014-05-14,1.43,9.1369791667,0
2014-05-15,1.333,9.3796875,0
2014-05-16,1.149,10.1338541667,0
2014-05-17,0.974,11.6520833333,0
2014-05-18,0.856,14.4307291667,0
2014-05-19,0.758,16.7583333333,0
2014-05-20,0.696,18.9890625,0
2014-05-21,0.6,20.0119791667,0
2014-05-22,0.56,19.2046875,0
2014-05-23,0.658,17.6661458333,0
2014-05-24,0.586,16.4713541667,0
2014-05-25,0.539,15.7473958333,0
2014-05-26,0.534,15.48125,0
2014-05-27,0.625,15.4385416667,0
2014-05-28,1.801,14.4979166667,0
2014-05-29,1.518,13.3651041667,0
2014-05-30,1.261,13.09375,0
2014-05-31,1.027,12.9,0
2014-06-01,0.878,13.3703125,0
2014-06-02,0.787,14.3255208333,0
2014-06-03,0.716,14.8135416667,0
2014-06-04,0.687,14.5578125,0
2014-06-05,0.737,15.3817708333,0
2014-06-06,0.655,17.5161458333,0
2014-06-07,0.601,19.5098958333,0
2014-06-08,0.531,22.2473958333,0
2014-06-09,0.529,23.3661458333,0
2014-06-10,1.646,22.1479166667,0
2014-06-11,0.583,20.7510416667,0
2014-06-12,2.335,19.1213541667,0
2014-06-13,1.501,17.3,0
2014-06-14,1.072,16.6229166667,0
2014-06-15,0.931,15.7265625,0
2014-06-16,0.832,15.2265625,0
2014-06-17,0.746,15.5328125,0
2014-06-18,0.695,14.9421875,0
2014-06-19,0.661,15.0171875,0
2014-06-20,0.632,15.0239583333,0
2014-06-21,0.577,14.8255208333,0
2014-06-22,0.505,15.1765625,0
2014-06-23,0.475,15.4828125,0
2014-06-24,0.5,15.2432291667,0
2014-06-25,0.51,15.3026041667,0
2014-06-26,0.496,15.9385416667,0
2014-06-27,0.487,15.7421875,0
2014-06-28,0.649,15.7927083333,0
2014-06-29,0.576,15.3640625,0
2014-06-30,0.736,14.4927083333,0
2014-07-01,0.576,14.6614583333,0
2014-07-02,0.487,15.8458333333,0
2014-07-03,0.498,17.8338541667,0
2014-07-04,0.487,19.2520833333,0
2014-07-05,0.493,20.8723958333,0
2014-07-06,0.619,20.6671875,0
2014-07-07,0.661,18.753125,0
2014-07-08,0.511,17.084375,0
2014-07-09,1.737,16.303125,0
2014-07-10,7.368,16.4854166667,0
2014-07-11,4.231,17.3244791667,0
2014-07-12,2.833,18.4166666667,0
2014-07-13,2.013,18.0651041667,0
2014-07-14,1.73,17.8760416667,0
2014-07-15,1.306,18.7541666667,0
2014-07-16,1.089,19.8760416667,0
2014-07-17,0.922,21.98125,0
2014-07-18,0.796,24.2380208333,0
2014-07-19,0.73,24.6916666667,0
2014-07-20,0.689,24.0677083333,0
2014-07-21,0.676,23.2369791667,0
2014-07-22,0.752,21.9729166667,0
2014-07-23,0.693,21.0390625,0
2014-07-24,0.8,20.7776041667,0
2014-07-25,0.644,19.8713541667,0
2014-07-26,0.62,19.24375,0
2014-07-27,0.586,19.5151041667,0
2014-07-28,0.568,19.9484375,0
2014-07-29,0.595,20.1598958333,0
2014-07-30,1.078,20.0416666667,0
2014-07-31,0.768,20.4572916667,0
2014-08-01,0.723,20.6697916667,0
2014-08-02,0.675,20.7453125,0
2014-08-03,0.678,20.5057291667,0
2014-08-04,0.65,19.578125,0
2014-08-05,0.621,18.834375,0
2014-08-06,0.617,18.559375,0
2014-08-07,0.595,19.075,0
2014-08-08,0.587,19.4057291667,0
2014-08-09,0.566,19.5578125,0
2014-08-10,0.571,18.8880208333,0
2014-08-11,0.603,17.8385416667,0
2014-08-12,0.551,16.8005208333,0
2014-08-13,0.632,15.7515625,0
2014-08-14,0.657,15.0854166667,0
2014-08-15,0.796,14.8317708333,0
2014-08-16,1.148,14.7703125,0
2014-08-17,1.427,14.8838541667,0
2014-08-18,1.311,14.5651041667,0
2014-08-19,1.071,13.9234375,0
2014-08-20,1.012,13.4177083333,0
2014-08-21,1.06,13.2625,0
2014-08-22,0.9,13.3317708333,0
2014-08-23,0.869,13.2989583333,0
2014-08-24,0.802,13.3416666667,0
2014-08-25,0.731,13.1557291667,0
2014-08-26,0.789,13.8395833333,0
2014-08-27,2.122,15.1546875,0
2014-08-28,2.384,16.0026041667,0
2014-08-29,1.644,16.5505208333,0
2014-08-30,1.212,16.1838541667,0
2014-08-31,1.437,15.3619791667,0
2014-09-01,1.555,14.809375,0
2014-09-02,1.511,14.6411458333,0
2014-09-03,1.257,15.4598958333,0
2014-09-04,1.058,16.64375,0
2014-09-05,0.905,17.4494791667,0
2014-09-06,0.802,17.93125,0
2014-09-07,0.73,17.565625,0
2014-09-08,0.75,16.2739583333,0
2014-09-09,0.692,15.3520833333,0
2014-09-10,0.664,14.6348958333,0
2014-09-11,0.653,14.1786458333,0
2014-09-12,0.62,14.6385416667,0
2014-09-13,0.603,14.9640625,0
2014-09-14,0.593,15.4458333333,0
2014-09-15,0.578,16.5052083333,0
2014-09-16,0.567,17.1270833333,0
2014-09-17,0.553,17.9463541667,0
2014-09-18,0.54,18.6609375,0
2014-09-19,0.537,18.4994791667,0
2014-09-20,0.597,17.6671875,0
2014-09-21,0.732,15.9395833333,0
2014-09-22,0.644,13.6760416667,0
2014-09-23,0.613,12.1776041667,0
2014-09-24,0.595,11.9208333333,0
2014-09-25,0.675,12.6671875,0
2014-09-26,0.595,13.9171875,0
2014-09-27,0.59,14.9286458333,0
2014-09-28,0.575,15.6177083333,0
2014-09-29,0.567,15.8817708333,0
2014-09-30,0.582,15.9052083333,0
2014-10-01,0.556,15.6484375,0
2014-10-02,0.547,15.2505208333,0
2014-10-03,0.533,15.065625,0
2014-10-04,0.525,14.4114583333,0
2014-10-05,0.512,14.3072916667,0
2014-10-06,0.505,13.8802083333,0
2014-10-07,0.472,13.4796875,0
2014-10-08,0.627,14.0864583333,0
2014-10-09,0.909,14.1619791667,0
2014-10-10,1.409,14.3369791667,0
2014-10-11,1.187,14.1838541667,0
2014-10-12,1.012,14.3770833333,0
2014-10-13,0.87,14.1088541667,0
2014-10-14,0.791,13.7598958333,0
2014-10-15,0.733,14.0604166667,0
2014-10-16,0.693,13.7270833333,0
2014-10-17,0.694,14.2802083333,0
2014-10-18,0.672,15.5541666667,0
2014-10-19,0.654,15.4697916667,0
2014-10-20,0.651,14.4765625,0
2014-10-21,0.65,12.659375,0
2014-10-22,1.07,10.8161458333,0
2014-10-23,1.379,10.215625,0
2014-10-24,1.538,10.4473958333,0
2014-10-25,1.281,11.2682291667,0
2014-10-26,1.071,11.0479166667,0
2014-10-27,0.932,10.0588541667,0
2014-10-28,0.832,9.234375,0
2014-10-29,0.774,9.4869791667,0
2014-10-30,0.735,10.6130208333,0
2014-10-31,0.703,12.3578125,0
2014-11-01,0.535,13.6520833333,0
2014-11-02,0.526,13.9859375,0
2014-11-03,0.504,12.9677083333,0
2014-11-04,0.5,11.5453125,0
2014-11-05,1.08,9.8296875,0
2014-11-06,1.154,7.984375,0
2014-11-07,1.109,8.0119791667,0
2014-11-08,0.977,8.0427083333,0
2014-11-09,0.785,8.7223958333,0
2014-11-10,0.711,9.4854166667,0
2014-11-11,0.666,9.2958333333,0
2014-11-12,0.619,9.3979166667,0
2014-11-13,0.582,9.8541666667,0
2014-11-14,0.553,9.884375,0
2014-11-15,0.552,9.6645833333,0
2014-11-16,0.552,9.646875,0
2014-11-17,0.834,9.0072916667,0
2014-11-18,0.888,8.3416666667,0
2014-11-19,0.865,7.1760416667,0
2014-11-20,0.773,6.2703125,0
2014-11-21,0.701,6.0489583333,0
2014-11-22,0.649,6.7104166667,0
2014-11-23,0.61,7.4796875,0
2014-11-24,0.579,6.8473958333,0
2014-11-25,0.553,6.159375,0
2014-11-26,0.553,5.225,0
2014-11-27,0.526,4.8385416667,0
2014-11-28,0.51,4.9942708333,0
2014-11-29,0.498,4.5864583333,0
2014-11-30,0.473,3.9088541667,0
2014-12-01,0.47,3.1619791667,0
2014-12-02,0.47,2.5046875,0
2014-12-03,0.445,2.2911458333,0
2014-12-04,0.444,2.4427083333,0
2014-12-05,0.444,3.0177083333,0
2014-12-06,0.423,3.7453125,0
2014-12-07,0.421,3.8333333333,0
2014-12-08,0.47,3.5140625,0
2014-12-09,0.444,3.4973958333,0
2014-12-10,0.444,3.8604166667,0
2014-12-11,0.525,5.3041666667,0
2014-12-12,0.552,5.5067708333,0
2014-12-13,3.518,4.71875,0
2014-12-14,3.463,4.1182291667,0
2014-12-15,2.349,3.2333333333,0
2014-12-16,2,3.8734375,0
2014-12-17,1.511,6.3442708333,0
2014-12-18,2.363,7.9296875,0
2014-12-19,4.666,8.0833333333,0
2014-12-20,13.676,8.2479166667,0
2014-12-21,5.165,7.9526041667,0
2014-12-22,3.183,8.3416666667,0
2014-12-23,2.563,8.9942708333,0
2014-12-24,2.235,8.3020833333,0
2014-12-25,5.07,6.4088541667,0
2014-12-26,4.433,3.8213541667,0
2014-12-27,3.096,0.7203125,0
2014-12-28,2.414,0.1,0
2014-12-29,1.604,0.1,0
