time,flow,temp,salt
1996-01-01,0.111,0.1,0
1996-01-02,0.106,0.6932291667,0
1996-01-03,0.089,0.6765625,0
1996-01-04,0.063,0.1,0
1996-01-05,0.063,0.1,0
1996-01-06,0.063,0.1,0
1996-01-07,0.063,0.5213541667,0
1996-01-08,0.075,2.2526041667,0
1996-01-09,0.063,4.4682291667,0
1996-01-10,0.075,4.7911458333,0
1996-01-11,0.075,5.6260416667,0
1996-01-12,0.063,6.2640625,0
1996-01-13,0.063,5.678125,0
1996-01-14,0.063,5.0947916667,0
1996-01-15,0.054,3.3864583333,0
1996-01-16,0.054,1.5270833333,0
1996-01-17,0.054,0.5432291667,0
1996-01-18,0.054,0.1,0
1996-01-19,0.05,0.1,0
1996-01-20,0.049,0.1,0
1996-01-21,0.049,0.1,0
1996-01-22,0.049,0.1,0
1996-01-23,0.049,0.1,0
1996-01-24,0.049,0.1,0
1996-01-25,0.044,0.1,0
1996-01-26,0.039,0.1,0
1996-01-27,0.049,0.1,0
1996-01-28,0.044,0.1,0
1996-01-29,0.044,0.1,0
1996-01-30,0.039,0.1,0
1996-01-31,0.044,0.1,0
1996-02-01,0.044,0.1,0
1996-02-02,0.039,0.1,0
1996-02-03,0.039,0.1,0
1996-02-04,0.039,0.1,0
1996-02-05,0.039,0.1,0
1996-02-06,0.039,0.1,0
1996-02-07,0.054,0.1,0
1996-02-08,0.039,0.1,0
1996-02-09,0.044,0.1,0
1996-02-10,0.033,0.3020833333,0
1996-02-11,0.033,2.1338541667,0
1996-02-12,0.095,2.709375,0
1996-02-13,0.224,2.4604166667,0
1996-02-14,0.158,1.3817708333,0
1996-02-15,0.089,1.3864583333,0
1996-02-16,0.063,2.2536458333,0
1996-02-17,0.718,2.9515625,0
1996-02-18,0.508,3.6041666667,0
1996-02-19,1.033,2.5411458333,0
1996-02-20,0.704,0.2302083333,0
1996-02-21,0.412,0.1,0
1996-02-22,0.259,0.1,0
1996-02-23,0.188,0.1,0
1996-02-24,0.159,0.1,0
1996-02-25,0.132,3.1239583333,0
1996-02-26,0.366,5.3869791667,0
1996-02-27,0.742,6.509375,0
1996-02-28,0.436,4.9734375,0
1996-02-29,0.268,3.0557291667,0
1996-03-01,0.205,1.3911458333,0
1996-03-02,0.173,0.4302083333,0
1996-03-03,0.146,0.1,0
1996-03-04,0.132,0.4296875,0
1996-03-05,0.119,1.275,0
1996-03-06,0.104,1.8932291667,0
1996-03-07,0.104,3.0625,0
1996-03-08,0.089,3.1989583333,0
1996-03-09,0.075,3.2895833333,0
1996-03-10,0.075,1.8572916667,0
1996-03-11,0.063,0.1223958333,0
1996-03-12,0.063,0.1,0
1996-03-13,0.063,0.1,0
1996-03-14,0.063,0.4109375,0
1996-03-15,0.063,2.709375,0
1996-03-16,0.054,4.6208333333,0
1996-03-17,0.054,5.7604166667,0
1996-03-18,0.049,6.11875,0
1996-03-19,0.049,6.8880208333,0
1996-03-20,0.049,7.6322916667,0
1996-03-21,0.049,8.0411458333,0
1996-03-22,0.054,8.6317708333,0
1996-03-23,0.049,8.7083333333,0
1996-03-24,0.049,8.7614583333,0
1996-03-25,0.049,8.3838541667,0
1996-03-26,0.044,6.5369791667,0
1996-03-27,0.044,4.7260416667,0
1996-03-28,0.044,3.1145833333,0
1996-03-29,0.044,1.8854166667,0
1996-03-30,0.049,1.5380208333,0
1996-03-31,0.049,1.2703125,0
1996-04-01,0.049,0.7109375,0
1996-04-02,0.049,0.9182291667,0
1996-04-03,0.049,1.9192708333,0
1996-04-04,0.049,3.4140625,0
1996-04-05,0.044,5.9151041667,0
1996-04-06,0.049,8.2395833333,0
1996-04-07,0.049,8.75,0
1996-04-08,0.049,9.41875,0
1996-04-09,0.044,9.7588541667,0
1996-04-10,0.044,9.1109375,0
1996-04-11,0.044,8.7802083333,0
1996-04-12,0.049,7.6125,0
1996-04-13,0.044,6.2505208333,0
1996-04-14,0.044,5.940625,0
1996-04-15,0.044,7.5182291667,0
1996-04-16,0.039,9.7677083333,0
1996-04-17,0.039,11.634375,0
1996-04-18,0.039,13.2875,0
1996-04-19,0.039,15.0005208333,0
1996-04-20,0.039,16.4234375,0
1996-04-21,0.039,18.1817708333,0
1996-04-22,0.035,19.0354166667,0
1996-04-23,0.033,17.3130208333,0
1996-04-24,0.033,15.0572916667,0
1996-04-25,0.039,12.7177083333,0
1996-04-26,0.033,11.9411458333,0
1996-04-27,0.033,11.9578125,0
1996-04-28,0.033,11.6583333333,0
1996-04-29,0.033,11.3578125,0
1996-04-30,0.033,10.903125,0
1996-05-01,0.033,10.7427083333,0
1996-05-02,0.033,11.1130208333,0
1996-05-03,0.044,10.3541666667,0
1996-05-04,0.044,8.7015625,0
1996-05-05,0.049,8.0979166667,0
1996-05-06,0.044,7.89375,0
1996-05-07,0.044,8.3786458333,0
1996-05-08,0.044,9.0869791667,0
1996-05-09,0.044,8.8453125,0
1996-05-10,0.044,8.5166666667,0
1996-05-11,0.044,8.6078125,0
1996-05-12,0.039,8.621875,0
1996-05-13,0.039,9.4286458333,0
1996-05-14,0.039,9.6677083333,0
1996-05-15,0.044,9.8494791667,0
1996-05-16,0.044,11.428125,0
1996-05-17,0.044,12.3291666667,0
1996-05-18,0.049,13.0119791667,0
1996-05-19,0.044,13.44375,0
1996-05-20,0.044,12.2291666667,0
1996-05-21,0.044,11.5963541667,0
1996-05-22,0.054,11.7135416667,0
1996-05-23,0.049,13.2098958333,0
1996-05-24,0.054,14.0104166667,0
1996-05-25,0.049,14.2494791667,0
1996-05-26,0.089,14.0015625,0
1996-05-27,0.089,12.1244791667,0
1996-05-28,0.181,12.7052083333,0
1996-05-29,0.159,14.7291666667,0
1996-05-30,0.146,16.928125,0
1996-05-31,0.119,17.6130208333,0
1996-06-01,0.097,16.5453125,0
1996-06-02,0.089,15.0895833333,0
1996-06-03,0.075,14.2015625,0
1996-06-04,0.075,16.01875,0
1996-06-05,0.054,19.0104166667,0
1996-06-06,0.054,21.540625,0
1996-06-07,0.049,23.3520833333,0
1996-06-08,0.049,23.1755208333,0
1996-06-09,0.063,22.4739583333,0
1996-06-10,0.044,21.7479166667,0
1996-06-11,0.044,20.1838541667,0
1996-06-12,0.039,18.6182291667,0
1996-06-13,0.039,16.6265625,0
1996-06-14,0.039,14.746875,0
1996-06-15,0.039,14.21875,0
1996-06-16,0.033,15.4557291667,0
1996-06-17,0.033,16.7473958333,0
1996-06-18,0.027,16.3453125,0
1996-06-19,0.026,15.0015625,0
1996-06-20,0.033,13.5197916667,0
1996-06-21,0.039,11.8583333333,0
1996-06-22,0.033,11.6515625,0
1996-06-23,0.054,12.0609375,0
1996-06-24,0.039,12.2895833333,0
1996-06-25,0.033,13.1671875,0
1996-06-26,0.033,13.6458333333,0
1996-06-27,0.026,15.1119791667,0
1996-06-28,0.032,15.1734375,0
1996-06-29,0.026,14.90625,0
1996-06-30,0.044,14.9973958333,0
1996-07-01,0.049,13.7510416667,0
1996-07-02,0.052,14.6854166667,0
1996-07-03,0.054,15.6994791667,0
1996-07-04,0.044,15.6510416667,0
1996-07-05,0.054,15.7317708333,0
1996-07-06,0.075,14.8348958333,0
1996-07-07,0.075,13.6729166667,0
1996-07-08,0.063,13.5255208333,0
1996-07-09,0.054,13.7791666667,0
1996-07-10,0.054,14.840625,0
1996-07-11,0.075,16.4515625,0
1996-07-12,0.081,17.6015625,0
1996-07-13,0.063,18.6661458333,0
1996-07-14,0.054,18.8671875,0
1996-07-15,0.054,17.5369791667,0
1996-07-16,0.049,16.7125,0
1996-07-17,0.049,15.5296875,0
1996-07-18,0.044,14.9223958333,0
1996-07-19,0.044,15.7265625,0
1996-07-20,0.039,16.9869791667,0
1996-07-21,0.039,18.8151041667,0
1996-07-22,0.039,20.0479166667,0
1996-07-23,0.033,19.4994791667,0
1996-07-24,0.033,18.4572916667,0
1996-07-25,0.063,17.2510416667,0
1996-07-26,0.075,16.609375,0
1996-07-27,0.049,17.4104166667,0
1996-07-28,0.044,18.1958333333,0
1996-07-29,0.044,18.64375,0
1996-07-30,0.045,18.7192708333,0
1996-07-31,0.039,18.9921875,0
1996-08-01,0.039,18.5786458333,0
1996-08-02,0.039,18.1223958333,0
1996-08-03,0.033,17.5541666667,0
1996-08-04,0.033,17.2380208333,0
1996-08-05,0.026,17.4552083333,0
1996-08-06,0.026,17.7390625,0
1996-08-07,0.026,17.840625,0
1996-08-08,0.026,18.79375,0
1996-08-09,0.026,19.7359375,0
1996-08-10,0.022,20,0
1996-08-11,0.039,19.7286458333,0
1996-08-12,0.039,18.2765625,0
1996-08-13,0.109,17.0572916667,0
1996-08-14,0.054,16.4447916667,0
1996-08-15,0.044,16.4947916667,0
1996-08-16,0.054,16.5057291667,0
1996-08-17,0.045,17.171875,0
1996-08-18,0.044,18.68125,0
1996-08-19,0.039,20.3796875,0
1996-08-20,0.038,20.8875,0
1996-08-21,0.033,20.5223958333,0
1996-08-22,0.033,19.6880208333,0
1996-08-23,0.268,18.2114583333,0
1996-08-24,0.173,17.6447916667,0
1996-08-25,0.132,16.984375,0
1996-08-26,0.104,16.2572916667,0
1996-08-27,0.075,15.4171875,0
1996-08-28,0.063,14.653125,0
1996-08-29,0.129,14.4177083333,0
1996-08-30,3.128,13.7520833333,0
1996-08-31,1.865,13.3609375,0
1996-09-01,1.058,13.4697916667,0
1996-09-02,0.665,13.4520833333,0
1996-09-03,0.361,13.8744791667,0
1996-09-04,0.224,14.4369791667,0
1996-09-05,0.173,13.9473958333,0
1996-09-06,0.144,12.8614583333,0
1996-09-07,0.119,11.8229166667,0
1996-09-08,0.104,10.915625,0
1996-09-09,0.089,11.0182291667,0
1996-09-10,0.075,11.4932291667,0
1996-09-11,0.075,11.5635416667,0
1996-09-12,0.063,11.5166666667,0
1996-09-13,0.119,11.8401041667,0
1996-09-14,0.132,11.821875,0
1996-09-15,0.104,11.5822916667,0
1996-09-16,0.104,11.3838541667,0
1996-09-17,0.104,10.7020833333,0
1996-09-18,0.089,10.7708333333,0
1996-09-19,0.089,10.8692708333,0
1996-09-20,0.075,11.1265625,0
1996-09-21,0.075,11.0776041667,0
1996-09-22,0.075,10.6890625,0
1996-09-23,0.063,10.7473958333,0
1996-09-24,0.063,11.0223958333,0
1996-09-25,0.063,11.6057291667,0
1996-09-26,0.063,12.2510416667,0
1996-09-27,0.054,12.8760416667,0
1996-09-28,0.132,13.3489583333,0
1996-09-29,0.089,14.4317708333,0
1996-09-30,0.089,13.9234375,0
1996-10-01,0.104,13.0505208333,0
1996-10-02,0.627,12.053125,0
1996-10-03,0.665,10.575,0
1996-10-04,0.422,10.0213541667,0
1996-10-05,0.268,9.5828125,0
1996-10-06,0.224,9.475,0
1996-10-07,0.173,9.4625,0
1996-10-08,0.159,9.7421875,0
1996-10-09,0.146,10.3953125,0
1996-10-10,0.132,10.9135416667,0
1996-10-11,0.119,11.0708333333,0
1996-10-12,0.104,11.90625,0
1996-10-13,0.104,12.6942708333,0
1996-10-14,0.089,13.0765625,0
1996-10-15,0.089,12.4875,0
1996-10-16,0.104,11.2447916667,0
1996-10-17,0.104,9.8416666667,0
1996-10-18,0.089,9.1645833333,0
1996-10-19,0.089,9.6541666667,0
1996-10-20,0.104,10.628125,0
1996-10-21,0.205,10.8125,0
1996-10-22,0.858,10.4015625,0
1996-10-23,0.627,9.95,0
1996-10-24,0.436,9.3380208333,0
1996-10-25,0.295,9.7578125,0
1996-10-26,0.244,10.1260416667,0
1996-10-27,0.203,11.1348958333,0
1996-10-28,0.819,11.3572916667,0
1996-10-29,0.627,10.7359375,0
1996-10-30,0.627,10.425,0
1996-10-31,0.551,9.7375,0
1996-11-01,0.882,10.2916666667,0
1996-11-02,1.374,11.6020833333,0
1996-11-03,0.935,12.6067708333,0
1996-11-04,0.68,12.559375,0
1996-11-05,0.589,11.821875,0
1996-11-06,0.474,10.8125,0
1996-11-07,0.474,9.3848958333,0
1996-11-08,0.781,8.7661458333,0
1996-11-09,0.858,8.0864583333,0
1996-11-10,0.641,8.06875,0
1996-11-11,0.513,8.5296875,0
1996-11-12,0.368,8.0484375,0
1996-11-13,0.289,6.590625,0
1996-11-14,0.248,4.5640625,0
1996-11-15,0.222,3.0223958333,0
1996-11-16,0.208,2.1203125,0
1996-11-17,0.199,1.978125,0
1996-11-18,0.193,2.5151041667,0
1996-11-19,0.188,3.2557291667,0
1996-11-20,0.188,3.3994791667,0
1996-11-21,0.244,3.5505208333,0
1996-11-22,0.224,2.8395833333,0
1996-11-23,0.244,1.696875,0
1996-11-24,0.244,1.3890625,0
1996-11-25,0.224,1.9682291667,0
1996-11-26,0.244,2.1125,0
1996-11-27,0.295,2.0015625,0
1996-11-28,0.361,2.0328125,0
1996-11-29,0.326,2.1385416667,0
1996-11-30,0.357,2.7520833333,0
1996-12-01,0.699,4.0765625,0
1996-12-02,0.926,4.8333333333,0
1996-12-03,1.252,5.6744791667,0
1996-12-04,1.435,6.3645833333,0
1996-12-05,1.292,5.959375,0
1996-12-06,0.892,5.1484375,0
1996-12-07,0.627,3.2140625,0
1996-12-08,0.436,1.628125,0
1996-12-09,0.326,0.3546875,0
1996-12-10,0.291,0.1,0
1996-12-11,0.239,0.1,0
1996-12-12,0.21,0.1140625,0
1996-12-13,0.192,0.1,0
1996-12-14,0.187,0.6020833333,0
1996-12-15,0.167,1.3078125,0
1996-12-16,0.163,1.6583333333,0
1996-12-17,0.146,3.771875,0
1996-12-18,0.159,4.978125,0
1996-12-19,0.146,4.7510416667,0
1996-12-20,0.168,3.809375,0
1996-12-21,0.159,1.8677083333,0
1996-12-22,0.173,0.1,0
1996-12-23,0.173,0.1,0
1996-12-24,0.173,0.1,0
1996-12-25,0.147,0.1,0
1996-12-26,0.146,0.1,0
1996-12-27,0.104,0.1,0
1996-12-28,0.119,0.1,0
1996-12-29,0.132,0.1,0
1996-12-30,0.132,0.1,0
1996-12-31,0.123,0.1,0
1997-01-01,0.134,0.1,0
1997-01-02,0.195,0.1,0
1997-01-03,0.132,0.1,0
1997-01-04,0.132,0.1,0
1997-01-05,0.104,0.1,0
1997-01-06,0.089,0.1,0
1997-01-07,0.075,0.1,0
1997-01-08,0.075,0.1,0
1997-01-09,0.075,0.1,0
1997-01-10,0.075,0.1,0
1997-01-11,0.063,0.1,0
1997-01-12,0.063,0.1,0
1997-01-13,0.063,0.1,0
1997-01-14,0.063,0.1,0
1997-01-15,0.061,0.8614583333,0
1997-01-16,0.059,1.6380208333,0
1997-01-17,0.062,2.0182291667,0
1997-01-18,0.061,2.925,0
1997-01-19,0.061,3.60625,0
1997-01-20,0.093,3.4166666667,0
1997-01-21,0.121,3.9291666667,0
1997-01-22,0.09,4.5854166667,0
1997-01-23,0.079,5.0359375,0
1997-01-24,0.077,4.7390625,0
1997-01-25,0.076,3.7598958333,0
1997-01-26,0.07,2.0635416667,0
1997-01-27,0.067,0.4734375,0
1997-01-28,0.064,0.6619791667,0
1997-01-29,0.062,0.7875,0
1997-01-30,0.061,1.5833333333,0
1997-01-31,0.061,2.1057291667,0
1997-02-01,0.063,1.4802083333,0
1997-02-02,0.063,1.1244791667,0
1997-02-03,0.063,1.0203125,0
1997-02-04,0.054,1.5755208333,0
1997-02-05,0.394,2.4307291667,0
1997-02-06,0.361,3.7296875,0
1997-02-07,0.224,4.7203125,0
1997-02-08,0.188,5.8822916667,0
1997-02-09,0.188,7.2333333333,0
1997-02-10,0.188,7.184375,0
1997-02-11,0.292,8.1005208333,0
1997-02-12,0.212,7.6109375,0
1997-02-13,1.698,6.5963541667,0
1997-02-14,2.837,5.7848958333,0
1997-02-15,1.493,4.1890625,0
1997-02-16,0.795,3.815625,0
1997-02-17,0.513,4.6802083333,0
1997-02-18,0.361,5.5833333333,0
1997-02-19,0.935,6.78125,0
1997-02-20,0.897,8.0432291667,0
1997-02-21,0.622,8.5098958333,0
1997-02-22,0.513,9.4057291667,0
1997-02-23,0.398,9.9958333333,0
1997-02-24,0.326,10.553125,0
1997-02-25,0.541,10.4182291667,0
1997-02-26,0.975,9.6859375,0
1997-02-27,0.975,9.5484375,0
1997-02-28,0.882,9.4958333333,0
1997-03-01,0.627,10.2671875,0
1997-03-02,0.436,10.703125,0
1997-03-03,0.326,10.2130208333,0
1997-03-04,0.244,9.6557291667,0
1997-03-05,0.205,8.303125,0
1997-03-06,0.188,8.7427083333,0
1997-03-07,0.173,8.95625,0
1997-03-08,0.159,8.871875,0
1997-03-09,0.146,9.8557291667,0
1997-03-10,0.132,9.0197916667,0
1997-03-11,0.132,8.9390625,0
1997-03-12,0.119,9.3213541667,0
1997-03-13,0.119,8.8604166667,0
1997-03-14,0.104,9.6401041667,0
1997-03-15,0.104,10.0973958333,0
1997-03-16,0.132,9.9604166667,0
1997-03-17,0.132,9.8296875,0
1997-03-18,0.129,8.946875,0
1997-03-19,0.161,7.0140625,0
1997-03-20,0.268,5.7192708333,0
1997-03-21,0.299,4.3770833333,0
1997-03-22,0.268,3.9213541667,0
1997-03-23,0.244,4.7166666667,0
1997-03-24,0.224,5.025,0
1997-03-25,0.188,6.5770833333,0
1997-03-26,0.173,8.7526041667,0
1997-03-27,0.161,9.215625,0
1997-03-28,0.146,9.2619791667,0
1997-03-29,0.159,9.0552083333,0
1997-03-30,0.146,7.7239583333,0
1997-03-31,0.146,8.0458333333,0
1997-04-01,0.132,8.6578125,0
1997-04-02,0.132,8.4072916667,0
1997-04-03,0.119,7.6828125,0
1997-04-04,0.119,7.1489583333,0
1997-04-05,0.119,6.4989583333,0
1997-04-06,0.665,5.7270833333,0
1997-04-07,0.651,6.4546875,0
1997-04-08,0.436,6.9588541667,0
1997-04-09,0.295,7.6119791667,0
1997-04-10,0.224,8.1932291667,0
1997-04-11,0.188,7.578125,0
1997-04-12,0.159,6.6963541667,0
1997-04-13,0.146,6.6234375,0
1997-04-14,0.132,6.6692708333,0
1997-04-15,0.119,6.6427083333,0
1997-04-16,0.104,6.9442708333,0
1997-04-17,0.104,6.4875,0
1997-04-18,0.089,6.434375,0
1997-04-19,0.089,6.1932291667,0
1997-04-20,0.075,5.5651041667,0
1997-04-21,0.075,4.9572916667,0
1997-04-22,0.063,4.7588541667,0
1997-04-23,0.063,6.0661458333,0
1997-04-24,0.063,7.728125,0
1997-04-25,0.054,9.3307291667,0
1997-04-26,0.071,10.5328125,0
1997-04-27,0.075,11.2145833333,0
1997-04-28,0.132,10.9942708333,0
1997-04-29,0.119,10.9630208333,0
1997-04-30,0.627,11.18125,0
1997-05-01,0.627,11.8338541667,0
1997-05-02,0.436,13.6364583333,0
1997-05-03,0.295,15.2989583333,0
1997-05-04,0.224,15.8713541667,0
1997-05-05,0.188,14.4921875,0
1997-05-06,0.268,11.446875,0
1997-05-07,0.603,9.0494791667,0
1997-05-08,0.814,8.0994791667,0
1997-05-09,0.627,8.6984375,0
1997-05-10,0.513,10.8489583333,0
1997-05-11,0.361,12.3369791667,0
1997-05-12,0.295,13.7802083333,0
1997-05-13,0.244,14.615625,0
1997-05-14,0.205,15.1270833333,0
1997-05-15,0.173,16.5072916667,0
1997-05-16,0.159,17.8276041667,0
1997-05-17,0.151,18.1572916667,0
1997-05-18,0.132,18.7796875,0
1997-05-19,0.146,17.66875,0
1997-05-20,0.119,15.6223958333,0
1997-05-21,0.119,14.0442708333,0
1997-05-22,0.146,12.0151041667,0
1997-05-23,0.173,10.6989583333,0
1997-05-24,0.146,10.5395833333,0
1997-05-25,0.146,11.1588541667,0
1997-05-26,0.132,11.5890625,0
1997-05-27,0.132,11.9619791667,0
1997-05-28,0.119,12.0973958333,0
1997-05-29,0.104,12.3484375,0
1997-05-30,0.089,12.5520833333,0
1997-05-31,0.089,13.0135416667,0
1997-06-01,0.075,13.7151041667,0
1997-06-02,0.075,14.53125,0
1997-06-03,0.063,15.7104166667,0
1997-06-04,0.063,17.4838541667,0
1997-06-05,0.054,18.8557291667,0
1997-06-06,0.054,20.1703125,0
1997-06-07,0.049,19.9338541667,0
1997-06-08,0.049,19.3234375,0
1997-06-09,0.084,19.13125,0
1997-06-10,0.049,18.7026041667,0
1997-06-11,0.049,19.1114583333,0
1997-06-12,0.068,19.3890625,0
1997-06-13,0.051,18.4401041667,0
1997-06-14,0.104,16.8932291667,0
1997-06-15,0.119,16.06875,0
1997-06-16,0.104,15.2739583333,0
1997-06-17,0.075,14.5552083333,0
1997-06-18,0.063,14.8578125,0
1997-06-19,0.063,14.8479166667,0
1997-06-20,0.054,14.7864583333,0
1997-06-21,0.058,15.0145833333,0
1997-06-22,0.054,14.4421875,0
1997-06-23,0.054,14.0375,0
1997-06-24,0.068,13.3578125,0
1997-06-25,0.054,13.4046875,0
1997-06-26,0.054,13.859375,0
1997-06-27,0.054,14.7166666667,0
1997-06-28,0.063,15.3921875,0
1997-06-29,0.054,15.4296875,0
1997-06-30,0.054,15.5651041667,0
1997-07-01,0.054,15.3692708333,0
1997-07-02,0.054,15.8302083333,0
1997-07-03,0.054,16.0640625,0
1997-07-04,0.049,16.0671875,0
1997-07-05,0.044,15.90625,0
1997-07-06,0.049,15.9401041667,0
1997-07-07,0.044,15.9791666667,0
1997-07-08,0.044,16.325,0
1997-07-09,0.044,17.009375,0
1997-07-10,0.044,17.8182291667,0
1997-07-11,0.039,19.0510416667,0
1997-07-12,0.039,19.9494791667,0
1997-07-13,0.039,20.2703125,0
1997-07-14,0.039,19.8598958333,0
1997-07-15,0.033,19.05625,0
1997-07-16,0.033,18.2859375,0
1997-07-17,0.039,17.6348958333,0
1997-07-18,0.039,17.3880208333,0
1997-07-19,0.046,16.9291666667,0
1997-07-20,0.039,16.7234375,0
1997-07-21,0.041,17.2677083333,0
1997-07-22,0.039,17.4567708333,0
1997-07-23,0.039,18.1395833333,0
1997-07-24,0.033,18.3020833333,0
1997-07-25,0.033,18.2802083333,0
1997-07-26,0.048,18.184375,0
1997-07-27,0.039,17.7921875,0
1997-07-28,0.039,18.028125,0
1997-07-29,0.033,18.4145833333,0
1997-07-30,0.033,17.7765625,0
1997-07-31,0.026,17.3916666667,0
1997-08-01,0.049,17.5609375,0
1997-08-02,0.049,17.0515625,0
1997-08-03,0.044,18.3036458333,0
1997-08-04,0.044,19.7432291667,0
1997-08-05,0.039,20.5880208333,0
1997-08-06,0.033,21.3677083333,0
1997-08-07,0.03,21.8276041667,0
1997-08-08,0.026,22.1880208333,0
1997-08-09,0.026,22.4,0
1997-08-10,0.022,23.1744791667,0
1997-08-11,0.02,23.5567708333,0
1997-08-12,0.02,23.6182291667,0
1997-08-13,0.02,23.2208333333,0
1997-08-14,0.02,21.8734375,0
1997-08-15,0.02,20.946875,0
1997-08-16,0.026,20.4135416667,0
1997-08-17,0.02,20.4390625,0
1997-08-18,0.02,20.4880208333,0
1997-08-19,0.02,20.3526041667,0
1997-08-20,0.02,20.3963541667,0
1997-08-21,0.02,20.0161458333,0
1997-08-22,0.02,20.9984375,0
1997-08-23,0.033,22.0036458333,0
1997-08-24,0.026,23.0958333333,0
1997-08-25,0.026,22.9364583333,0
1997-08-26,0.02,22.1734375,0
1997-08-27,0.026,20.3223958333,0
1997-08-28,0.049,18.0776041667,0
1997-08-29,0.044,17.190625,0
1997-08-30,0.033,17.2088541667,0
1997-08-31,0.026,18.4916666667,0
1997-09-01,0.026,18.4416666667,0
1997-09-02,0.038,18.465625,0
1997-09-03,0.039,17.8666666667,0
1997-09-04,0.026,17.0442708333,0
1997-09-05,0.026,17.0447916667,0
1997-09-06,0.026,16.5161458333,0
1997-09-07,0.026,16.0661458333,0
1997-09-08,0.033,15.2802083333,0
1997-09-09,0.026,14.4171875,0
1997-09-10,0.026,14.5755208333,0
1997-09-11,0.02,14.8177083333,0
1997-09-12,0.02,14.2567708333,0
1997-09-13,0.021,13.8729166667,0
1997-09-14,0.02,13.2713541667,0
1997-09-15,0.02,12.721875,0
1997-09-16,0.02,13.5411458333,0
1997-09-17,0.02,15.0427083333,0
1997-09-18,0.02,15.3385416667,0
1997-09-19,0.02,14.3875,0
1997-09-20,0.02,13.0234375,0
1997-09-21,0.02,11.5911458333,0
1997-09-22,0.02,11.3348958333,0
1997-09-23,0.014,11.4265625,0
1997-09-24,0.014,12.0239583333,0
1997-09-25,0.02,12.8432291667,0
1997-09-26,0.014,12.9875,0
1997-09-27,0.014,13.4557291667,0
1997-09-28,0.014,13.6307291667,0
1997-09-29,0.014,13.7052083333,0
1997-09-30,0.014,14.7484375,0
1997-10-01,0.02,14.9125,0
1997-10-02,0.039,14.2265625,0
1997-10-03,0.026,13.7796875,0
1997-10-04,0.026,12.3552083333,0
1997-10-05,0.026,12.5567708333,0
1997-10-06,0.026,13.9760416667,0
1997-10-07,0.02,14.5088541667,0
1997-10-08,0.039,15.971875,0
1997-10-09,0.087,16.0229166667,0
1997-10-10,0.217,14.8640625,0
1997-10-11,0.224,13.3869791667,0
1997-10-12,0.183,11.0572916667,0
1997-10-13,0.119,9.3203125,0
1997-10-14,0.104,8.059375,0
1997-10-15,0.075,7.5239583333,0
1997-10-16,0.075,8.3140625,0
1997-10-17,0.066,9.7338541667,0
1997-10-18,0.06,11.5901041667,0
1997-10-19,0.056,12.1760416667,0
1997-10-20,0.052,10.4114583333,0
1997-10-21,0.049,7.8682291667,0
1997-10-22,0.049,5.1817708333,0
1997-10-23,0.049,4.1505208333,0
1997-10-24,0.044,4.7213541667,0
1997-10-25,0.044,5.6640625,0
1997-10-26,0.044,5.6875,0
1997-10-27,0.044,4.6010416667,0
1997-10-28,0.043,3.2145833333,0
1997-10-29,0.039,2.1140625,0
1997-10-30,0.039,1.7526041667,0
1997-10-31,0.039,1.821875,0
1997-11-01,0.039,1.3359375,0
1997-11-02,0.039,1.5723958333,0
1997-11-03,0.039,2.1317708333,0
1997-11-04,0.039,3.9854166667,0
1997-11-05,0.039,7.1713541667,0
1997-11-06,0.044,9.1463541667,0
1997-11-07,0.064,10.3890625,0
1997-11-08,0.049,10.6822916667,0
1997-11-09,0.049,10.1020833333,0
1997-11-10,0.075,9.2651041667,0
1997-11-11,0.075,8.8041666667,0
1997-11-12,0.075,7.9614583333,0
1997-11-13,0.075,6.7963541667,0
1997-11-14,0.075,6.5296875,0
1997-11-15,0.075,6.890625,0
1997-11-16,0.104,6.4104166667,0
1997-11-17,0.089,6.5854166667,0
1997-11-18,0.104,5.2916666667,0
1997-11-19,0.104,3.4244791667,0
1997-11-20,0.089,3.7828125,0
1997-11-21,0.089,2.8786458333,0
1997-11-22,0.075,2.8927083333,0
1997-11-23,0.063,3.3677083333,0
1997-11-24,0.054,3.0473958333,0
1997-11-25,0.054,4.0515625,0
1997-11-26,0.054,4.4119791667,0
1997-11-27,0.049,4.7932291667,0
1997-11-28,0.049,5.8020833333,0
1997-11-29,0.054,6.3770833333,0
1997-11-30,0.075,6.2359375,0
1997-12-01,0.063,5.3192708333,0
1997-12-02,0.063,3.3541666667,0
1997-12-03,0.063,1.6916666667,0
1997-12-04,0.063,0.7807291667,0
1997-12-05,0.063,0.9786458333,0
1997-12-06,0.054,1.4739583333,0
1997-12-07,0.065,2.0734375,0
1997-12-08,0.075,4.1291666667,0
1997-12-09,0.075,6.259375,0
1997-12-10,0.075,8.2979166667,0
1997-12-11,0.709,9.3375,0
1997-12-12,0.704,8.9078125,0
1997-12-13,1.424,7.5385416667,0
1997-12-14,0.975,5.2260416667,0
1997-12-15,0.589,2.5,0
1997-12-16,0.361,0.6291666667,0
1997-12-17,0.244,0.1,0
1997-12-18,0.205,0.7005208333,0
1997-12-19,0.173,2.4572916667,0
1997-12-20,0.146,3.2020833333,0
1997-12-21,0.134,2.8552083333,0
1997-12-22,0.119,2.559375,0
1997-12-23,0.104,3.8151041667,0
1997-12-24,0.104,6.3166666667,0
1997-12-25,0.326,8.1322916667,0
1997-12-26,0.474,8.9802083333,0
1997-12-27,0.589,8.0078125,0
1997-12-28,0.858,6.3078125,0
1997-12-29,0.989,5.2619791667,0
1997-12-30,1.078,5.5770833333,0
1997-12-31,0.689,5.7953125,0
1998-01-01,0.474,6.5932291667,0
1998-01-02,0.295,7.38125,0
1998-01-03,0.853,7.2119791667,0
1998-01-04,1.157,7.3166666667,0
1998-01-05,0.975,6.7921875,0
1998-01-06,0.665,7.1921875,0
1998-01-07,0.436,8.003125,0
1998-01-08,0.632,8.9380208333,0
1998-01-09,0.589,9.6390625,0
1998-01-10,0.403,9.178125,0
1998-01-11,0.295,8.403125,0
1998-01-12,0.224,7.9296875,0
1998-01-13,0.188,8.0333333333,0
1998-01-14,0.173,7.5875,0
1998-01-15,0.146,7.6666666667,0
1998-01-16,0.146,6.8625,0
1998-01-17,0.146,5.6635416667,0
1998-01-18,0.132,5.4401041667,0
1998-01-19,0.173,4.2755208333,0
1998-01-20,0.278,3.13125,0
1998-01-21,0.398,2.0671875,0
1998-01-22,0.398,1.2208333333,0
1998-01-23,0.326,0.7796875,0
1998-01-24,0.268,0.4807291667,0
1998-01-25,0.205,0.1,0
1998-01-26,0.173,0.1,0
1998-01-27,0.146,0.1,0
1998-01-28,0.144,0.1,0
1998-01-29,0.132,0.1,0
1998-01-30,0.119,0.1,0
1998-01-31,0.104,0.1,0
1998-02-01,0.077,0.1,0
1998-02-02,0.117,0.1,0
1998-02-03,0.104,0.1,0
1998-02-04,0.075,0.1,0
1998-02-05,0.063,1.0567708333,0
1998-02-06,0.063,1.4057291667,0
1998-02-07,0.063,2.790625,0
1998-02-08,0.063,3.7541666667,0
1998-02-09,0.075,4.3833333333,0
1998-02-10,0.075,5.6723958333,0
1998-02-11,0.063,7.3770833333,0
1998-02-12,0.063,8.5828125,0
1998-02-13,0.075,8.9515625,0
1998-02-14,0.063,9.365625,0
1998-02-15,0.063,9.3947916667,0
1998-02-16,0.063,8.1973958333,0
1998-02-17,0.075,7.5953125,0
1998-02-18,0.075,7.0984375,0
1998-02-19,0.063,6.9041666667,0
1998-02-20,0.063,8.3833333333,0
1998-02-21,0.063,9.1125,0
1998-02-22,0.063,8.978125,0
1998-02-23,0.075,8.8932291667,0
1998-02-24,0.063,8.359375,0
1998-02-25,0.063,8.5265625,0
1998-02-26,0.063,9.05,0
1998-02-27,0.063,8.13125,0
1998-02-28,0.063,6.5630208333,0
1998-03-01,0.089,6.025,0
1998-03-02,0.095,6.6213541667,0
1998-03-03,0.326,8.5640625,0
1998-03-04,1.317,9.1963541667,0
1998-03-05,1.117,9.2848958333,0
1998-03-06,0.872,9.1682291667,0
1998-03-07,6.234,7.2869791667,0
1998-03-08,2.532,5.7911458333,0
1998-03-09,1.332,4.6,0
1998-03-10,0.935,3.1677083333,0
1998-03-11,0.627,2.5442708333,0
1998-03-12,0.431,3.2869791667,0
1998-03-13,0.268,4.3328125,0
1998-03-14,0.224,5.0973958333,0
1998-03-15,0.224,6.4979166667,0
1998-03-16,0.244,7.9723958333,0
1998-03-17,0.268,8.5265625,0
1998-03-18,0.268,8.0848958333,0
1998-03-19,0.244,7.2203125,0
1998-03-20,0.205,6.246875,0
1998-03-21,0.195,4.8578125,0
1998-03-22,0.159,4.2963541667,0
1998-03-23,0.159,3.8838541667,0
1998-03-24,0.146,3.7802083333,0
1998-03-25,0.132,4.546875,0
1998-03-26,0.119,5.7885416667,0
1998-03-27,0.119,7.834375,0
1998-03-28,0.119,10.6223958333,0
1998-03-29,0.104,13.2171875,0
1998-03-30,0.104,14.5703125,0
1998-03-31,0.093,14.65,0
1998-04-01,0.089,13.9161458333,0
1998-04-02,0.139,12.5302083333,0
1998-04-03,0.104,11.4916666667,0
1998-04-04,0.188,11.0151041667,0
1998-04-05,0.224,10.2802083333,0
1998-04-06,0.268,9.1942708333,0
1998-04-07,0.268,8.7203125,0
1998-04-08,0.465,8.2546875,0
1998-04-09,0.781,7.4890625,0
1998-04-10,0.665,7.6130208333,0
1998-04-11,0.479,7.1583333333,0
1998-04-12,0.361,5.9328125,0
1998-04-13,0.295,5.2984375,0
1998-04-14,0.268,5.0744791667,0
1998-04-15,0.224,5.371875,0
1998-04-16,0.278,6.4291666667,0
1998-04-17,0.295,7.3333333333,0
1998-04-18,0.326,7.7109375,0
1998-04-19,0.361,7.9432291667,0
1998-04-20,0.704,8.7755208333,0
1998-04-21,0.665,10.5875,0
1998-04-22,0.513,12.5822916667,0
1998-04-23,0.436,13.7802083333,0
1998-04-24,0.326,14.4755208333,0
1998-04-25,0.268,13.6458333333,0
1998-04-26,0.224,12.1723958333,0
1998-04-27,0.244,11.4484375,0
1998-04-28,0.224,10.9453125,0
1998-04-29,0.224,11.6229166667,0
1998-04-30,0.224,11.9796875,0
1998-05-01,0.205,12.3119791667,0
1998-05-02,0.217,11.9046875,0
1998-05-03,0.188,10.6098958333,0
1998-05-04,0.173,10.075,0
1998-05-05,0.159,10.1729166667,0
1998-05-06,0.159,11.0854166667,0
1998-05-07,0.159,13.1151041667,0
1998-05-08,0.146,15.6619791667,0
1998-05-09,0.132,17.8510416667,0
1998-05-10,0.132,19.9447916667,0
1998-05-11,0.119,21.4963541667,0
1998-05-12,0.119,22.2973958333,0
1998-05-13,0.109,22.1083333333,0
1998-05-14,0.104,20.9854166667,0
1998-05-15,0.104,19.1177083333,0
1998-05-16,0.089,17.2895833333,0
1998-05-17,0.089,16.4026041667,0
1998-05-18,0.089,16.0776041667,0
1998-05-19,0.089,15.9703125,0
1998-05-20,0.089,15.1333333333,0
1998-05-21,0.075,13.3296875,0
1998-05-22,0.075,11.91875,0
1998-05-23,0.075,11.0270833333,0
1998-05-24,0.063,11.1197916667,0
1998-05-25,0.075,12.3192708333,0
1998-05-26,0.075,13.3203125,0
1998-05-27,0.089,14.7197916667,0
1998-05-28,0.075,15.553125,0
1998-05-29,0.075,15.9520833333,0
1998-05-30,0.075,16.4765625,0
1998-05-31,0.065,16.1171875,0
1998-06-01,0.063,16.265625,0
1998-06-02,0.119,16.7911458333,0
1998-06-03,0.152,16.7578125,0
1998-06-04,0.159,17.665625,0
1998-06-05,0.132,18.8817708333,0
1998-06-06,0.119,18.7442708333,0
1998-06-07,0.093,18.5942708333,0
1998-06-08,0.132,18.0572916667,0
1998-06-09,0.089,16.8791666667,0
1998-06-10,0.089,16.009375,0
1998-06-11,0.119,14.5661458333,0
1998-06-12,0.229,13.1505208333,0
1998-06-13,0.188,12.1286458333,0
1998-06-14,0.188,12.0713541667,0
1998-06-15,0.173,12.9630208333,0
1998-06-16,0.154,13.4348958333,0
1998-06-17,0.173,13.71875,0
1998-06-18,0.186,14.9963541667,0
1998-06-19,0.188,16.9416666667,0
1998-06-20,0.173,19.8963541667,0
1998-06-21,0.159,20.946875,0
1998-06-22,0.146,20.3833333333,0
1998-06-23,0.132,19.6380208333,0
1998-06-24,0.119,18.0026041667,0
1998-06-25,0.104,18.0401041667,0
1998-06-26,0.104,18.640625,0
1998-06-27,0.089,17.7890625,0
1998-06-28,0.077,17.1703125,0
1998-06-29,0.075,16.4041666667,0
1998-06-30,0.054,15.5458333333,0
1998-07-01,0.206,15.3953125,0
1998-07-02,0.075,14.8458333333,0
1998-07-03,0.063,15.0151041667,0
1998-07-04,0.056,15.3807291667,0
1998-07-05,0.054,15.6697916667,0
1998-07-06,0.054,15.3765625,0
1998-07-07,0.063,14.4890625,0
1998-07-08,0.054,13.89375,0
1998-07-09,0.054,14.2239583333,0
1998-07-10,0.089,14.9692708333,0
1998-07-11,0.132,16.1692708333,0
1998-07-12,0.205,16.4364583333,0
1998-07-13,1.132,15.6348958333,0
1998-07-14,0.819,15.0515625,0
1998-07-15,0.613,14.2463541667,0
1998-07-16,0.474,14.1765625,0
1998-07-17,0.398,14.7515625,0
1998-07-18,0.436,15.8385416667,0
1998-07-19,0.322,18.790625,0
1998-07-20,0.244,20.8125,0
1998-07-21,0.188,21.5265625,0
1998-07-22,0.159,21.6609375,0
1998-07-23,0.132,19.55,0
1998-07-24,0.119,17.8713541667,0
1998-07-25,0.104,17.3963541667,0
1998-07-26,0.089,17.5510416667,0
1998-07-27,0.075,17.525,0
1998-07-28,0.063,17.3640625,0
1998-07-29,0.075,17.35,0
1998-07-30,0.137,16.7036458333,0
1998-07-31,0.104,16.8421875,0
1998-08-01,0.075,17.0197916667,0
1998-08-02,0.063,17.3359375,0
1998-08-03,0.063,17.3338541667,0
1998-08-04,0.054,17.0635416667,0
1998-08-05,0.063,17.5786458333,0
1998-08-06,0.054,17.94375,0
1998-08-07,0.049,19.4546875,0
1998-08-08,0.044,20.5046875,0
1998-08-09,0.044,21.9734375,0
1998-08-10,0.044,23.3046875,0
1998-08-11,0.039,23.36875,0
1998-08-12,0.039,22.4760416667,0
1998-08-13,0.039,20.6854166667,0
1998-08-14,0.039,19.6739583333,0
1998-08-15,0.039,18.3807291667,0
1998-08-16,0.039,18.590625,0
1998-08-17,0.035,18.4953125,0
1998-08-18,0.033,17.4484375,0
1998-08-19,0.033,17.5401041667,0
1998-08-20,0.033,16.9671875,0
1998-08-21,0.033,16.3265625,0
1998-08-22,0.075,15.6630208333,0
1998-08-23,0.075,14.6770833333,0
1998-08-24,0.12,14.1479166667,0
1998-08-25,0.173,14.1333333333,0
1998-08-26,0.146,13.4791666667,0
1998-08-27,0.158,12.8348958333,0
1998-08-28,0.132,12.4151041667,0
1998-08-29,0.119,12.1630208333,0
1998-08-30,0.104,12.8255208333,0
1998-08-31,0.089,13.5369791667,0
1998-09-01,0.075,14.5875,0
1998-09-02,0.075,15.6859375,0
1998-09-03,0.089,16.3291666667,0
1998-09-04,0.104,16.78125,0
1998-09-05,0.089,16.6052083333,0
1998-09-06,0.119,16.2567708333,0
1998-09-07,0.398,16.2411458333,0
1998-09-08,0.326,16.8057291667,0
1998-09-09,0.244,17.6572916667,0
1998-09-10,0.268,17.728125,0
1998-09-11,0.268,16.2838541667,0
1998-09-12,0.224,14.0078125,0
1998-09-13,0.331,11.8817708333,0
1998-09-14,0.613,10.984375,0
1998-09-15,4.849,11.6130208333,0
1998-09-16,3.257,12.2328125,0
1998-09-17,1.481,12.8036458333,0
1998-09-18,3.095,13.1088541667,0
1998-09-19,1.187,13.4239583333,0
1998-09-20,0.704,13.8385416667,0
1998-09-21,0.436,14.1098958333,0
1998-09-22,0.268,14.0734375,0
1998-09-23,0.205,13.9583333333,0
1998-09-24,0.173,14.6640625,0
1998-09-25,0.146,15.5213541667,0
1998-09-26,0.132,15.9677083333,0
1998-09-27,0.132,15.9927083333,0
1998-09-28,0.104,15.6651041667,0
1998-09-29,0.104,14.7125,0
1998-09-30,0.089,14.1630208333,0
1998-10-01,0.104,12.4526041667,0
1998-10-02,0.087,10.1052083333,0
1998-10-03,0.075,8.5463541667,0
1998-10-04,0.075,7.2229166667,0
1998-10-05,0.075,7.3411458333,0
1998-10-06,0.075,8.09375,0
1998-10-07,0.127,8.5864583333,0
1998-10-08,0.109,8.8520833333,0
1998-10-09,0.205,9.5010416667,0
1998-10-10,0.205,10.096875,0
1998-10-11,0.268,10.353125,0
1998-10-12,0.541,10.6130208333,0
1998-10-13,0.781,11.378125,0
1998-10-14,0.694,11.2552083333,0
1998-10-15,1.51,11.2755208333,0
1998-10-16,1.172,12.2135416667,0
1998-10-17,0.704,10.9609375,0
1998-10-18,0.474,9.7739583333,0
1998-10-19,0.295,8.7953125,0
1998-10-20,0.244,7.9645833333,0
1998-10-21,0.244,9.09375,0
1998-10-22,0.268,11.0578125,0
1998-10-23,0.268,12.2723958333,0
1998-10-24,0.858,12.2322916667,0
1998-10-25,1.71,10.6994791667,0
1998-10-26,1.552,9.6619791667,0
1998-10-27,1.187,10.2239583333,0
1998-10-28,1.481,9.7546875,0
1998-10-29,2.154,9.5807291667,0
1998-10-30,1.332,8.778125,0
1998-10-31,1.207,7.3359375,0
1998-11-01,1.297,6.7520833333,0
1998-11-02,2.485,7.2416666667,0
1998-11-03,1.252,7.0911458333,0
1998-11-04,0.834,6.7333333333,0
1998-11-05,0.737,7.2151041667,0
1998-11-06,0.627,6.01875,0
1998-11-07,0.513,6.2322916667,0
1998-11-08,0.398,7.4442708333,0
1998-11-09,0.451,7.7302083333,0
1998-11-10,1.608,8.0619791667,0
1998-11-11,1.093,7.0130208333,0
1998-11-12,0.742,5.7151041667,0
1998-11-13,0.551,4.2765625,0
1998-11-14,0.46,4.1598958333,0
1998-11-15,0.398,4.4541666667,0
1998-11-16,0.398,3.4078125,0
1998-11-17,0.398,2.9442708333,0
1998-11-18,0.361,1.9255208333,0
1998-11-19,0.314,0.1880208333,0
1998-11-20,0.244,0.1,0
1998-11-21,0.205,0.1,0
1998-11-22,0.173,0.1,0
1998-11-23,0.159,0.1,0
1998-11-24,0.146,0.1,0
1998-11-25,0.132,0.1,0
1998-11-26,0.132,0.7140625,0
1998-11-27,0.132,1.8890625,0
1998-11-28,0.188,2.4583333333,0
1998-11-29,0.159,2.8291666667,0
1998-11-30,0.159,1.421875,0
1998-12-01,0.146,0.1,0
1998-12-02,0.146,0.1,0
1998-12-03,0.139,0.1,0
1998-12-04,0.132,0.1,0
1998-12-05,0.132,0.1,0
1998-12-06,0.132,0.3744791667,0
1998-12-07,0.104,0.1,0
1998-12-08,0.1,0.1,0
1998-12-09,0.089,0.1447916667,0
1998-12-10,0.119,0.5369791667,0
1998-12-11,0.104,2.5588541667,0
1998-12-12,0.104,4.7151041667,0
1998-12-13,0.613,6.7046875,0
1998-12-14,1.053,8.5552083333,0
1998-12-15,0.718,8.6770833333,0
1998-12-16,0.603,7.7447916667,0
1998-12-17,0.589,6.5802083333,0
1998-12-18,0.513,5.7296875,0
1998-12-19,0.398,4.653125,0
1998-12-20,0.479,3.525,0
1998-12-21,0.361,3.075,0
1998-12-22,0.331,2.0765625,0
1998-12-23,0.295,1.6604166667,0
1998-12-24,0.244,2.51875,0
1998-12-25,0.205,4.0880208333,0
1998-12-26,0.222,5.9838541667,0
1998-12-27,0.27,7.9651041667,0
1998-12-28,0.359,7.7890625,0
1998-12-29,0.514,7.0791666667,0
1998-12-30,0.468,5.5005208333,0
1998-12-31,0.339,4.1505208333,0
1999-01-01,0.261,4.5583333333,0
1999-01-02,0.215,4.5671875,0
1999-01-03,0.19,6.1307291667,0
1999-01-04,0.418,8.4296875,0
1999-01-05,0.802,9.55625,0
1999-01-06,0.868,9.7473958333,0
1999-01-07,0.639,8.7010416667,0
1999-01-08,0.712,6.1958333333,0
1999-01-09,0.838,3.7734375,0
1999-01-10,0.662,1.6708333333,0
1999-01-11,0.464,0.1234375,0
1999-01-12,0.32,0.1,0
1999-01-13,0.281,1.0390625,0
1999-01-14,0.239,3.3166666667,0
1999-01-15,0.358,5.8104166667,0
1999-01-16,1.076,6.996875,0
1999-01-17,1.2,6.7395833333,0
1999-01-18,1.367,6.3140625,0
1999-01-19,0.945,5.8520833333,0
1999-01-20,0.646,5.8567708333,0
1999-01-21,0.433,6.6078125,0
1999-01-22,0.289,6.2104166667,0
1999-01-23,0.234,5.4057291667,0
1999-01-24,0.201,6.3505208333,0
1999-01-25,0.183,6.0442708333,0
1999-01-26,0.289,6.0604166667,0
1999-01-27,0.263,5.9322916667,0
1999-01-28,0.848,2.9755208333,0
1999-01-29,1.788,1.0609375,0
1999-01-30,1.071,0.1,0
1999-01-31,0.67,0.1,0
1999-02-01,0.474,1.0208333333,0
1999-02-02,0.361,3.1026041667,0
1999-02-03,0.253,5.4854166667,0
1999-02-04,0.224,6.0713541667,0
1999-02-05,0.315,5.5015625,0
1999-02-06,0.398,4.3526041667,0
1999-02-07,0.479,2.1302083333,0
1999-02-08,0.46,0.4541666667,0
1999-02-09,0.361,0.1,0
1999-02-10,0.295,0.1,0
1999-02-11,0.247,0.1,0
1999-02-12,0.205,0.1,0
1999-02-13,0.175,0.1,0
1999-02-14,0.173,0.1,0
1999-02-15,0.159,0.1,0
1999-02-16,0.159,0.8296875,0
1999-02-17,0.244,2.065625,0
1999-02-18,0.278,3.8473958333,0
1999-02-19,0.282,4.58125,0
1999-02-20,3.906,5.575,0
1999-02-21,1.815,5.4526041667,0
1999-02-22,1.374,4.1296875,0
1999-02-23,1.172,2.7026041667,0
1999-02-24,0.819,1.7666666667,0
1999-02-25,0.627,3.09375,0
1999-02-26,0.513,4.0838541667,0
1999-02-27,0.551,5.4760416667,0
1999-02-28,0.602,7.3151041667,0
1999-03-01,0.587,8.3869791667,0
1999-03-02,3.035,9.453125,0
1999-03-03,3.791,9.5182291667,0
1999-03-04,1.892,8.6520833333,0
1999-03-05,1.053,7.0260416667,0
1999-03-06,0.742,5.21875,0
1999-03-07,0.551,4.6776041667,0
1999-03-08,0.474,4.6244791667,0
1999-03-09,0.718,4.1177083333,0
1999-03-10,0.819,4.2375,0
1999-03-11,0.665,5.2104166667,0
1999-03-12,0.474,6.9875,0
1999-03-13,0.331,8.3442708333,0
1999-03-14,0.268,9.0161458333,0
1999-03-15,0.205,8.290625,0
1999-03-16,0.188,6.8057291667,0
1999-03-17,0.159,6.4973958333,0
1999-03-18,0.146,6.3192708333,0
1999-03-19,0.159,6.2609375,0
1999-03-20,0.132,6.1380208333,0
1999-03-21,0.132,5.5953125,0
1999-03-22,0.224,5.7796875,0
1999-03-23,0.188,6.7604166667,0
1999-03-24,1.019,8.4484375,0
1999-03-25,0.979,10.3380208333,0
1999-03-26,0.665,10.7828125,0
1999-03-27,0.46,10.1286458333,0
1999-03-28,0.295,8.8713541667,0
1999-03-29,0.224,8.5734375,0
1999-03-30,0.188,9.6359375,0
1999-03-31,0.173,11.39375,0
1999-04-01,0.159,13.1057291667,0
1999-04-02,0.146,13.1375,0
1999-04-03,0.132,12.9515625,0
1999-04-04,0.132,12.2864583333,0
1999-04-05,0.132,12.1395833333,0
1999-04-06,0.159,11.7125,0
1999-04-07,0.159,10.9625,0
1999-04-08,0.244,10.26875,0
1999-04-09,0.268,9.5927083333,0
1999-04-10,0.268,9.6828125,0
1999-04-11,0.244,9.3791666667,0
1999-04-12,0.224,8.8052083333,0
1999-04-13,0.326,6.6526041667,0
1999-04-14,0.622,4.9640625,0
1999-04-15,1.053,4.2994791667,0
1999-04-16,1.053,3.9557291667,0
1999-04-17,0.819,4.7619791667,0
1999-04-18,0.551,5.1963541667,0
1999-04-19,0.361,6.065625,0
1999-04-20,0.268,7.9916666667,0
1999-04-21,0.224,9.5395833333,0
1999-04-22,0.205,11.403125,0
1999-04-23,0.183,12.1260416667,0
1999-04-24,0.159,11.9921875,0
1999-04-25,0.146,12.8666666667,0
1999-04-26,0.146,12.9088541667,0
1999-04-27,0.132,13.6260416667,0
1999-04-28,0.119,13.6130208333,0
1999-04-29,0.119,13.0661458333,0
1999-04-30,0.104,13.2286458333,0
1999-05-01,0.104,12.9859375,0
1999-05-02,0.089,13.4286458333,0
1999-05-03,0.089,13.5541666667,0
1999-05-04,0.075,13.4875,0
1999-05-05,0.075,12.8302083333,0
1999-05-06,0.075,13.2359375,0
1999-05-07,0.089,13.5963541667,0
1999-05-08,0.075,14.3958333333,0
1999-05-09,0.063,15.3994791667,0
1999-05-10,0.063,15.2364583333,0
1999-05-11,0.132,15.0588541667,0
1999-05-12,0.089,14.3416666667,0
1999-05-13,0.089,13.9958333333,0
1999-05-14,0.084,12.9515625,0
1999-05-15,0.075,11.5921875,0
1999-05-16,0.075,11.8192708333,0
1999-05-17,0.075,12.771875,0
1999-05-18,0.075,13.8979166667,0
1999-05-19,0.075,15.2755208333,0
1999-05-20,0.089,15.44375,0
1999-05-21,0.075,14.5776041667,0
1999-05-22,0.075,14.3708333333,0
1999-05-23,0.075,14.334375,0
1999-05-24,0.075,14.2458333333,0
1999-05-25,0.075,14.6588541667,0
1999-05-26,0.075,16.10625,0
1999-05-27,0.063,17.5098958333,0
1999-05-28,0.063,19.4140625,0
1999-05-29,0.057,20.659375,0
1999-05-30,0.054,19.3453125,0
1999-05-31,0.063,18.6442708333,0
1999-06-01,0.039,18.2286458333,0
1999-06-02,0.039,17.6385416667,0
1999-06-03,0.039,17.675,0
1999-06-04,0.037,16.5848958333,0
1999-06-05,0.04,14.8505208333,0
1999-06-06,0.054,13.8953125,0
1999-06-07,0.049,13.525,0
1999-06-08,0.044,13.6390625,0
1999-06-09,0.039,13.9010416667,0
1999-06-10,0.039,13.5333333333,0
1999-06-11,0.039,13.9869791667,0
1999-06-12,0.039,14.3557291667,0
1999-06-13,0.034,15.35625,0
1999-06-14,0.033,16.728125,0
1999-06-15,0.033,17.7697916667,0
1999-06-16,0.029,18.9453125,0
1999-06-17,0.026,17.7854166667,0
1999-06-18,0.033,16.971875,0
1999-06-19,0.026,15.821875,0
1999-06-20,0.026,13.8645833333,0
1999-06-21,0.071,13.4838541667,0
1999-06-22,0.039,13.0619791667,0
1999-06-23,0.033,12.9140625,0
1999-06-24,0.033,13.8447916667,0
1999-06-25,0.026,15.3760416667,0
1999-06-26,0.026,16.8213541667,0
1999-06-27,0.026,16.9369791667,0
1999-06-28,0.033,17.2786458333,0
1999-06-29,0.033,17.184375,0
1999-06-30,0.044,16.6583333333,0
1999-07-01,0.041,17.8114583333,0
1999-07-02,0.033,19.3901041667,0
1999-07-03,0.033,20.5208333333,0
1999-07-04,0.026,21.403125,0
1999-07-05,0.026,20.9130208333,0
1999-07-06,0.026,19.7192708333,0
1999-07-07,0.026,18.6479166667,0
1999-07-08,0.026,18.346875,0
1999-07-09,0.026,19.3828125,0
1999-07-10,0.02,20.6703125,0
1999-07-11,0.02,21.0770833333,0
1999-07-12,0.015,21.6755208333,0
1999-07-13,0.033,20.6140625,0
1999-07-14,0.026,18.7463541667,0
1999-07-15,0.033,18.0213541667,0
1999-07-16,0.026,17.6505208333,0
1999-07-17,0.026,19.0458333333,0
1999-07-18,0.02,20.5348958333,0
1999-07-19,0.027,21.8515625,0
1999-07-20,0.026,21.3828125,0
1999-07-21,0.026,19.4911458333,0
1999-07-22,0.026,17.4744791667,0
1999-07-23,0.032,16.184375,0
1999-07-24,0.033,16.9307291667,0
1999-07-25,0.026,18.1854166667,0
1999-07-26,0.026,19.4927083333,0
1999-07-27,0.02,20.359375,0
1999-07-28,0.02,20.4635416667,0
1999-07-29,0.014,20.9197916667,0
1999-07-30,0.013,21.8197916667,0
1999-07-31,0.009,22.2583333333,0
1999-08-01,0.009,22.6234375,0
1999-08-02,0.014,22.9583333333,0
1999-08-03,0.009,23.0473958333,0
1999-08-04,0.009,23.1208333333,0
1999-08-05,0.009,23.0213541667,0
1999-08-06,0.014,22.4536458333,0
1999-08-07,0.02,21.6114583333,0
1999-08-08,0.026,21.15625,0
1999-08-09,0.02,20.09375,0
1999-08-10,0.014,18.6395833333,0
1999-08-11,0.044,17.146875,0
1999-08-12,0.033,15.6645833333,0
1999-08-13,0.026,14.9348958333,0
1999-08-14,0.02,15.0979166667,0
1999-08-15,0.098,15.6338541667,0
1999-08-16,0.058,15.5880208333,0
1999-08-17,0.173,15.6255208333,0
1999-08-18,0.054,15.6614583333,0
1999-08-19,0.071,15.3442708333,0
1999-08-20,0.049,14.9682291667,0
1999-08-21,0.081,14.2057291667,0
1999-08-22,0.049,13.9708333333,0
1999-08-23,0.044,15.06875,0
1999-08-24,0.039,17.3510416667,0
1999-08-25,0.033,19.3651041667,0
1999-08-26,0.033,20.1895833333,0
1999-08-27,0.039,19.7354166667,0
1999-08-28,0.033,18.3286458333,0
1999-08-29,0.033,17.5927083333,0
1999-08-30,0.026,17.0458333333,0
1999-08-31,0.026,16.7640625,0
1999-09-01,0.026,17.0390625,0
1999-09-02,0.026,17.0161458333,0
1999-09-03,0.025,17.6854166667,0
1999-09-04,0.02,18.5114583333,0
1999-09-05,0.02,18.465625,0
1999-09-06,0.02,19.0567708333,0
1999-09-07,0.024,19.3401041667,0
1999-09-08,0.02,19.6052083333,0
1999-09-09,0.02,20.4869791667,0
1999-09-10,0.014,21.1166666667,0
1999-09-11,0.014,21.875,0
1999-09-12,0.014,22.2567708333,0
1999-09-13,0.012,22.3411458333,0
1999-09-14,0.009,21.4614583333,0
1999-09-15,0.014,19.509375,0
1999-09-16,0.014,17.3333333333,0
1999-09-17,0.014,15.7354166667,0
1999-09-18,0.026,15.5109375,0
1999-09-19,0.02,16.0911458333,0
1999-09-20,0.014,16.8635416667,0
1999-09-21,0.02,17.3229166667,0
1999-09-22,0.02,17.60625,0
1999-09-23,0.022,17.9333333333,0
1999-09-24,0.035,18.1765625,0
1999-09-25,0.023,17.690625,0
1999-09-26,0.022,16.8609375,0
1999-09-27,0.029,15.9067708333,0
1999-09-28,0.023,15.3229166667,0
1999-09-29,0.03,15.1973958333,0
1999-09-30,0.112,14.775,0
1999-10-01,0.274,14.4901041667,0
1999-10-02,0.132,13.29375,0
1999-10-03,0.361,12.121875,0
1999-10-04,0.221,10.8364583333,0
1999-10-05,0.173,9.4515625,0
1999-10-06,0.146,9.4317708333,0
1999-10-07,0.119,9.8109375,0
1999-10-08,0.089,11.0270833333,0
1999-10-09,0.244,12.4921875,0
1999-10-10,0.268,13.253125,0
1999-10-11,0.268,12.5625,0
1999-10-12,0.244,10.9135416667,0
1999-10-13,0.205,8.946875,0
1999-10-14,0.173,8.1619791667,0
1999-10-15,0.146,7.7776041667,0
1999-10-16,0.119,7.5635416667,0
1999-10-17,0.104,7.4322916667,0
1999-10-18,0.089,6.2557291667,0
1999-10-19,0.075,6.1229166667,0
1999-10-20,0.075,6.3395833333,0
1999-10-21,0.063,7.4921875,0
1999-10-22,0.054,9.55,0
1999-10-23,0.054,10.5364583333,0
1999-10-24,0.054,11.6265625,0
1999-10-25,0.054,12.0375,0
1999-10-26,0.054,11.5484375,0
1999-10-27,0.075,11.2989583333,0
1999-10-28,0.054,11.34375,0
1999-10-29,0.049,11.9723958333,0
1999-10-30,0.049,12.0536458333,0
1999-10-31,0.049,12.7734375,0
1999-11-01,0.049,12.7921875,0
1999-11-02,0.049,10.6005208333,0
1999-11-03,0.075,8.6802083333,0
1999-11-04,0.063,7.5635416667,0
1999-11-05,0.063,6.8661458333,0
1999-11-06,0.075,7.3880208333,0
1999-11-07,0.075,8.2098958333,0
1999-11-08,0.172,8.2390625,0
1999-11-09,0.173,7.8338541667,0
1999-11-10,0.188,7.3526041667,0
1999-11-11,0.159,6.4135416667,0
1999-11-12,0.146,5.1192708333,0
1999-11-13,0.132,4.5328125,0
1999-11-14,0.119,2.9708333333,0
1999-11-15,0.104,1.7588541667,0
1999-11-16,0.089,1.7005208333,0
1999-11-17,0.075,0.96875,0
1999-11-18,0.104,1.4078125,0
1999-11-19,0.104,1.7010416667,0
1999-11-20,0.097,0.1796875,0
1999-11-21,0.089,0.1,0
1999-11-22,0.089,0.6526041667,0
1999-11-23,0.132,1.88125,0
1999-11-24,0.242,4.3067708333,0
1999-11-25,0.491,6.0177083333,0
1999-11-26,0.591,6.2375,0
1999-11-27,0.441,7.0135416667,0
1999-11-28,0.301,7.2598958333,0
1999-11-29,0.241,7.178125,0
1999-11-30,0.186,7.8567708333,0
1999-12-01,0.158,7.303125,0
1999-12-02,0.224,7.4067708333,0
1999-12-03,0.224,6.5270833333,0
1999-12-04,0.253,4.9635416667,0
1999-12-05,0.224,4.6494791667,0
1999-12-06,0.188,4.6359375,0
1999-12-07,0.307,5.6697916667,0
1999-12-08,1.817,7.1052083333,0
1999-12-09,1.088,7.4765625,0
1999-12-10,0.781,7.3197916667,0
1999-12-11,0.589,7.475,0
1999-12-12,1.469,6.8119791667,0
1999-12-13,2.977,6.0578125,0
1999-12-14,1.892,4.2963541667,0
1999-12-15,1.088,2.1947916667,0
1999-12-16,0.665,1.7552083333,0
1999-12-17,0.436,1.7208333333,0
1999-12-18,1.596,1.8854166667,0
1999-12-19,1.374,2.1859375,0
1999-12-20,0.785,1.4833333333,0
1999-12-21,0.474,0.428125,0
1999-12-22,0.322,0.4177083333,0
1999-12-23,0.244,1.5614583333,0
1999-12-24,0.231,3.1307291667,0
1999-12-25,0.259,4.6401041667,0
1999-12-26,0.704,5.3229166667,0
1999-12-27,1.257,4.3171875,0
1999-12-28,1.292,3.2151041667,0
1999-12-29,0.882,2.75625,0
1999-12-30,0.757,2.7838541667,0
1999-12-31,0.819,3.5588541667,0
2000-01-01,0.089,4.2536458333,0
2000-01-02,0.19,5.2067708333,0
2000-01-03,0.474,6.084375,0
2000-01-04,0.366,6.2078125,0
2000-01-05,0.882,6.43125,0
2000-01-06,0.935,6.2479166667,0
2000-01-07,0.704,5.878125,0
2000-01-08,0.474,5.496875,0
2000-01-09,0.361,4.153125,0
2000-01-10,0.268,2.521875,0
2000-01-11,0.224,1.6229166667,0
2000-01-12,0.205,1.0119791667,0
2000-01-13,0.188,1.3822916667,0
2000-01-14,0.173,1.809375,0
2000-01-15,0.149,1.8171875,0
2000-01-16,0.132,2.8640625,0
2000-01-17,0.132,3.6463541667,0
2000-01-18,0.119,4.2614583333,0
2000-01-19,0.119,4.5479166667,0
2000-01-20,0.104,4.303125,0
2000-01-21,0.104,3.7447916667,0
2000-01-22,0.119,3.0729166667,0
2000-01-23,0.173,1.04375,0
2000-01-24,0.205,0.1,0
2000-01-25,0.205,0.1,0
2000-01-26,0.186,0.1,0
2000-01-27,0.159,0.1,0
2000-01-28,0.146,1.9057291667,0
2000-01-29,0.146,4.48125,0
2000-01-30,1.014,6.8067708333,0
2000-01-31,1.252,9.0020833333,0
2000-02-01,1.217,8.75,0
2000-02-02,0.897,7.8994791667,0
2000-02-03,0.603,6.9088541667,0
2000-02-04,0.398,6.8244791667,0
2000-02-05,0.436,7.428125,0
2000-02-06,0.326,8.2145833333,0
2000-02-07,0.326,9.071875,0
2000-02-08,0.384,8.1567708333,0
2000-02-09,0.824,7.4286458333,0
2000-02-10,0.853,6.021875,0
2000-02-11,0.935,4.3427083333,0
2000-02-12,0.897,4.4182291667,0
2000-02-13,0.704,4,0
2000-02-14,0.513,4.9817708333,0
2000-02-15,0.498,5.0041666667,0
2000-02-16,0.551,4.1088541667,0
2000-02-17,0.785,3.5458333333,0
2000-02-18,0.699,2.9510416667,0
2000-02-19,0.713,2.7151041667,0
2000-02-20,1.659,2.6651041667,0
2000-02-21,1.197,2.8869791667,0
2000-02-22,0.819,3.0239583333,0
2000-02-23,0.551,4.2921875,0
2000-02-24,0.398,5.4,0
2000-02-25,0.627,5.259375,0
2000-02-26,1.418,5.5739583333,0
2000-02-27,0.897,6.2140625,0
2000-02-28,0.589,6.3359375,0
2000-02-29,0.498,6.9109375,0
2000-03-01,0.436,6.484375,0
2000-03-02,0.665,5.4390625,0
2000-03-03,0.704,4.2229166667,0
2000-03-04,2.161,3.6286458333,0
2000-03-05,1.172,4.1296875,0
2000-03-06,0.781,4.9505208333,0
2000-03-07,0.551,7.1192708333,0
2000-03-08,0.536,9.29375,0
2000-03-09,2.944,9.45625,0
2000-03-10,1.817,9.4479166667,0
2000-03-11,1.093,8.4901041667,0
2000-03-12,0.781,7.7234375,0
2000-03-13,0.627,8.03125,0
2000-03-14,0.474,7.08125,0
2000-03-15,0.474,7.3083333333,0
2000-03-16,0.46,7.2515625,0
2000-03-17,0.513,6.6223958333,0
2000-03-18,0.551,6.134375,0
2000-03-19,0.474,5.3354166667,0
2000-03-20,0.398,4.8322916667,0
2000-03-21,0.326,5.6380208333,0
2000-03-22,0.268,7.3307291667,0
2000-03-23,0.224,8.8604166667,0
2000-03-24,0.188,9.8927083333,0
2000-03-25,0.199,9.4578125,0
2000-03-26,0.217,8.6442708333,0
2000-03-27,0.292,6.9984375,0
2000-03-28,0.361,6.0989583333,0
2000-03-29,0.393,5.9432291667,0
2000-03-30,0.326,5.8255208333,0
2000-03-31,0.268,6.2317708333,0
2000-04-01,0.224,7.04375,0
2000-04-02,0.221,8.1140625,0
2000-04-03,0.188,9.5713541667,0
2000-04-04,0.173,9.7119791667,0
2000-04-05,0.173,8.5265625,0
2000-04-06,0.146,7.1447916667,0
2000-04-07,0.119,6.0354166667,0
2000-04-08,0.119,7.2791666667,0
2000-04-09,0.119,7.9661458333,0
2000-04-10,0.104,8.621875,0
2000-04-11,0.104,8.5875,0
2000-04-12,0.104,7.6864583333,0
2000-04-13,0.104,7.6197916667,0
2000-04-14,0.089,7.8427083333,0
2000-04-15,0.089,8.7848958333,0
2000-04-16,0.089,9.9270833333,0
2000-04-17,0.075,10.9348958333,0
2000-04-18,0.075,11.6911458333,0
2000-04-19,0.075,12.528125,0
2000-04-20,0.063,13.7041666667,0
2000-04-21,0.054,15.1171875,0
2000-04-22,0.054,15.690625,0
2000-04-23,0.054,14.9380208333,0
2000-04-24,0.063,14.3635416667,0
2000-04-25,0.063,14.5057291667,0
2000-04-26,0.054,15.6213541667,0
2000-04-27,0.063,17.1958333333,0
2000-04-28,0.054,17.0760416667,0
2000-04-29,0.054,16.1864583333,0
2000-04-30,0.054,14.9703125,0
2000-05-01,0.054,14.3307291667,0
2000-05-02,0.054,14.2729166667,0
2000-05-03,0.054,14.8416666667,0
2000-05-04,0.054,15.8322916667,0
2000-05-05,0.054,17.0755208333,0
2000-05-06,0.054,18.2890625,0
2000-05-07,0.054,18.7645833333,0
2000-05-08,0.054,18.9552083333,0
2000-05-09,0.049,19.03125,0
2000-05-10,0.049,19.6729166667,0
2000-05-11,0.089,19.959375,0
2000-05-12,0.054,19.8166666667,0
2000-05-13,0.054,19.6359375,0
2000-05-14,0.054,19.4973958333,0
2000-05-15,0.054,20.0338541667,0
2000-05-16,0.044,19.5255208333,0
2000-05-17,0.049,17.5864583333,0
2000-05-18,0.049,14.9682291667,0
2000-05-19,0.049,12.0875,0
2000-05-20,0.055,10.5140625,0
2000-05-21,0.049,10.3083333333,0
2000-05-22,0.049,11.3828125,0
2000-05-23,0.049,12.5010416667,0
2000-05-24,0.049,13.6630208333,0
2000-05-25,0.054,14.6020833333,0
2000-05-26,0.075,14.6536458333,0
2000-05-27,0.049,14.015625,0
2000-05-28,0.044,13.01875,0
2000-05-29,0.049,11.9739583333,0
2000-05-30,0.054,11.6786458333,0
2000-05-31,0.049,13.0057291667,0
2000-06-01,0.044,15.4635416667,0
2000-06-02,0.039,17.7776041667,0
2000-06-03,0.039,19.1072916667,0
2000-06-04,0.054,18.9125,0
2000-06-05,0.044,17.2109375,0
2000-06-06,0.102,15.6140625,0
2000-06-07,0.051,14.9588541667,0
2000-06-08,0.049,16.6630208333,0
2000-06-09,0.044,18.3375,0
2000-06-10,0.039,19.2276041667,0
2000-06-11,0.039,19.5703125,0
2000-06-12,0.039,18.934375,0
2000-06-13,0.033,18.7447916667,0
2000-06-14,0.033,18.4015625,0
2000-06-15,0.033,17.1682291667,0
2000-06-16,0.033,15.3802083333,0
2000-06-17,0.026,15.6661458333,0
2000-06-18,0.026,18.2463541667,0
2000-06-19,0.026,21.9026041667,0
2000-06-20,0.02,24.2776041667,0
2000-06-21,0.02,23.9,0
2000-06-22,0.081,21.5619791667,0
2000-06-23,0.033,18.19375,0
2000-06-24,0.033,15.659375,0
2000-06-25,0.04,14.096875,0
2000-06-26,0.039,12.865625,0
2000-06-27,0.033,12.4395833333,0
2000-06-28,0.029,12.6401041667,0
2000-06-29,0.026,13.3260416667,0
2000-06-30,0.026,14.8932291667,0
2000-07-01,0.026,17.1151041667,0
2000-07-02,0.033,18.2125,0
2000-07-03,0.026,18.3921875,0
2000-07-04,0.026,18.0588541667,0
2000-07-05,0.175,17.2557291667,0
2000-07-06,0.186,16.5791666667,0
2000-07-07,0.119,15.4958333333,0
2000-07-08,0.132,14.59375,0
2000-07-09,0.089,13.83125,0
2000-07-10,0.132,13.2828125,0
2000-07-11,0.104,13.3286458333,0
2000-07-12,0.159,13.3453125,0
2000-07-13,0.146,12.9854166667,0
2000-07-14,0.159,12.7520833333,0
2000-07-15,0.589,12.8953125,0
2000-07-16,0.551,13.2276041667,0
2000-07-17,0.527,13.803125,0
2000-07-18,0.436,14.2432291667,0
2000-07-19,0.268,15.1223958333,0
2000-07-20,0.203,15.5734375,0
2000-07-21,0.159,15.1489583333,0
2000-07-22,0.132,16.0223958333,0
2000-07-23,0.119,16.2125,0
2000-07-24,0.104,16.0770833333,0
2000-07-25,0.173,16.5536458333,0
2000-07-26,0.224,16.3020833333,0
2000-07-27,0.242,15.85,0
2000-07-28,0.244,15.7088541667,0
2000-07-29,0.326,16.1203125,0
2000-07-30,0.361,16.4380208333,0
2000-07-31,0.268,18.0020833333,0
2000-08-01,0.205,18.8729166667,0
2000-08-02,0.173,18.68125,0
2000-08-03,0.146,18.246875,0
2000-08-04,0.132,17.1239583333,0
2000-08-05,0.104,16.7807291667,0
2000-08-06,0.089,17.3354166667,0
2000-08-07,0.075,17.9802083333,0
2000-08-08,0.075,18.3380208333,0
2000-08-09,0.063,18.9505208333,0
2000-08-10,0.063,18.9958333333,0
2000-08-11,0.054,19.1875,0
2000-08-12,0.054,19.6958333333,0
2000-08-13,0.049,20.1119791667,0
2000-08-14,0.049,20.4578125,0
2000-08-15,0.047,20.3796875,0
2000-08-16,0.049,20.1416666667,0
2000-08-17,0.044,19.5432291667,0
2000-08-18,0.044,19.3234375,0
2000-08-19,0.79,19.3234375,0
2000-08-20,0.159,18.3979166667,0
2000-08-21,0.172,17.5317708333,0
2000-08-22,0.104,16.7645833333,0
2000-08-23,0.089,16.2140625,0
2000-08-24,0.075,16.4859375,0
2000-08-25,0.063,17.6151041667,0
2000-08-26,0.063,17.7833333333,0
2000-08-27,0.063,17.2963541667,0
2000-08-28,0.589,16.94375,0
2000-08-29,0.398,15.6364583333,0
2000-08-30,0.244,15.0901041667,0
2000-08-31,0.188,15.0760416667,0
2000-09-01,0.154,14.6619791667,0
2000-09-02,0.173,14.4807291667,0
2000-09-03,0.295,14.0604166667,0
2000-09-04,0.398,13.703125,0
2000-09-05,0.361,13.5661458333,0
2000-09-06,0.268,13.6473958333,0
2000-09-07,0.436,14.5885416667,0
2000-09-08,0.398,15.7609375,0
2000-09-09,0.326,16.7395833333,0
2000-09-10,0.244,17.8604166667,0
2000-09-11,0.205,18.8390625,0
2000-09-12,0.173,18.65,0
2000-09-13,0.158,18.4661458333,0
2000-09-14,0.132,18.2166666667,0
2000-09-15,0.119,16.5380208333,0
2000-09-16,0.104,15.6619791667,0
2000-09-17,0.159,15.3692708333,0
2000-09-18,0.119,14.8723958333,0
2000-09-19,0.104,14.846875,0
2000-09-20,0.104,14.4072916667,0
2000-09-21,0.132,14.0796875,0
2000-09-22,0.146,13.5125,0
2000-09-23,0.146,13.6088541667,0
2000-09-24,0.146,14.5130208333,0
2000-09-25,0.132,15.3302083333,0
2000-09-26,0.132,15.8432291667,0
2000-09-27,0.119,16.3645833333,0
2000-09-28,0.119,16.9078125,0
2000-09-29,0.119,16.2864583333,0
2000-09-30,0.104,15.6572916667,0
2000-10-01,0.104,14.81875,0
2000-10-02,0.742,13.5166666667,0
2000-10-03,0.513,12.9427083333,0
2000-10-04,0.326,12.7145833333,0
2000-10-05,0.224,11.6984375,0
2000-10-06,0.247,10.2072916667,0
2000-10-07,0.217,9.0177083333,0
2000-10-08,0.205,8.5479166667,0
2000-10-09,0.259,8.6291666667,0
2000-10-10,0.224,9.6223958333,0
2000-10-11,0.295,10.7,0
2000-10-12,0.326,11.0479166667,0
2000-10-13,0.268,11.2802083333,0
2000-10-14,0.224,11.4567708333,0
2000-10-15,0.205,12.05,0
2000-10-16,0.173,11.7359375,0
2000-10-17,0.159,11.3114583333,0
2000-10-18,0.146,11.1416666667,0
2000-10-19,0.132,10.4078125,0
2000-10-20,0.146,11.1989583333,0
2000-10-21,0.132,12.6614583333,0
2000-10-22,0.132,13.28125,0
2000-10-23,0.119,13.43125,0
2000-10-24,0.193,13.0526041667,0
2000-10-25,0.134,12.1385416667,0
2000-10-26,0.146,11.2130208333,0
2000-10-27,0.146,11.1026041667,0
2000-10-28,0.217,10.7708333333,0
2000-10-29,0.627,10.9755208333,0
2000-10-30,0.513,10.9385416667,0
2000-10-31,0.384,10.0296875,0
2000-11-01,0.268,9.5645833333,0
2000-11-02,0.314,8.8140625,0
2000-11-03,0.295,8.3432291667,0
2000-11-04,0.268,8.2223958333,0
2000-11-05,0.268,8.1270833333,0
2000-11-06,0.229,8.3651041667,0
2000-11-07,0.224,8.7572916667,0
2000-11-08,0.205,9.0416666667,0
2000-11-09,0.205,8.609375,0
2000-11-10,0.173,7.8203125,0
2000-11-11,0.173,7.8182291667,0
2000-11-12,0.173,7.959375,0
2000-11-13,0.226,8.1333333333,0
2000-11-14,0.205,8.28125,0
2000-11-15,0.205,7.7473958333,0
2000-11-16,0.224,6.8916666667,0
2000-11-17,0.188,6.6083333333,0
2000-11-18,0.177,6.6859375,0
2000-11-19,0.188,6.4598958333,0
2000-11-20,0.224,6.4473958333,0
2000-11-21,0.205,6.7244791667,0
2000-11-22,0.217,7.184375,0
2000-11-23,0.244,7.56875,0
2000-11-24,0.307,7.4848958333,0
2000-11-25,0.361,7.3104166667,0
2000-11-26,0.326,6.7515625,0
2000-11-27,0.268,7.4635416667,0
2000-11-28,0.224,9.0203125,0
2000-11-29,0.398,10.1822916667,0
2000-11-30,0.436,11.0901041667,0
2000-12-01,0.339,11.2505208333,0
2000-12-02,0.339,10.6453125,0
2000-12-03,0.244,9.5979166667,0
2000-12-04,0.224,9.328125,0
2000-12-05,0.224,8.8109375,0
2000-12-06,0.205,8.9177083333,0
2000-12-07,0.207,10.2015625,0
2000-12-08,0.224,10.2145833333,0
2000-12-09,0.224,10.3723958333,0
2000-12-10,0.231,10.8203125,0
2000-12-11,0.244,11.0447916667,0
2000-12-12,0.319,11.559375,0
2000-12-13,1.093,10.9916666667,0
2000-12-14,0.863,9.3927083333,0
2000-12-15,0.632,6.83125,0
2000-12-16,0.665,4.05625,0
2000-12-17,0.665,2.7010416667,0
2000-12-18,0.474,2.3401041667,0
2000-12-19,0.357,1.959375,0
2000-12-20,0.244,1.9078125,0
2000-12-21,0.205,0.8453125,0
2000-12-22,0.175,0.1,0
2000-12-23,0.159,0.1078125,0
2000-12-24,0.146,0.4796875,0
2000-12-25,0.146,1.1057291667,0
2000-12-26,0.132,1.9088541667,0
2000-12-27,0.132,1.5192708333,0
2000-12-28,0.132,1.3010416667,0
2000-12-29,0.119,1.4088541667,0
2000-12-30,0.104,0.9192708333,0
2000-12-31,0.104,1.2572916667,0
2001-01-01,0.089,3.1338541667,0
2001-01-02,0.19,4.7,0
2001-01-03,0.326,6.1916666667,0
2001-01-04,0.398,7.7848958333,0
2001-01-05,0.398,7.5708333333,0
2001-01-06,1.75,7.0484375,0
2001-01-07,1.691,6.2770833333,0
2001-01-08,0.935,5.2609375,0
2001-01-09,0.627,3.896875,0
2001-01-10,0.474,3.3520833333,0
2001-01-11,0.436,2.1854166667,0
2001-01-12,0.398,0.6739583333,0
2001-01-13,0.398,0.1,0
2001-01-14,0.295,0.1,0
2001-01-15,0.244,0.1,0
2001-01-16,0.205,0.1,0
2001-01-17,0.173,0.1,0
2001-01-18,0.159,0.1,0
2001-01-19,0.146,0.1,0
2001-01-20,0.132,0.7291666667,0
2001-01-21,0.132,1.3692708333,0
2001-01-22,0.119,2.8958333333,0
2001-01-23,0.314,5.0682291667,0
2001-01-24,0.781,6.6796875,0
2001-01-25,0.781,6.9041666667,0
2001-01-26,0.747,5.9916666667,0
2001-01-27,0.665,4.2932291667,0
2001-01-28,0.901,3.5526041667,0
2001-01-29,0.858,2.4364583333,0
2001-01-30,0.589,1.4859375,0
2001-01-31,0.398,0.6463541667,0
2001-02-01,0.295,0.1,0
2001-02-02,0.224,0.2859375,0
2001-02-03,0.212,1.8276041667,0
2001-02-04,0.295,4.4348958333,0
2001-02-05,1.333,7.4515625,0
2001-02-06,1.659,9.540625,0
2001-02-07,1.307,10.9630208333,0
2001-02-08,1.207,9.4916666667,0
2001-02-09,0.95,7.1677083333,0
2001-02-10,0.627,6.7145833333,0
2001-02-11,0.403,6.225,0
2001-02-12,0.326,6.7515625,0
2001-02-13,0.323,6.7135416667,0
2001-02-14,0.244,5.8755208333,0
2001-02-15,0.224,4.409375,0
2001-02-16,0.207,3.9052083333,0
2001-02-17,0.221,3.8260416667,0
2001-02-18,0.173,3.621875,0
2001-02-19,0.159,3.784375,0
2001-02-20,0.159,4.0807291667,0
2001-02-21,0.146,4.6348958333,0
2001-02-22,0.173,4.153125,0
2001-02-23,0.168,2.578125,0
2001-02-24,0.205,0.7151041667,0
2001-02-25,0.224,0.1,0
2001-02-26,0.224,0.1,0
2001-02-27,0.205,0.6895833333,0
2001-02-28,0.188,1.90625,0
2001-03-01,0.173,2.3026041667,0
2001-03-02,0.164,2.0317708333,0
2001-03-03,0.159,1.8182291667,0
2001-03-04,0.159,1.8651041667,0
2001-03-05,0.159,2.1234375,0
2001-03-06,0.132,3.3223958333,0
2001-03-07,0.132,4.9239583333,0
2001-03-08,0.146,6.8338541667,0
2001-03-09,0.159,8.6390625,0
2001-03-10,0.201,10.1848958333,0
2001-03-11,0.295,10.5333333333,0
2001-03-12,0.508,9.5927083333,0
2001-03-13,0.665,8.4119791667,0
2001-03-14,0.632,7.2270833333,0
2001-03-15,0.551,7.3734375,0
2001-03-16,0.46,8.046875,0
2001-03-17,0.326,8.8755208333,0
2001-03-18,0.268,7.8552083333,0
2001-03-19,0.366,5.6145833333,0
2001-03-20,0.436,4.2338541667,0
2001-03-21,0.508,3.8317708333,0
2001-03-22,0.513,5.4755208333,0
2001-03-23,0.436,7.8578125,0
2001-03-24,0.589,8.1932291667,0
2001-03-25,0.704,6.9442708333,0
2001-03-26,1.212,5.2942708333,0
2001-03-27,0.892,4.0395833333,0
2001-03-28,0.589,5.0109375,0
2001-03-29,0.436,5.9697916667,0
2001-03-30,0.326,7.6755208333,0
2001-03-31,0.244,9.4,0
2001-04-01,0.217,11.0677083333,0
2001-04-02,0.205,12.7583333333,0
2001-04-03,0.188,12.7296875,0
2001-04-04,0.159,11.5447916667,0
2001-04-05,0.173,10.428125,0
2001-04-06,0.173,9.6354166667,0
2001-04-07,0.188,9.0875,0
2001-04-08,0.224,8.8817708333,0
2001-04-09,0.253,8.3067708333,0
2001-04-10,0.244,8.0078125,0
2001-04-11,0.244,7.51875,0
2001-04-12,0.205,6.3385416667,0
2001-04-13,0.205,4.459375,0
2001-04-14,0.188,3.8197916667,0
2001-04-15,0.188,4.0484375,0
2001-04-16,0.935,4.875,0
2001-04-17,0.897,5.725,0
2001-04-18,0.704,5.0729166667,0
2001-04-19,0.627,4.2385416667,0
2001-04-20,0.627,3.6520833333,0
2001-04-21,0.589,4.0953125,0
2001-04-22,0.474,5.6552083333,0
2001-04-23,0.361,7.7973958333,0
2001-04-24,0.271,9.5192708333,0
2001-04-25,0.259,10.3458333333,0
2001-04-26,0.244,10.2729166667,0
2001-04-27,0.295,10.0776041667,0
2001-04-28,0.398,10.7682291667,0
2001-04-29,0.589,12.30625,0
2001-04-30,0.627,13.9026041667,0
2001-05-01,0.436,15.7927083333,0
2001-05-02,0.326,16.9802083333,0
2001-05-03,0.268,15.8848958333,0
2001-05-04,0.244,14.1567708333,0
2001-05-05,0.205,11.675,0
2001-05-06,0.173,10.2651041667,0
2001-05-07,0.159,10.8020833333,0
2001-05-08,0.146,12.7572916667,0
2001-05-09,0.132,15.5046875,0
2001-05-10,0.132,16.9588541667,0
2001-05-11,0.119,17.9859375,0
2001-05-12,0.104,18.3401041667,0
2001-05-13,0.089,17.5661458333,0
2001-05-14,0.089,16.8796875,0
2001-05-15,0.104,16.0598958333,0
2001-05-16,0.075,15.0817708333,0
2001-05-17,0.104,13.7458333333,0
2001-05-18,0.089,12.9333333333,0
2001-05-19,0.104,12.353125,0
2001-05-20,0.075,12.0401041667,0
2001-05-21,0.075,12.7052083333,0
2001-05-22,0.063,13.815625,0
2001-05-23,0.054,15.2765625,0
2001-05-24,0.054,16.3317708333,0
2001-05-25,0.049,17.5635416667,0
2001-05-26,0.049,17.9588541667,0
2001-05-27,0.044,18.6588541667,0
2001-05-28,0.044,19.2578125,0
2001-05-29,0.044,18.6770833333,0
2001-05-30,0.039,17.8462951031,0
2001-05-31,0.039,15.969523196,0
2001-06-01,0.039,13.9135416667,0
2001-06-02,0.039,12.2185996563,0
2001-06-03,0.113,11.390625,0
2001-06-04,0.104,12.1385416667,0
2001-06-05,0.075,13.44375,0
2001-06-06,0.054,14.6140625,0
2001-06-07,0.054,14.6765625,0
2001-06-08,0.066,13.7088541667,0
2001-06-09,0.055,12.90625,0
2001-06-10,0.049,12.4036458333,0
2001-06-11,0.048,12.8770833333,0
2001-06-12,0.063,13.4880208333,0
2001-06-13,0.054,14.2052083333,0
2001-06-14,0.049,15.7010416667,0
2001-06-15,0.044,16.4880208333,0
2001-06-16,0.044,16.4786458333,0
2001-06-17,0.062,15.7598958333,0
2001-06-18,0.164,14.5166666667,0
2001-06-19,0.132,14.2296875,0
2001-06-20,0.104,14.7333333333,0
2001-06-21,0.089,14.6583333333,0
2001-06-22,0.075,15.0552083333,0
2001-06-23,0.075,15.6567708333,0
2001-06-24,0.063,16.5192708333,0
2001-06-25,0.054,18.646875,0
2001-06-26,0.049,20.1364583333,0
2001-06-27,0.049,20.478125,0
2001-06-28,0.063,20.5177083333,0
2001-06-29,0.049,19.7140625,0
2001-06-30,0.044,18.9786458333,0
2001-07-01,0.106,18.3364583333,0
2001-07-02,0.054,18.1385416667,0
2001-07-03,0.049,18.8734375,0
2001-07-04,0.044,20.521875,0
2001-07-05,0.039,22.3828125,0
2001-07-06,0.039,22.6,0
2001-07-07,0.039,21.6104166667,0
2001-07-08,0.039,20.0796875,0
2001-07-09,0.049,19.0088541667,0
2001-07-10,0.039,17.9822916667,0
2001-07-11,0.046,17.4395833333,0
2001-07-12,0.039,16.8588541667,0
2001-07-13,0.039,15.81875,0
2001-07-14,0.033,15.559375,0
2001-07-15,0.075,15.396875,0
2001-07-16,0.044,15.746875,0
2001-07-17,0.039,16.0604166667,0
2001-07-18,0.039,16.3598958333,0
2001-07-19,0.039,16.396875,0
2001-07-20,0.117,16.3348958333,0
2001-07-21,0.104,17.3192708333,0
2001-07-22,0.063,18.3869791667,0
2001-07-23,0.054,19.9739583333,0
2001-07-24,0.054,21.1572916667,0
2001-07-25,0.049,21.3494791667,0
2001-07-26,0.044,22.1005208333,0
2001-07-27,0.044,22.5947916667,0
2001-07-28,0.039,22.4880208333,0
2001-07-29,0.039,22.6671875,0
2001-07-30,0.033,22.6036458333,0
2001-07-31,0.033,21.6192708333,0
2001-08-01,0.033,21.9541666667,0
2001-08-02,0.033,21.5744791667,0
2001-08-03,0.033,19.9197916667,0
2001-08-04,0.037,19.1604166667,0
2001-08-05,0.039,17.8833333333,0
2001-08-06,0.049,17.2510416667,0
2001-08-07,0.049,17.3151041667,0
2001-08-08,0.049,17.4052083333,0
2001-08-09,0.063,16.571875,0
2001-08-10,0.095,15.7963541667,0
2001-08-11,0.054,16.2723958333,0
2001-08-12,0.049,17.3796875,0
2001-08-13,0.044,19.8317708333,0
2001-08-14,0.044,22.5130208333,0
2001-08-15,0.039,23.0760416667,0
2001-08-16,0.039,22.4932291667,0
2001-08-17,0.039,22.1598958333,0
2001-08-18,0.033,20.8145833333,0
2001-08-19,0.03,20.2942708333,0
2001-08-20,0.026,20.8489583333,0
2001-08-21,0.026,20.9401041667,0
2001-08-22,0.026,21.55,0
2001-08-23,0.02,22.8057291667,0
2001-08-24,0.02,23.7140625,0
2001-08-25,0.02,24.4453125,0
2001-08-26,0.02,23.2119791667,0
2001-08-27,0.02,20.7666666667,0
2001-08-28,0.02,18.5848958333,0
2001-08-29,0.02,16.1177083333,0
2001-08-30,0.02,15.2640625,0
2001-08-31,0.02,15.3666666667,0
2001-09-01,0.026,15.040625,0
2001-09-02,0.026,14.9744791667,0
2001-09-03,0.026,14.7494791667,0
2001-09-04,0.265,14.290625,0
2001-09-05,0.132,13.6692708333,0
2001-09-06,0.173,13.1239583333,0
2001-09-07,0.147,12.9854166667,0
2001-09-08,0.265,12.4958333333,0
2001-09-09,0.398,12.5348958333,0
2001-09-10,0.295,12.2854166667,0
2001-09-11,0.244,12.284375,0
2001-09-12,0.244,12.8958333333,0
2001-09-13,0.436,12.88125,0
2001-09-14,1.058,12.8098958333,0
2001-09-15,0.704,11.9890625,0
2001-09-16,0.589,11.171875,0
2001-09-17,0.627,10.7255208333,0
2001-09-18,0.513,10.5979166667,0
2001-09-19,0.361,11.1869791667,0
2001-09-20,0.436,11.6223958333,0
2001-09-21,3.794,11.6994791667,0
2001-09-22,1.927,11.575,0
2001-09-23,1.132,10.7583333333,0
2001-09-24,0.745,10.4229166667,0
2001-09-25,0.474,10.7802083333,0
2001-09-26,0.326,11.734375,0
2001-09-27,0.244,13.1567708333,0
2001-09-28,0.244,14.2479166667,0
2001-09-29,0.244,15.2578125,0
2001-09-30,0.244,15.6489583333,0
2001-10-01,0.224,16.7645833333,0
2001-10-02,0.431,16.7838541667,0
2001-10-03,0.584,16.1984375,0
2001-10-04,0.551,15.3109375,0
2001-10-05,0.513,14.61875,0
2001-10-06,0.398,14.796875,0
2001-10-07,0.326,14.7984375,0
2001-10-08,0.268,14.946875,0
2001-10-09,0.224,14.1828125,0
2001-10-10,0.188,13.7223958333,0
2001-10-11,0.173,13.9755208333,0
2001-10-12,0.159,14.9875,0
2001-10-13,0.159,15.8760416667,0
2001-10-14,0.146,16.5630208333,0
2001-10-15,0.147,16.4817708333,0
2001-10-16,0.132,15.2348958333,0
2001-10-17,0.132,14.4848958333,0
2001-10-18,0.119,14.0427083333,0
2001-10-19,0.119,14.021875,0
2001-10-20,0.119,14.1661458333,0
2001-10-21,0.104,13.7614583333,0
2001-10-22,0.119,12.8526041667,0
2001-10-23,0.119,12.4260416667,0
2001-10-24,0.131,12.2427083333,0
2001-10-25,0.132,12.2338541667,0
2001-10-26,0.132,12.5875,0
2001-10-27,0.119,12.0515625,0
2001-10-28,0.146,11.4817708333,0
2001-10-29,0.173,12.065625,0
2001-10-30,0.173,12.0046875,0
2001-10-31,0.173,11.3760416667,0
2001-11-01,0.205,10.3,0
2001-11-02,0.173,7.8875,0
2001-11-03,0.173,6.0578125,0
2001-11-04,0.173,5.9411458333,0
2001-11-05,0.159,6.4005208333,0
2001-11-06,0.146,7.5375,0
2001-11-07,0.188,7.8609375,0
2001-11-08,0.224,6.4260416667,0
2001-11-09,1.252,4.23125,0
2001-11-10,0.858,2.1515625,0
2001-11-11,0.589,2.0947916667,0
2001-11-12,0.403,2.8567708333,0
2001-11-13,0.326,3.7114583333,0
2001-11-14,0.244,3.21875,0
2001-11-15,0.205,2.3265625,0
2001-11-16,0.177,2.0317708333,0
2001-11-17,0.173,2.39375,0
2001-11-18,0.173,3.8567708333,0
2001-11-19,0.159,4.9088541667,0
2001-11-20,0.146,5.871875,0
2001-11-21,0.142,6.409375,0
2001-11-22,0.132,5.9463541667,0
2001-11-23,0.975,5.2635416667,0
2001-11-24,0.858,5.278125,0
2001-11-25,0.665,5.6182291667,0
2001-11-26,0.589,6.0385416667,0
2001-11-27,0.819,6.5125,0
2001-11-28,0.824,6.196875,0
2001-11-29,0.935,6.8671875,0
2001-11-30,1.418,8.4307291667,0
2001-12-01,2.2,9.3171875,0
2001-12-02,2.34,9.9244791667,0
2001-12-03,1.597,9.4317708333,0
2001-12-04,1.007,8.5786458333,0
2001-12-05,0.758,7.9135416667,0
2001-12-06,0.616,6.0567708333,0
2001-12-07,0.616,4.4614583333,0
2001-12-08,0.622,2.465625,0
2001-12-09,0.524,0.5098958333,0
2001-12-10,0.435,0.2979166667,0
2001-12-11,0.312,0.5734375,0
2001-12-12,0.273,0.7421875,0
2001-12-13,0.237,0.1,0
2001-12-14,0.201,0.1,0
2001-12-15,0.169,0.1,0
2001-12-16,0.169,0.1,0
2001-12-17,0.138,0.1,0
2001-12-18,0.138,0.6348958333,0
2001-12-19,0.138,0.5098958333,0
2001-12-20,0.138,1.4005208333,0
2001-12-21,0.111,1.3833333333,0
2001-12-22,0.48,0.1,0
2001-12-23,0.327,0.1,0
2001-12-24,0.273,0.1,0
2001-12-25,0.49,0.1,0
2001-12-26,2.942,1.0947916667,0
2001-12-27,1.654,2.8619791667,0
2001-12-28,1.214,2.1947916667,0
2001-12-29,2.885,1.9947916667,0
2001-12-30,1.719,1.2755208333,0
2001-12-31,1,0.1,0
2002-01-01,0.662,0.1,0
2002-01-02,0.48,0.1,0
2002-01-03,0.393,0.1,0
2002-01-04,0.312,0.1,0
2002-01-05,0.273,0.1,0
2002-01-06,0.237,0.1,0
2002-01-07,0.237,0.1,0
2002-01-08,0.201,0.1,0
2002-01-09,0.201,0.1,0
2002-01-10,0.169,0.1,0
2002-01-11,0.111,0.1,0
2002-01-12,0.111,0.7953125,0
2002-01-13,0.111,1.5505208333,0
2002-01-14,0.111,1.4317708333,0
2002-01-15,0.111,0.7244791667,0
2002-01-16,0.111,0.1,0
2002-01-17,0.111,0.4479166667,0
2002-01-18,0.111,1.8588541667,0
2002-01-19,0.111,3.7234375,0
2002-01-20,0.169,5.9296875,0
2002-01-21,3.118,7.2364583333,0
2002-01-22,3.515,7.6765625,0
2002-01-23,1.705,8.3145833333,0
2002-01-24,1.273,7.1307291667,0
2002-01-25,1.064,8.0072916667,0
2002-01-26,0.906,9.01875,0
2002-01-27,0.806,9.7260416667,0
2002-01-28,3.057,10.8411458333,0
2002-01-29,2.019,10.8739583333,0
2002-01-30,1.208,10.4,0
2002-01-31,0.807,10.0182291667,0
2002-02-01,0.569,10.75625,0
2002-02-02,0.435,10.9796875,0
2002-02-03,0.351,11.3,0
2002-02-04,0.169,11.5614583333,0
2002-02-05,0.201,10.2989583333,0
2002-02-06,0.435,9.0432291667,0
2002-02-07,0.435,8.6494791667,0
2002-02-08,0.48,8.4380208333,0
2002-02-09,0.563,8.4239583333,0
2002-02-10,1.221,9.4515625,0
2002-02-11,1.485,10.2708333333,0
2002-02-12,1.429,9.2520833333,0
2002-02-13,1.625,8.275,0
2002-02-14,2.004,5.8322916667,0
2002-02-15,1.382,3.2807291667,0
2002-02-16,0.913,2.3635416667,0
2002-02-17,0.662,2.2609375,0
2002-02-18,0.524,3.1270833333,0
2002-02-19,0.393,4.2213541667,0
2002-02-20,0.524,4.0192708333,0
2002-02-21,3.472,4.4369791667,0
2002-02-22,1.807,4.1453125,0
2002-02-23,3.399,3.2953125,0
2002-02-24,2.275,4.6151041667,0
2002-02-25,1.448,6.2239583333,0
2002-02-26,3.123,7.2203125,0
2002-02-27,3.895,8.13125,0
2002-02-28,2.306,7.2375,0
2002-03-01,1.375,4.3760416667,0
2002-03-02,0.913,3.3760416667,0
2002-03-03,0.709,3.3203125,0
2002-03-04,0.616,3.6213541667,0
2002-03-05,0.524,5.44375,0
2002-03-06,0.307,7.0052083333,0
2002-03-07,0.393,7.3041666667,0
2002-03-08,0.237,8.1302083333,0
2002-03-09,0.169,8.2114583333,0
2002-03-10,0.159,8.2802083333,0
2002-03-11,0.138,9.3291666667,0
2002-03-12,0.273,9.1786458333,0
2002-03-13,0.273,8.0567708333,0
2002-03-14,0.237,7.2072916667,0
2002-03-15,0.273,6.9020833333,0
2002-03-16,0.237,8.05,0
2002-03-17,0.237,10.2864583333,0
2002-03-18,0.232,11.0015625,0
2002-03-19,0.357,11.1864583333,0
2002-03-20,0.273,11.0442708333,0
2002-03-21,0.819,10.0151041667,0
2002-03-22,2.177,8.9739583333,0
2002-03-23,1.541,7.065625,0
2002-03-24,1.109,4.6776041667,0
2002-03-25,0.758,3.6020833333,0
2002-03-26,0.53,3.4598958333,0
2002-03-27,0.398,4.3760416667,0
2002-03-28,0.351,6.0729166667,0
2002-03-29,0.312,7.2020833333,0
2002-03-30,0.273,8.6244791667,0
2002-03-31,0.237,10.1234375,0
2002-04-01,0.237,11.2984375,0
2002-04-02,0.201,13.01875,0
2002-04-03,0.169,13.721875,0
2002-04-04,0.169,12.7682291667,0
2002-04-05,0.169,10.7869791667,0
2002-04-06,0.138,8.7401041667,0
2002-04-07,0.138,7.2619791667,0
2002-04-08,0.138,6.6895833333,0
2002-04-09,0.138,7.1442708333,0
2002-04-10,0.138,7.2104166667,0
2002-04-11,0.138,7.3885416667,0
2002-04-12,0.138,7.7072916667,0
2002-04-13,0.138,7.5140625,0
2002-04-14,0.138,7.3125,0
2002-04-15,0.138,6.9635416667,0
2002-04-16,0.138,6.9338541667,0
2002-04-17,0.138,7.3989583333,0
2002-04-18,0.138,7.6625,0
2002-04-19,0.287,8.4453125,0
2002-04-20,0.201,9.1661458333,0
2002-04-21,0.169,10.1010416667,0
2002-04-22,0.169,11.7354166667,0
2002-04-23,0.169,12.8125,0
2002-04-24,0.169,13.6026041667,0
2002-04-25,0.169,13.0244791667,0
2002-04-26,0.138,11.6046875,0
2002-04-27,0.259,10.5296875,0
2002-04-28,0.237,9.4114583333,0
2002-04-29,0.312,10.0010416667,0
2002-04-30,0.758,11.2666666667,0
2002-05-01,0.906,11.5875,0
2002-05-02,0.633,11.4697916667,0
2002-05-03,0.435,10.3557291667,0
2002-05-04,0.351,8.8755208333,0
2002-05-05,0.622,8.4265625,0
2002-05-06,0.616,9.3911458333,0
2002-05-07,0.662,11.2651041667,0
2002-05-08,0.524,13.7760416667,0
2002-05-09,0.435,15.51875,0
2002-05-10,0.393,16.0796875,0
2002-05-11,0.317,15.3229166667,0
2002-05-12,0.273,14.8536458333,0
2002-05-13,0.237,14.3328125,0
2002-05-14,0.233,14.2401041667,0
2002-05-15,0.201,15.4765625,0
2002-05-16,0.169,16.4380208333,0
2002-05-17,0.169,16.8265625,0
2002-05-18,0.169,16.9859375,0
2002-05-19,0.169,17.03125,0
2002-05-20,0.138,17.0401041667,0
2002-05-21,0.138,17.7723958333,0
2002-05-22,0.138,17.3901041667,0
2002-05-23,0.114,16.5296875,0
2002-05-24,0.111,15.0208333333,0
2002-05-25,0.138,13.8119791667,0
2002-05-26,0.138,13.7572916667,0
2002-05-27,0.138,13.9598958333,0
2002-05-28,0.086,14.2739583333,0
2002-05-29,0.086,14.29375,0
2002-05-30,0.111,14.5119791667,0
2002-05-31,0.111,14.440625,0
2002-06-01,0.111,15.1520833333,0
2002-06-02,0.111,16.2979166667,0
2002-06-03,0.111,17.6984375,0
2002-06-04,0.086,18.7197916667,0
2002-06-05,0.086,18.8458333333,0
2002-06-06,0.086,18.3911458333,0
2002-06-07,0.086,17.5677083333,0
2002-06-08,0.086,17.028125,0
2002-06-09,0.086,16.0671875,0
2002-06-10,0.086,15.3708333333,0
2002-06-11,0.067,15.2072916667,0
2002-06-12,0.065,14.84375,0
2002-06-13,0.138,16.4078125,0
2002-06-14,0.086,17.7802083333,0
2002-06-15,0.086,18.6114583333,0
2002-06-16,0.138,21.0744791667,0
2002-06-17,0.089,22.8520833333,0
2002-06-18,0.086,23.1713541667,0
2002-06-19,0.086,23.2072916667,0
2002-06-20,0.086,21.5682291667,0
2002-06-21,0.15,20.0557291667,0
2002-06-22,0.111,19.46875,0
2002-06-23,0.111,18.6546875,0
2002-06-24,0.111,18.0484375,0
2002-06-25,0.086,17.4161458333,0
2002-06-26,0.086,16.9255208333,0
2002-06-27,0.086,16.1458333333,0
2002-06-28,0.086,15.6963541667,0
2002-06-29,0.086,15.1614583333,0
2002-06-30,0.086,14.7765625,0
2002-07-01,0.084,15.13125,0
2002-07-02,0.086,15.2572916667,0
2002-07-03,0.086,15.0682291667,0
2002-07-04,0.138,15.771875,0
2002-07-05,0.169,16.1427083333,0
2002-07-06,0.169,16.921875,0
2002-07-07,0.157,18.328125,0
2002-07-08,0.111,19.2,0
2002-07-09,0.086,18.6338541667,0
2002-07-10,0.121,17.9427083333,0
2002-07-11,0.709,16.8744791667,0
2002-07-12,0.616,15.93125,0
2002-07-13,0.393,16.8458333333,0
2002-07-14,0.317,18.1854166667,0
2002-07-15,0.237,18.6026041667,0
2002-07-16,0.201,18.5395833333,0
2002-07-17,0.197,18.1307291667,0
2002-07-18,0.201,16.7286458333,0
2002-07-19,0.138,16.3567708333,0
2002-07-20,0.138,16.1963541667,0
2002-07-21,0.138,16.1416666667,0
2002-07-22,0.138,16.8885416667,0
2002-07-23,0.111,16.7828125,0
2002-07-24,0.114,16.8973958333,0
2002-07-25,0.135,17.3645833333,0
2002-07-26,0.135,18.2,0
2002-07-27,0.135,19.7223958333,0
2002-07-28,0.135,21.4932291667,0
2002-07-29,0.114,22.9015625,0
2002-07-30,0.111,22.75625,0
2002-07-31,0.111,21.3692708333,0
2002-08-01,0.111,20.1677083333,0
2002-08-02,0.111,18.5067708333,0
2002-08-03,0.111,17.96875,0
2002-08-04,0.111,17.6645833333,0
2002-08-05,0.111,16.6515625,0
2002-08-06,0.111,16.5901041667,0
2002-08-07,0.111,16.5140625,0
2002-08-08,0.111,16.9520833333,0
2002-08-09,0.111,17.6744791667,0
2002-08-10,0.169,17.9614583333,0
2002-08-11,0.169,17.8619791667,0
2002-08-12,0.111,17.8234375,0
2002-08-13,0.111,18.1536458333,0
2002-08-14,0.111,18.9255208333,0
2002-08-15,0.111,19.975,0
2002-08-16,0.111,21.1234375,0
2002-08-17,0.111,22.2135416667,0
2002-08-18,0.111,22.7177083333,0
2002-08-19,0.111,22.6088541667,0
2002-08-20,0.111,21.065625,0
2002-08-21,0.201,19.3885416667,0
2002-08-22,0.201,18.3432291667,0
2002-08-23,0.138,17.0796875,0
2002-08-24,0.138,17.2510416667,0
2002-08-25,0.138,18.0390625,0
2002-08-26,0.138,18.0947916667,0
2002-08-27,0.138,19.1505208333,0
2002-08-28,0.138,19.7213541667,0
2002-08-29,0.086,19.534375,0
2002-08-30,0.086,19.440625,0
2002-08-31,0.086,17.9322916667,0
2002-09-01,0.086,17.1026041667,0
2002-09-02,0.086,16.36875,0
2002-09-03,0.086,15.978125,0
2002-09-04,0.065,16.4223958333,0
2002-09-05,0.065,16.5979166667,0
2002-09-06,0.065,16.9880208333,0
2002-09-07,0.065,17.4140625,0
2002-09-08,0.065,18.165625,0
2002-09-09,0.065,17.53125,0
2002-09-10,0.047,16.6401041667,0
2002-09-11,0.047,16.0203125,0
2002-09-12,0.047,14.7807291667,0
2002-09-13,0.047,14.6505208333,0
2002-09-14,0.047,14.73125,0
2002-09-15,0.047,13.7447916667,0
2002-09-16,0.047,13.2515625,0
2002-09-17,0.047,13.1114583333,0
2002-09-18,0.047,12.9015625,0
2002-09-19,0.047,13.3557291667,0
2002-09-20,0.047,13.3791666667,0
2002-09-21,0.047,12.8666666667,0
2002-09-22,0.047,11.9036458333,0
2002-09-23,0.047,10.7979166667,0
2002-09-24,0.047,9.61875,0
2002-09-25,0.047,9.6359375,0
2002-09-26,0.047,10.0348958333,0
2002-09-27,0.047,10.6380208333,0
2002-09-28,0.047,11.6942708333,0
2002-09-29,0.047,12.0302083333,0
2002-09-30,0.047,12.3265625,0
2002-10-01,0.065,12.8869791667,0
2002-10-02,0.065,13.615625,0
2002-10-03,0.065,13.821875,0
2002-10-04,0.047,13.4098958333,0
2002-10-05,0.047,12.4364583333,0
2002-10-06,0.246,10.4963541667,0
2002-10-07,0.169,9.0182291667,0
2002-10-08,0.312,8.4161458333,0
2002-10-09,0.237,7.9916666667,0
2002-10-10,0.169,8.2645833333,0
2002-10-11,0.138,8.290625,0
2002-10-12,0.138,7.9697916667,0
2002-10-13,0.138,8.5770833333,0
2002-10-14,0.138,9.2973958333,0
2002-10-15,0.138,10.5401041667,0
2002-10-16,0.138,11.1083333333,0
2002-10-17,0.25,10.0807291667,0
2002-10-18,0.169,8.8145833333,0
2002-10-19,0.681,7.1578125,0
2002-10-20,0.575,7.5697916667,0
2002-10-21,0.524,9.4114583333,0
2002-10-22,0.393,10.44375,0
2002-10-23,0.312,11.190625,0
2002-10-24,0.393,11.1239583333,0
2002-10-25,0.393,10.5276041667,0
2002-10-26,0.48,10.8947916667,0
2002-10-27,0.351,10.8317708333,0
2002-10-28,0.918,10.0557291667,0
2002-10-29,0.855,9.7104166667,0
2002-10-30,0.575,8.8708333333,0
2002-10-31,0.435,9.2333333333,0
2002-11-01,0.206,10.3880208333,0
2002-11-02,0.219,10.6380208333,0
2002-11-03,0.57,10.7098958333,0
2002-11-04,1.106,10.1911458333,0
2002-11-05,0.769,8.7677083333,0
2002-11-06,0.496,7.446875,0
2002-11-07,0.326,6.8286458333,0
2002-11-08,0.407,6.7848958333,0
2002-11-09,1.614,6.2260416667,0
2002-11-10,1.852,7.0796875,0
2002-11-11,1.139,7.971875,0
2002-11-12,1.395,8.6317708333,0
2002-11-13,0.883,9.9609375,0
2002-11-14,0.61,9.5385416667,0
2002-11-15,0.423,9.1614583333,0
2002-11-16,0.366,8.8807291667,0
2002-11-17,0.61,8.2932291667,0
2002-11-18,1.069,7.8973958333,0
2002-11-19,0.822,7.571875,0
2002-11-20,0.565,7.478125,0
2002-11-21,0.366,7.7125,0
2002-11-22,0.289,8.1651041667,0
2002-11-23,0.202,8.3651041667,0
2002-11-24,0.18,7.9807291667,0
2002-11-25,0.16,7.8390625,0
2002-11-26,0.16,7.5125,0
2002-11-27,0.141,7.8385416667,0
2002-11-28,0.104,8.0932291667,0
2002-11-29,0.123,7.9526041667,0
2002-11-30,0.123,7.9770833333,0
2002-12-01,0.12,7.225,0
2002-12-02,0.163,6.8411458333,0
2002-12-03,0.141,6.4677083333,0
2002-12-04,0.141,6.1,0
2002-12-05,0.141,5.1520833333,0
2002-12-06,0.141,3.8098958333,0
2002-12-07,0.141,2.2765625,0
2002-12-08,0.141,0.1,0
2002-12-09,0.123,0.1,0
2002-12-10,0.104,0.1,0
2002-12-11,0.107,0.1,0
2002-12-12,0.107,0.1,0
2002-12-13,0.104,0.1,0
2002-12-14,0.104,0.4875,0
2002-12-15,0.104,2.8354166667,0
2002-12-16,0.104,3.1197916667,0
2002-12-17,0.255,2.60625,0
2002-12-18,0.226,1.9625,0
2002-12-19,0.231,0.7421875,0
2002-12-20,0.226,1.353125,0
2002-12-21,0.202,3.1760416667,0
2002-12-22,0.202,4.9145833333,0
2002-12-23,1.395,7.0713541667,0
2002-12-24,1.232,8.5817708333,0
2002-12-25,0.769,8.8395833333,0
2002-12-26,0.53,9.6729166667,0
2002-12-27,0.449,9.5276041667,0
2002-12-28,0.744,8.9734375,0
2002-12-29,0.995,9.7223958333,0
2002-12-30,2.291,7.5989583333,0
2002-12-31,5.317,6.3145833333,0
2003-01-01,1.852,6.9697916667,0
2003-01-02,1.451,5.9421875,0
2003-01-03,1.837,5.5395833333,0
2003-01-04,1.968,3.9463541667,0
2003-01-05,1.176,0.859375,0
2003-01-06,0.764,0.1,0
2003-01-07,0.485,0.1,0
2003-01-08,0.326,0.1,0
2003-01-09,0.123,0.1,0
2003-01-10,0.123,0.1,0
2003-01-11,0.123,0.1,0
2003-01-12,0.123,0.1,0
2003-01-13,0.123,0.115625,0
2003-01-14,0.423,2.3223958333,0
2003-01-15,0.65,4.59375,0
2003-01-16,0.715,4.3682291667,0
2003-01-17,0.57,3.4,0
2003-01-18,0.53,3.3682291667,0
2003-01-19,0.407,4.1338541667,0
2003-01-20,0.312,5.4541666667,0
2003-01-21,0.312,6.5588541667,0
2003-01-22,0.289,6.8807291667,0
2003-01-23,0.371,5.4489583333,0
2003-01-24,0.402,4.0302083333,0
2003-01-25,0.449,3.321875,0
2003-01-26,0.407,3.921875,0
2003-01-27,0.454,4.8635416667,0
2003-01-28,0.57,5.3427083333,0
2003-01-29,1.153,4.2901041667,0
2003-01-30,1.332,1.15,0
2003-01-31,1.046,0.1,0
2003-02-01,0.665,0.1,0
2003-02-02,0.454,0.1,0
2003-02-03,0.449,0.5994791667,0
2003-02-04,0.49,1.8109375,0
2003-02-05,0.57,1.5395833333,0
2003-02-06,0.449,1.196875,0
2003-02-07,0.326,1.8348958333,0
2003-02-08,0.267,2.1473958333,0
2003-02-09,0.255,1.8067708333,0
2003-02-10,0.255,1.1729166667,0
2003-02-11,0.326,0.1,0
2003-02-12,0.326,0.1,0
2003-02-13,0.289,0.1,0
2003-02-14,0.217,0.1,0
2003-02-15,0.123,0.1,0
2003-02-16,0.123,0.1,0
2003-02-17,0.123,0.1,0
2003-02-18,0.123,0.1,0
2003-02-19,0.123,0.1,0
2003-02-20,0.12,0.6755208333,0
2003-02-21,0.123,1.8359375,0
2003-02-22,0.12,3.015625,0
2003-02-23,0.12,4.021875,0
2003-02-24,0.123,4.3713541667,0
2003-02-25,0.12,4.8239583333,0
2003-02-26,0.107,5.7651041667,0
2003-02-27,0.107,6.5255208333,0
2003-02-28,0.104,7.73125,0
2003-03-01,0.104,8.5666666667,0
2003-03-02,0.104,7.6859375,0
2003-03-03,0.228,6.9458333333,0
2003-03-04,0.366,7.31875,0
2003-03-05,0.366,7.1833333333,0
2003-03-06,0.321,7.3802083333,0
2003-03-07,0.292,8.0369791667,0
2003-03-08,0.289,8.0489583333,0
2003-03-09,0.255,8.7036458333,0
2003-03-10,0.226,10.05,0
2003-03-11,0.202,9.9890625,0
2003-03-12,0.61,8.7765625,0
2003-03-13,0.769,7.3385416667,0
2003-03-14,0.57,5.9520833333,0
2003-03-15,0.407,5.3697916667,0
2003-03-16,0.289,4.8765625,0
2003-03-17,0.211,4.9885416667,0
2003-03-18,0.123,4.9510416667,0
2003-03-19,0.123,4.4354166667,0
2003-03-20,0.123,4.6947916667,0
2003-03-21,0.107,4.9817708333,0
2003-03-22,0.12,5.9661458333,0
2003-03-23,0.107,8.0260416667,0
2003-03-24,0.107,9.6942708333,0
2003-03-25,0.104,10.8484375,0
2003-03-26,0.104,11.4802083333,0
2003-03-27,0.104,11.8265625,0
2003-03-28,0.104,12.4203125,0
2003-03-29,0.104,12.7744791667,0
2003-03-30,0.104,11.7416666667,0
2003-03-31,0.104,10.8703125,0
2003-04-01,0.104,8.7895833333,0
2003-04-02,0.104,6.9104166667,0
2003-04-03,0.104,6.4380208333,0
2003-04-04,0.104,5.9015625,0
2003-04-05,0.104,5.7072916667,0
2003-04-06,0.104,4.9296875,0
2003-04-07,0.104,3.7723958333,0
2003-04-08,0.104,2.3651041667,0
2003-04-09,0.104,1.6567708333,0
2003-04-10,0.104,2.3807291667,0
2003-04-11,0.104,4.2010416667,0
2003-04-12,0.104,6.6088541667,0
2003-04-13,0.104,9.925,0
2003-04-14,0.104,13.2145833333,0
2003-04-15,0.104,15.6083333333,0
2003-04-16,0.104,16.7161458333,0
2003-04-17,0.095,15.790625,0
2003-04-18,0.102,12.8125,0
2003-04-19,0.1,10.6838541667,0
2003-04-20,0.089,10.4088541667,0
2003-04-21,0.089,10.7447916667,0
2003-04-22,0.086,12.53125,0
2003-04-23,0.086,13.8911458333,0
2003-04-24,0.086,14.8520833333,0
2003-04-25,0.089,15.1182291667,0
2003-04-26,0.086,14.9625,0
2003-04-27,0.088,15.2421875,0
2003-04-28,0.086,14.4583333333,0
2003-04-29,0.088,14.2609375,0
2003-04-30,0.086,14.33125,0
2003-05-01,0.088,13.8927083333,0
2003-05-02,0.102,13.2005208333,0
2003-05-03,0.123,14.1166666667,0
2003-05-04,0.123,15.878125,0
2003-05-05,0.123,15.6385416667,0
2003-05-06,0.123,16.1088541667,0
2003-05-07,0.123,16.0067708333,0
2003-05-08,0.123,14.4104166667,0
2003-05-09,0.123,14.4354166667,0
2003-05-10,0.123,14.221875,0
2003-05-11,0.123,13.6458333333,0
2003-05-12,0.123,12.6890625,0
2003-05-13,0.123,11.4598958333,0
2003-05-14,0.123,10.3489583333,0
2003-05-15,0.123,9.8020833333,0
2003-05-16,0.123,10.8322916667,0
2003-05-17,0.123,12.384375,0
2003-05-18,0.123,13.1427083333,0
2003-05-19,0.123,13.1869791667,0
2003-05-20,0.107,12.6432291667,0
2003-05-21,0.12,12.334375,0
2003-05-22,0.16,13.425,0
2003-05-23,0.16,14.5395833333,0
2003-05-24,0.141,15.3255208333,0
2003-05-25,0.289,15.7677083333,0
2003-05-26,0.141,15.946875,0
2003-05-27,0.141,16.6,0
2003-05-28,0.141,17.88125,0
2003-05-29,0.141,19.3213541667,0
2003-05-30,0.141,20.0734375,0
2003-05-31,0.141,20.66875,0
2003-06-01,0.141,21.3239583333,0
2003-06-02,0.139,21.4140625,0
2003-06-03,0.183,22.2416666667,0
2003-06-04,0.18,21.6302083333,0
2003-06-05,0.104,20.8921875,0
2003-06-06,0.102,21.1239583333,0
2003-06-07,0.102,20.2572916667,0
2003-06-08,0.102,19.6135416667,0
2003-06-09,0.153,19.8432291667,0
2003-06-10,0.104,19.3473958333,0
2003-06-11,0.104,19.4390625,0
2003-06-12,0.104,20.2151041667,0
2003-06-13,0.104,19.5411458333,0
2003-06-14,0.104,19.0885416667,0
2003-06-15,0.104,18.5484375,0
2003-06-16,0.104,18.7083333333,0
2003-06-17,0.104,19.0833333333,0
2003-06-18,0.104,19.2536458333,0
2003-06-19,0.104,18.8322916667,0
2003-06-20,0.068,17.4697916667,0
2003-06-21,0.066,17.7010416667,0
2003-06-22,0.066,18.5151041667,0
2003-06-23,0.068,18.95,0
2003-06-24,0.051,19.7458333333,0
2003-06-25,0.051,19.6484375,0
2003-06-26,0.051,19.2953125,0
2003-06-27,0.051,19.6276041667,0
2003-06-28,0.051,20.3677083333,0
2003-06-29,0.051,20.1609375,0
2003-06-30,0.051,19.2473958333,0
2003-07-01,0.035,18.3734375,0
2003-07-02,0.035,17.1203125,0
2003-07-03,0.035,16.4166666667,0
2003-07-04,0.07,16.0322916667,0
2003-07-05,0.051,16.0854166667,0
2003-07-06,0.051,16.4130208333,0
2003-07-07,0.051,17.1291666667,0
2003-07-08,0.051,17.6682291667,0
2003-07-09,0.051,18.1739583333,0
2003-07-10,0.051,19.203125,0
2003-07-11,0.035,18.8208333333,0
2003-07-12,0.035,19.2125,0
2003-07-13,0.035,20.0125,0
2003-07-14,0.035,21,0
2003-07-15,0.035,23.528125,0
2003-07-16,0.035,23.5348958333,0
2003-07-17,0.164,23.4,0
2003-07-18,0.051,23.221875,0
2003-07-19,0.051,22.6,0
2003-07-20,0.051,22.9604166667,0
2003-07-21,0.051,22.9984375,0
2003-07-22,0.051,22.1307291667,0
2003-07-23,0.051,20.5854166667,0
2003-07-24,0.051,20.3807291667,0
2003-07-25,0.051,19.9515625,0
2003-07-26,0.051,19.9598958333,0
2003-07-27,0.051,19.9494791667,0
2003-07-28,0.051,19.7776041667,0
2003-07-29,0.051,19.4140625,0
2003-07-30,0.051,19.1494791667,0
2003-07-31,0.035,20.0208333333,0
2003-08-01,0.035,20.9385416667,0
2003-08-02,0.035,22.3166666667,0
2003-08-03,0.035,23.5109375,0
2003-08-04,0.035,24.034375,0
2003-08-05,0.035,24.7458333333,0
2003-08-06,0.035,25.8677083333,0
2003-08-07,0.035,26.7875,0
2003-08-08,0.035,27.1859375,0
2003-08-09,0.035,26.5776041667,0
2003-08-10,0.035,25.8473958333,0
2003-08-11,0.035,25.8197916667,0
2003-08-12,0.035,25.515625,0
2003-08-13,0.035,24.5963541667,0
2003-08-14,0.035,22.4286458333,0
2003-08-15,0.035,19.8453125,0
2003-08-16,0.035,18.7895833333,0
2003-08-17,0.035,18.4520833333,0
2003-08-18,0.035,19.1130208333,0
2003-08-19,0.038,19.0177083333,0
2003-08-20,0.047,18.4458333333,0
2003-08-21,0.035,18.4828125,0
2003-08-22,0.051,18.6723958333,0
2003-08-23,0.051,18.2760416667,0
2003-08-24,0.051,17.9510416667,0
2003-08-25,0.051,17.6916666667,0
2003-08-26,0.051,16.5020833333,0
2003-08-27,0.051,16.5229166667,0
2003-08-28,0.037,16.1703125,0
2003-08-29,0.051,15.4125,0
2003-08-30,0.035,14.9875,0
2003-08-31,0.035,13.8229166667,0
2003-09-01,0.035,12.828125,0
2003-09-02,0.035,12.184375,0
2003-09-03,0.035,12.5072916667,0
2003-09-04,0.035,14.1020833333,0
2003-09-05,0.035,15.7234375,0
2003-09-06,0.035,16.8989583333,0
2003-09-07,0.035,16.6463541667,0
2003-09-08,0.035,15.53125,0
2003-09-09,0.035,14.4135416667,0
2003-09-10,0.035,13.8255208333,0
2003-09-11,0.146,14.153125,0
2003-09-12,0.051,14.384375,0
2003-09-13,0.051,14.6416666667,0
2003-09-14,0.051,14.8479166667,0
2003-09-15,0.051,14.8192708333,0
2003-09-16,0.051,15.4369791667,0
2003-09-17,0.035,16.5161458333,0
2003-09-18,0.035,17.7770833333,0
2003-09-19,0.035,19.1223958333,0
2003-09-20,0.035,20.30625,0
2003-09-21,0.035,20.7953125,0
2003-09-22,0.035,18.4947916667,0
2003-09-23,0.035,15.4572916667,0
2003-09-24,0.035,12.7973958333,0
2003-09-25,0.035,11.290625,0
2003-09-26,0.035,11.7,0
2003-09-27,0.035,12.8921875,0
2003-09-28,0.035,13.1072916667,0
2003-09-29,0.035,12.3130208333,0
2003-09-30,0.035,11.9447916667,0
2003-10-01,0.035,12.2479166667,0
2003-10-02,0.068,13.065625,0
2003-10-03,0.051,12.9864583333,0
2003-10-04,0.346,12.2390625,0
2003-10-05,0.26,10.6026041667,0
2003-10-06,0.16,8.8822916667,0
2003-10-07,0.141,8.5036458333,0
2003-10-08,0.921,9.484375,0
2003-10-09,1.294,10.9317708333,0
2003-10-10,0.883,11.9276041667,0
2003-10-11,0.675,11.7703125,0
2003-10-12,0.53,11.0682291667,0
2003-10-13,0.289,9.7041666667,0
2003-10-14,0.18,8.4114583333,0
2003-10-15,0.123,7.7989583333,0
2003-10-16,0.104,7.1026041667,0
2003-10-17,0.086,6.6125,0
2003-10-18,0.068,6.0171875,0
2003-10-19,0.068,5.3958333333,0
2003-10-20,0.062,4.9604166667,0
2003-10-21,0.051,4.3078125,0
2003-10-22,0.051,3.7270833333,0
2003-10-23,0.051,2.8333333333,0
2003-10-24,0.051,2.9921875,0
2003-10-25,0.051,3.5463541667,0
2003-10-26,0.051,4.0588541667,0
2003-10-27,0.051,4.8479166667,0
2003-10-28,0.049,4.9984375,0
2003-10-29,0.051,5.059375,0
2003-10-30,0.051,5.9203125,0
2003-10-31,0.068,7.3963541667,0
2003-11-01,0.16,8.290625,0
2003-11-02,0.18,9.8708333333,0
2003-11-03,0.199,10.3703125,0
2003-11-04,0.326,10.19375,0
2003-11-05,0.366,9.9432291667,0
2003-11-06,0.289,8.54375,0
2003-11-07,0.202,7.9109375,0
2003-11-08,0.168,7.925,0
2003-11-09,0.158,8.1057291667,0
2003-11-10,0.123,7.5145833333,0
2003-11-11,0.122,6.95,0
2003-11-12,0.104,6.5322916667,0
2003-11-13,0.104,5.5791666667,0
2003-11-14,0.086,6.3104166667,0
2003-11-15,0.086,6.3645833333,0
2003-11-16,0.086,6.3984375,0
2003-11-17,0.104,7.4270833333,0
2003-11-18,0.104,8.7213541667,0
2003-11-19,0.202,9.8505208333,0
2003-11-20,0.366,10.2515625,0
2003-11-21,0.326,10.8807291667,0
2003-11-22,0.289,11.2828125,0
2003-11-23,0.226,12.3328125,0
2003-11-24,0.202,12.5890625,0
2003-11-25,0.202,11.9489583333,0
2003-11-26,0.18,10.2796875,0
2003-11-27,0.18,8.1046875,0
2003-11-28,0.226,6.7869791667,0
2003-11-29,0.226,5.996875,0
2003-11-30,0.255,6.3984375,0
2003-12-01,0.255,6.734375,0
2003-12-02,0.202,6.5713541667,0
2003-12-03,0.18,5.5333333333,0
2003-12-04,0.141,4.3171875,0
2003-12-05,0.123,3.340625,0
2003-12-06,0.123,1.9734375,0
2003-12-07,0.104,1.2432291667,0
2003-12-08,0.104,0.1104166667,0
2003-12-09,0.086,0.1,0
2003-12-10,0.086,0.1,0
2003-12-11,0.086,1.421875,0
2003-12-12,0.104,4.1484375,0
2003-12-13,0.102,6.1833333333,0
2003-12-14,4.571,6.646875,0
2003-12-15,2.436,6.2807291667,0
2003-12-16,1.195,4.8046875,0
2003-12-17,0.73,3.8286458333,0
2003-12-18,0.49,4.2953125,0
2003-12-19,0.326,5.4963541667,0
2003-12-20,0.202,5.771875,0
2003-12-21,0.255,5.1395833333,0
2003-12-22,0.289,3.9994791667,0
2003-12-23,0.407,2.4640625,0
2003-12-24,0.407,2.3869791667,0
2003-12-25,0.326,3.7067708333,0
2003-12-26,0.255,5.2760416667,0
2003-12-27,0.226,6.3151041667,0
2003-12-28,0.49,5.6609375,0
2003-12-29,0.615,3.9447916667,0
2003-12-30,0.53,1.9291666667,0
2003-12-31,0.407,0.1,0
2004-01-01,0.289,0.1,0
2004-01-02,0.255,0.1,0
2004-01-03,0.104,0.1,0
2004-01-04,0.104,0.1,0
2004-01-05,0.104,0.3625,0
2004-01-06,0.104,2.9947916667,0
2004-01-07,0.245,4.3901041667,0
2004-01-08,0.255,5.0567708333,0
2004-01-09,0.431,5.3291666667,0
2004-01-10,0.73,6.0104166667,0
2004-01-11,0.883,6.2,0
2004-01-12,0.99,6.7010416667,0
2004-01-13,1.032,6.875,0
2004-01-14,1.593,5.7067708333,0
2004-01-15,1.218,5.9395833333,0
2004-01-16,1.332,5.3927083333,0
2004-01-17,1.139,4.2317708333,0
2004-01-18,0.958,3.74375,0
2004-01-19,0.69,3.171875,0
2004-01-20,1.565,1.69375,0
2004-01-21,2.123,1.1791666667,0
2004-01-22,1.056,0.9526041667,0
2004-01-23,0.675,0.1,0
2004-01-24,0.449,0.7875,0
2004-01-25,0.276,1.1760416667,0
2004-01-26,0.16,0.6859375,0
2004-01-27,0.255,0.8942708333,0
2004-01-28,0.226,0.3354166667,0
2004-01-29,0.226,0.3927083333,0
2004-01-30,0.202,2.2817708333,0
2004-01-31,0.199,4.759375,0
2004-02-01,0.433,7.5791666667,0
2004-02-02,0.991,10.3489583333,0
2004-02-03,2.238,12.1625,0
2004-02-04,1.204,12.8833333333,0
2004-02-05,0.735,13.3244791667,0
2004-02-06,0.53,12.2963541667,0
2004-02-07,0.475,9.7359375,0
2004-02-08,0.366,7.0572916667,0
2004-02-09,0.615,4.4723958333,0
2004-02-10,0.73,3.9026041667,0
2004-02-11,0.798,3.6671875,0
2004-02-12,1.451,4.4760416667,0
2004-02-13,1.037,5.3286458333,0
2004-02-14,0.69,5.11875,0
2004-02-15,0.495,4.8223958333,0
2004-02-16,0.366,3.7536458333,0
2004-02-17,0.289,3.1421875,0
2004-02-18,0.259,2.13125,0
2004-02-19,0.237,1.9791666667,0
2004-02-20,0.202,2.0020833333,0
2004-02-21,0.202,1.396875,0
2004-02-22,0.195,0.88125,0
2004-02-23,0.18,0.5166666667,0
2004-02-24,0.18,0.1098958333,0
2004-02-25,0.167,0.1,0
2004-02-26,0.163,0.1,0
2004-02-27,0.16,0.1,0
2004-02-28,0.16,0.1,0
2004-02-29,0.16,0.1,0
2004-03-01,0.158,0.1,0
2004-03-02,0.141,0.2416666667,0
2004-03-03,0.141,1.7317708333,0
2004-03-04,0.141,3.0010416667,0
2004-03-05,0.141,2.3052083333,0
2004-03-06,0.141,2.4765625,0
2004-03-07,0.16,2.2046875,0
2004-03-08,0.16,1.6088541667,0
2004-03-09,0.16,1.5817708333,0
2004-03-10,0.16,1.1151041667,0
2004-03-11,0.18,1.4286458333,0
2004-03-12,0.18,3.4859375,0
2004-03-13,0.202,5.8604166667,0
2004-03-14,0.226,8.5744791667,0
2004-03-15,0.226,10.8885416667,0
2004-03-16,0.226,12.3114583333,0
2004-03-17,0.202,13.3546875,0
2004-03-18,0.202,13.3614583333,0
2004-03-19,0.202,13.1536458333,0
2004-03-20,0.217,11.790625,0
2004-03-21,0.217,9.9260416667,0
2004-03-22,0.255,8.078125,0
2004-03-23,0.326,6.1244791667,0
2004-03-24,0.407,4.4552083333,0
2004-03-25,0.366,2.9677083333,0
2004-03-26,0.324,2.2630208333,0
2004-03-27,0.255,2.1848958333,0
2004-03-28,0.226,3.1520833333,0
2004-03-29,0.198,5.7520833333,0
2004-03-30,0.186,8.4541666667,0
2004-03-31,0.178,11.0859375,0
2004-04-01,0.166,13.04375,0
2004-04-02,0.154,13.321875,0
2004-04-03,0.154,13.1567708333,0
2004-04-04,0.16,11.5458333333,0
2004-04-05,0.155,9.246875,0
2004-04-06,0.163,7.4791666667,0
2004-04-07,0.18,5.9375,0
2004-04-08,0.189,5.1776041667,0
2004-04-09,0.41,5.0765625,0
2004-04-10,0.529,4.8255208333,0
2004-04-11,0.406,5.0510416667,0
2004-04-12,0.289,6.0536458333,0
2004-04-13,0.251,7.2713541667,0
2004-04-14,0.226,9.0536458333,0
2004-04-15,0.201,10.90625,0
2004-04-16,0.181,12.428125,0
2004-04-17,0.18,12.7708333333,0
2004-04-18,0.18,12.2947916667,0
2004-04-19,0.178,11.5026041667,0
2004-04-20,0.16,11.2541666667,0
2004-04-21,0.16,12.1317708333,0
2004-04-22,0.141,12.6182291667,0
2004-04-23,0.157,12.6020833333,0
2004-04-24,0.16,11.9604166667,0
2004-04-25,0.16,11.8161458333,0
2004-04-26,0.142,12.8046875,0
2004-04-27,0.141,13.8489583333,0
2004-04-28,0.141,14.73125,0
2004-04-29,0.141,15.6244791667,0
2004-04-30,0.161,15.503125,0
2004-05-01,0.16,15.2411458333,0
2004-05-02,0.16,14.48125,0
2004-05-03,0.159,13.3619791667,0
2004-05-04,0.159,12.5255208333,0
2004-05-05,0.141,11.4635416667,0
2004-05-06,0.141,10.5057291667,0
2004-05-07,0.144,9.1338541667,0
2004-05-08,0.958,8.69375,0
2004-05-09,1.032,9.4770833333,0
2004-05-10,0.716,10.3005208333,0
2004-05-11,0.446,11.0114583333,0
2004-05-12,0.289,11.0098958333,0
2004-05-13,0.255,10.9026041667,0
2004-05-14,0.226,11.2083333333,0
2004-05-15,0.201,11.9994791667,0
2004-05-16,0.18,13.3760416667,0
2004-05-17,0.16,14.3729166667,0
2004-05-18,0.16,15.4177083333,0
2004-05-19,0.16,16.065625,0
2004-05-20,0.155,14.928125,0
2004-05-21,0.123,13.0421875,0
2004-05-22,0.141,11.2010416667,0
2004-05-23,0.123,9.7833333333,0
2004-05-24,0.123,10.1854166667,0
2004-05-25,0.123,10.9458333333,0
2004-05-26,0.104,11.0552083333,0
2004-05-27,0.104,11.5052083333,0
2004-05-28,0.104,12.4802083333,0
2004-05-29,0.104,14.0953125,0
2004-05-30,0.104,15.0895833333,0
2004-05-31,0.104,16.0390625,0
2004-06-01,0.123,15.6161458333,0
2004-06-02,0.105,14.8265625,0
2004-06-03,0.137,14.6453125,0
2004-06-04,0.111,13.9390625,0
2004-06-05,0.122,13.9302083333,0
2004-06-06,0.119,14.9864583333,0
2004-06-07,0.104,17.3640625,0
2004-06-08,0.104,19.6630208333,0
2004-06-09,0.104,20.8369791667,0
2004-06-10,0.104,20.2244791667,0
2004-06-11,0.104,17.934375,0
2004-06-12,0.104,15.6380208333,0
2004-06-13,0.123,14.6161458333,0
2004-06-14,0.104,15.1192708333,0
2004-06-15,0.104,15.2713541667,0
2004-06-16,0.104,16.3036458333,0
2004-06-17,0.104,16.0682291667,0
2004-06-18,0.104,14.5104166667,0
2004-06-19,0.104,13.9614583333,0
2004-06-20,0.104,12.7109375,0
2004-06-21,0.104,12.9505208333,0
2004-06-22,0.086,14.3026041667,0
2004-06-23,0.086,14.9473958333,0
2004-06-24,0.073,15.1854166667,0
2004-06-25,0.083,15.31875,0
2004-06-26,0.086,15.6057291667,0
2004-06-27,0.086,16.225,0
2004-06-28,0.086,17.0671875,0
2004-06-29,0.086,17.9390625,0
2004-06-30,0.086,17.3692708333,0
2004-07-01,0.086,16.9432291667,0
2004-07-02,0.051,16.6296875,0
2004-07-03,0.086,15.5458333333,0
2004-07-04,0.104,15.3958333333,0
2004-07-05,0.082,15.6072916667,0
2004-07-06,0.068,16.2473958333,0
2004-07-07,0.068,16.9572916667,0
2004-07-08,0.068,16.5958333333,0
2004-07-09,0.068,15.9963541667,0
2004-07-10,0.141,14.8973958333,0
2004-07-11,0.097,13.8567708333,0
2004-07-12,0.088,13.5151041667,0
2004-07-13,0.106,13.9145833333,0
2004-07-14,0.086,14.8875,0
2004-07-15,0.141,16.48125,0
2004-07-16,0.123,18.3026041667,0
2004-07-17,0.123,19.3010416667,0
2004-07-18,0.123,19.7234375,0
2004-07-19,0.202,19.1859375,0
2004-07-20,0.16,19.034375,0
2004-07-21,0.255,19.6598958333,0
2004-07-22,0.21,20.3505208333,0
2004-07-23,0.18,20.6234375,0
2004-07-24,0.141,19.6520833333,0
2004-07-25,0.107,17.9630208333,0
2004-07-26,0.102,16.4135416667,0
2004-07-27,0.086,16.1385416667,0
2004-07-28,0.07,17.2203125,0
2004-07-29,0.068,18.8479166667,0
2004-07-30,0.068,20.2036458333,0
2004-07-31,0.051,20.8359375,0
2004-08-01,0.051,20.9677083333,0
2004-08-02,0.053,21.2572916667,0
2004-08-03,0.051,21.2583333333,0
2004-08-04,0.051,22.2151041667,0
2004-08-05,0.051,23.0140625,0
2004-08-06,0.03,22.7625,0
2004-08-07,0.03,23.4088541667,0
2004-08-08,0.11,23.76875,0
2004-08-09,0.055,23.3328125,0
2004-08-10,0.042,23.1848958333,0
2004-08-11,0.055,22.1984375,0
2004-08-12,0.083,20.1567708333,0
2004-08-13,0.487,19.1697916667,0
2004-08-14,0.452,18.8822916667,0
2004-08-15,0.634,19.0020833333,0
2004-08-16,0.42,19.6796875,0
2004-08-17,0.271,20.4583333333,0
2004-08-18,0.246,20.5255208333,0
2004-08-19,0.357,20.0640625,0
2004-08-20,0.205,18.7473958333,0
2004-08-21,0.188,17.0760416667,0
2004-08-22,0.217,16.2161458333,0
2004-08-23,0.188,15.9958333333,0
2004-08-24,0.188,16.1921875,0
2004-08-25,0.172,16.3515625,0
2004-08-26,0.16,15.8203125,0
2004-08-27,0.16,15.7104166667,0
2004-08-28,0.289,16.2520833333,0
2004-08-29,0.812,16.1088541667,0
2004-08-30,0.735,15.896875,0
2004-08-31,0.454,15.1322916667,0
2004-09-01,0.289,15.0604166667,0
2004-09-02,0.202,16.1348958333,0
2004-09-03,0.16,17.640625,0
2004-09-04,0.16,19.1734375,0
2004-09-05,0.104,19.6432291667,0
2004-09-06,0.102,19.7010416667,0
2004-09-07,0.086,18.9822916667,0
2004-09-08,0.086,18.2036458333,0
2004-09-09,0.086,18.0197916667,0
2004-09-10,0.086,18.0192708333,0
2004-09-11,0.086,17.7421875,0
2004-09-12,0.104,17.5161458333,0
2004-09-13,0.086,16.5390625,0
2004-09-14,0.086,14.9588541667,0
2004-09-15,0.086,13.6838541667,0
2004-09-16,0.086,12.9760416667,0
2004-09-17,0.084,13.6161458333,0
2004-09-18,0.084,14.1875,0
2004-09-19,0.086,14.9708333333,0
2004-09-20,0.086,15.0130208333,0
2004-09-21,0.082,13.8291666667,0
2004-09-22,0.068,12.9661458333,0
2004-09-23,0.705,12.365625,0
2004-09-24,1.179,11.9166666667,0
2004-09-25,0.86,11.9583333333,0
2004-09-26,0.53,12.4838541667,0
2004-09-27,0.407,13.4598958333,0
2004-09-28,0.366,13.8484375,0
2004-09-29,0.289,13.6776041667,0
2004-09-30,0.255,13.8010416667,0
2004-10-01,0.202,13.3880208333,0
2004-10-02,0.18,13.4921875,0
2004-10-03,0.16,14.7078125,0
2004-10-04,0.123,15.6291666667,0
2004-10-05,0.086,15.3463541667,0
2004-10-06,0.086,14.7291666667,0
2004-10-07,0.086,12.8572916667,0
2004-10-08,0.086,10.6625,0
2004-10-09,0.086,9.8963541667,0
2004-10-10,0.086,9.3359375,0
2004-10-11,0.086,9.0901041667,0
2004-10-12,0.086,9.1994791667,0
2004-10-13,0.086,9.6135416667,0
2004-10-14,0.086,9.8609375,0
2004-10-15,0.084,9.7447916667,0
2004-10-16,0.086,9.4614583333,0
2004-10-17,0.086,9.1005208333,0
2004-10-18,0.086,9.0036458333,0
2004-10-19,0.068,10.396875,0
2004-10-20,0.068,11.5635416667,0
2004-10-21,0.068,12.2067708333,0
2004-10-22,0.12,13.8682291667,0
2004-10-23,0.12,14.6765625,0
2004-10-24,0.123,14.8536458333,0
2004-10-25,0.123,13.946875,0
2004-10-26,0.104,12.0932291667,0
2004-10-27,0.104,10.9828125,0
2004-10-28,0.104,10.690625,0
2004-10-29,0.104,10.99375,0
2004-10-30,0.104,11.2932291667,0
2004-10-31,0.104,10.5322916667,0
2004-11-01,0.086,9.8479166667,0
2004-11-02,0.086,10.1291666667,0
2004-11-03,0.086,10.35,0
2004-11-04,0.086,10.1661458333,0
2004-11-05,0.086,9.5223958333,0
2004-11-06,0.086,7.9307291667,0
2004-11-07,0.086,6.4333333333,0
2004-11-08,0.086,4.7723958333,0
2004-11-09,0.086,3.15,0
2004-11-10,0.086,2.5604166667,0
2004-11-11,0.086,2.3322916667,0
2004-11-12,0.084,2.9333333333,0
2004-11-13,0.188,3.3484375,0
2004-11-14,0.366,3.5791666667,0
2004-11-15,0.366,4.5307291667,0
2004-11-16,0.255,6.0927083333,0
2004-11-17,0.289,7.4604166667,0
2004-11-18,1.185,7.3864583333,0
2004-11-19,5.639,5.8734375,0
2004-11-20,2.408,3.659375,0
2004-11-21,1.185,4.0052083333,0
2004-11-22,0.845,5.1098958333,0
2004-11-23,0.995,4.7416666667,0
2004-11-24,1.032,4.6380208333,0
2004-11-25,0.807,2.8302083333,0
2004-11-26,0.585,2.8666666667,0
2004-11-27,0.433,4.7083333333,0
2004-11-28,0.326,6.0171875,0
2004-11-29,0.255,6.5729166667,0
2004-11-30,0.141,5.4291666667,0
2004-12-01,0.132,4.0317708333,0
2004-12-02,0.123,2.7510416667,0
2004-12-03,0.123,1.5453125,0
2004-12-04,0.123,1.0885416667,0
2004-12-05,0.123,1.809375,0
2004-12-06,0.123,2.6036458333,0
2004-12-07,0.123,3.7598958333,0
2004-12-08,0.123,3.7729166667,0
2004-12-09,0.123,2.4791666667,0
2004-12-10,0.123,0.8270833333,0
2004-12-11,0.123,0.1,0
2004-12-12,0.123,0.1,0
2004-12-13,0.123,0.1,0
2004-12-14,0.104,0.1,0
2004-12-15,0.104,0.1,0
2004-12-16,0.104,1.8864583333,0
2004-12-17,0.104,3.2364583333,0
2004-12-18,0.341,3.1083333333,0
2004-12-19,0.255,1.6395833333,0
2004-12-20,0.255,0.1,0
2004-12-21,0.255,0.1,0
2004-12-22,0.226,0.1,0
2004-12-23,0.226,2.621875,0
2004-12-24,0.73,4.9666666667,0
2004-12-25,0.73,5.59375,0
2004-12-26,0.769,3.8989583333,0
2004-12-27,0.615,1.7546875,0
2004-12-28,0.449,1.1598958333,0
2004-12-29,0.366,1.734375,0
2004-12-30,0.255,3.5598958333,0
2004-12-31,0.255,5.3630208333,0
2005-01-01,0.53,6.1463541667,0
2005-01-02,0.879,6.64375,0
2005-01-03,0.807,6.621875,0
2005-01-04,0.675,6.315625,0
2005-01-05,0.53,6.6697916667,0
2005-01-06,0.475,7.484375,0
2005-01-07,0.65,7.7838541667,0
2005-01-08,0.65,8.0677083333,0
2005-01-09,0.49,9.1473958333,0
2005-01-10,0.351,9.2692708333,0
2005-01-11,0.289,9.1635416667,0
2005-01-12,0.226,8.640625,0
2005-01-13,0.255,6.5901041667,0
2005-01-14,0.226,4.2489583333,0
2005-01-15,0.23,2.6260416667,0
2005-01-16,0.202,2.478125,0
2005-01-17,0.141,2.7583333333,0
2005-01-18,0.132,3.6859375,0
2005-01-19,0.665,5.5223958333,0
2005-01-20,0.958,5.6552083333,0
2005-01-21,5.801,5.4010416667,0
2005-01-22,2.079,4.7408612543,0
2005-01-23,1.111,2.3677190723,0
2005-01-24,0.807,0.4927083333,0
2005-01-25,0.565,0.1,0
2005-01-26,0.412,0.1,0
2005-01-27,0.326,0.1,0
2005-01-28,0.223,0.1,0
2005-01-29,0.141,0.1,0
2005-01-30,0.123,0.4453125,0
2005-01-31,0.123,1.5932291667,0
2005-02-01,0.575,3.3911458333,0
2005-02-02,0.65,4.6291666667,0
2005-02-03,0.61,4.1666666667,0
2005-02-04,0.515,3.65625,0
2005-02-05,0.449,2.6359375,0
2005-02-06,0.381,1.3411458333,0
2005-02-07,0.307,0.6666666667,0
2005-02-08,0.226,1.1682291667,0
2005-02-09,0.173,2.7979166667,0
2005-02-10,0.123,4.8364583333,0
2005-02-11,0.986,6.9661458333,0
2005-02-12,2.622,6.7302083333,0
2005-02-13,3.302,5.3395833333,0
2005-02-14,1.852,3.3390625,0
2005-02-15,1.181,0.8265625,0
2005-02-16,0.897,0.1,0
2005-02-17,0.65,0.1,0
2005-02-18,0.49,0.1,0
2005-02-19,0.407,0.1,0
2005-02-20,0.351,0.2114583333,0
2005-02-21,0.26,0.225,0
2005-02-22,0.173,0.1,0
2005-02-23,0.141,0.1,0
2005-02-24,0.123,0.1,0
2005-02-25,0.123,0.1,0
2005-02-26,0.123,0.1,0
2005-02-27,0.12,0.1,0
2005-02-28,0.104,0.1,0
2005-03-01,0.141,0.1,0
2005-03-02,0.123,0.1,0
2005-03-03,0.123,0.1,0
2005-03-04,0.118,0.1,0
2005-03-05,0.104,0.1,0
2005-03-06,0.104,0.1,0
2005-03-07,0.104,0.625,0
2005-03-08,0.104,1.8453125,0
2005-03-09,0.104,2.5994791667,0
2005-03-10,0.104,3.165625,0
2005-03-11,0.326,2.7255208333,0
2005-03-12,0.812,2.8729166667,0
2005-03-13,1.037,3.9286458333,0
2005-03-14,0.995,5,0
2005-03-15,0.85,8.16875,0
2005-03-16,0.705,10.7395833333,0
2005-03-17,0.65,12.6354166667,0
2005-03-18,0.49,13.4432291667,0
2005-03-19,0.407,12.2666666667,0
2005-03-20,0.326,11.0640625,0
2005-03-21,0.293,11.075,0
2005-03-22,0.255,11.6098958333,0
2005-03-23,0.255,12.3651041667,0
2005-03-24,0.226,12.7005208333,0
2005-03-25,0.226,12.7208333333,0
2005-03-26,0.226,12.5375,0
2005-03-27,0.23,12.2171875,0
2005-03-28,0.226,12.1864583333,0
2005-03-29,0.123,11.8994791667,0
2005-03-30,0.123,11.5802083333,0
2005-03-31,0.123,11.1265625,0
2005-04-01,0.123,11.246875,0
2005-04-02,0.104,12.0296875,0
2005-04-03,0.104,12.8072916667,0
2005-04-04,0.104,12.7348958333,0
2005-04-05,0.104,12.2338541667,0
2005-04-06,0.104,11.0354166667,0
2005-04-07,0.104,9.1380208333,0
2005-04-08,0.123,7.771875,0
2005-04-09,0.141,7.1203125,0
2005-04-10,0.123,6.2947916667,0
2005-04-11,0.123,6.9723958333,0
2005-04-12,0.134,8.9484375,0
2005-04-13,0.141,10.50625,0
2005-04-14,0.139,12.1390625,0
2005-04-15,0.123,12.1041666667,0
2005-04-16,0.123,11.9244791667,0
2005-04-17,0.123,11.7770833333,0
2005-04-18,0.123,10.6265625,0
2005-04-19,0.104,10.5135416667,0
2005-04-20,0.255,9.3416666667,0
2005-04-21,0.49,8.3421875,0
2005-04-22,0.433,9.0953125,0
2005-04-23,0.289,10.1192708333,0
2005-04-24,0.226,11.5046875,0
2005-04-25,0.202,12.4963541667,0
2005-04-26,0.202,12.4453125,0
2005-04-27,0.18,12.3708333333,0
2005-04-28,0.178,12.8088541667,0
2005-04-29,0.126,13.8265625,0
2005-04-30,0.126,16.2260416667,0
2005-05-01,0.087,18.0755208333,0
2005-05-02,0.028,18.1755208333,0
2005-05-03,0.18,17.2536458333,0
2005-05-04,0.202,14.7380208333,0
2005-05-05,0.202,12.2807291667,0
2005-05-06,0.18,10.6494791667,0
2005-05-07,0.202,9.13125,0
2005-05-08,0.366,8.0619791667,0
2005-05-09,0.705,7.1338541667,0
2005-05-10,0.768,6.96875,0
2005-05-11,0.657,7.6984375,0
2005-05-12,0.49,9.115625,0
2005-05-13,0.289,10.1505208333,0
2005-05-14,0.255,10.5098958333,0
2005-05-15,0.226,10.9020833333,0
2005-05-16,0.223,9.7333333333,0
2005-05-17,0.202,8.8796875,0
2005-05-18,0.18,9.8885416667,0
2005-05-19,0.123,11.3859375,0
2005-05-20,0.104,13.6447916667,0
2005-05-21,0.104,15.846875,0
2005-05-22,0.104,16.0875,0
2005-05-23,0.086,15.2729166667,0
2005-05-24,0.086,15.9625,0
2005-05-25,0.086,17.4708333333,0
2005-05-26,0.104,20.0213541667,0
2005-05-27,0.104,22.8078125,0
2005-05-28,0.104,22.8359375,0
2005-05-29,0.086,20.2395833333,0
2005-05-30,0.089,17.234375,0
2005-05-31,0.123,14.0276041667,0
2005-06-01,0.104,13.2364583333,0
2005-06-02,0.104,15.1703125,0
2005-06-03,0.1,15.8421875,0
2005-06-04,0.086,16.2234375,0
2005-06-05,0.104,15.20625,0
2005-06-06,0.116,12.8489583333,0
2005-06-07,0.104,11.7692708333,0
2005-06-08,0.102,11.3328125,0
2005-06-09,0.086,11.615625,0
2005-06-10,0.086,11.7692708333,0
2005-06-11,0.086,12.140625,0
2005-06-12,0.086,12.4880208333,0
2005-06-13,0.086,12.9848958333,0
2005-06-14,0.086,15.0078125,0
2005-06-15,0.086,17.00625,0
2005-06-16,0.068,18.440625,0
2005-06-17,0.068,19.8567708333,0
2005-06-18,0.068,20.5859375,0
2005-06-19,0.051,21.81875,0
2005-06-20,0.051,22.75,0
2005-06-21,0.051,22.5869791667,0
2005-06-22,0.051,22.9619791667,0
2005-06-23,0.051,23.3864583333,0
2005-06-24,0.051,23.0661458333,0
2005-06-25,0.051,22.8911458333,0
2005-06-26,0.051,22.2489583333,0
2005-06-27,0.051,21.2010416667,0
2005-06-28,0.051,20.815625,0
2005-06-29,0.051,20.4057291667,0
2005-06-30,0.185,19.4682291667,0
2005-07-01,0.134,18.3026041667,0
2005-07-02,0.141,18.665625,0
2005-07-03,0.123,18.9510416667,0
2005-07-04,0.104,18.4338541667,0
2005-07-05,0.123,17.7505208333,0
2005-07-06,0.104,15.9552083333,0
2005-07-07,0.1,14.7963541667,0
2005-07-08,0.086,15.2255208333,0
2005-07-09,0.086,16.8755208333,0
2005-07-10,0.086,18.4609375,0
2005-07-11,0.068,20.1713541667,0
2005-07-12,0.068,21.5682291667,0
2005-07-13,0.051,21.7427083333,0
2005-07-14,0.051,22.15,0
2005-07-15,0.051,21.7703125,0
2005-07-16,0.051,20.9833333333,0
2005-07-17,0.051,20.740625,0
2005-07-18,0.051,19.8354166667,0
2005-07-19,0.051,19.125,0
2005-07-20,0.051,18.290625,0
2005-07-21,0.051,16.5869791667,0
2005-07-22,0.051,15.6322916667,0
2005-07-23,0.051,15.5692708333,0
2005-07-24,0.051,16.3557291667,0
2005-07-25,0.051,17.0609375,0
2005-07-26,0.123,18.515625,0
2005-07-27,0.068,20.1432291667,0
2005-07-28,0.075,20.9286458333,0
2005-07-29,0.123,21.0395833333,0
2005-07-30,0.104,19.7432291667,0
2005-07-31,0.086,18.1401041667,0
2005-08-01,0.104,16.5744791667,0
2005-08-02,0.068,16.1213541667,0
2005-08-03,0.051,16.1833333333,0
2005-08-04,0.051,15.7765625,0
2005-08-05,0.051,15.28125,0
2005-08-06,0.051,14.5088541667,0
2005-08-07,0.068,14.084375,0
2005-08-08,0.051,14.0708333333,0
2005-08-09,0.068,14.290625,0
2005-08-10,0.051,15.2453125,0
2005-08-11,0.051,15.821875,0
2005-08-12,0.051,15.9359375,0
2005-08-13,0.116,15.9578125,0
2005-08-14,0.104,15.5432291667,0
2005-08-15,0.565,15.3760416667,0
2005-08-16,0.735,15.9432291667,0
2005-08-17,0.449,17.5755208333,0
2005-08-18,0.226,18.9213541667,0
2005-08-19,0.141,19.2411458333,0
2005-08-20,0.16,18.6947916667,0
2005-08-21,0.111,17.6333333333,0
2005-08-22,0.104,16.7401041667,0
2005-08-23,0.086,16.5864583333,0
2005-08-24,0.086,16.1296875,0
2005-08-25,0.051,15.4192708333,0
2005-08-26,0.104,14.9625,0
2005-08-27,0.068,14.665625,0
2005-08-28,0.051,15.6109375,0
2005-08-29,0.051,17.0067708333,0
2005-08-30,0.051,18.7234375,0
2005-08-31,0.051,20.278125,0
2005-09-01,0.051,20.6369791667,0
2005-09-02,0.035,20.48125,0
2005-09-03,0.035,19.7869791667,0
2005-09-04,0.035,19.4625,0
2005-09-05,0.035,19.8192708333,0
2005-09-06,0.035,20.2661458333,0
2005-09-07,0.035,20.9994791667,0
2005-09-08,0.035,21.0364583333,0
2005-09-09,0.035,20.8927083333,0
2005-09-10,0.051,20.0817708333,0
2005-09-11,0.051,18.7661458333,0
2005-09-12,0.035,17.3255208333,0
2005-09-13,0.035,16.2796875,0
2005-09-14,0.035,16.3979166667,0
2005-09-15,0.035,15.5453125,0
2005-09-16,0.186,14.2026041667,0
2005-09-17,0.068,12.8109375,0
2005-09-18,0.051,11.003125,0
2005-09-19,0.051,10.4786458333,0
2005-09-20,0.035,11.290625,0
2005-09-21,0.035,12.046875,0
2005-09-22,0.035,13.090625,0
2005-09-23,0.035,13.8208333333,0
2005-09-24,0.035,14.6796875,0
2005-09-25,0.035,15.2447916667,0
2005-09-26,0.035,15.5989583333,0
2005-09-27,0.035,15.5125,0
2005-09-28,0.035,14.4864583333,0
2005-09-29,0.035,13.5765625,0
2005-09-30,0.035,12.409375,0
2005-10-01,0.035,11.5453125,0
2005-10-02,0.068,10.8052083333,0
2005-10-03,0.051,11.0286458333,0
2005-10-04,0.051,11.7026041667,0
2005-10-05,0.035,12.8536458333,0
2005-10-06,0.035,14.1291666667,0
2005-10-07,0.035,14.2744791667,0
2005-10-08,0.051,14.3625,0
2005-10-09,0.035,14.2604166667,0
2005-10-10,0.035,14.2901041667,0
2005-10-11,0.035,14.7182291667,0
2005-10-12,0.035,14.5083333333,0
2005-10-13,0.035,14.13125,0
2005-10-14,0.035,13.7057291667,0
2005-10-15,0.035,12.7010416667,0
2005-10-16,0.035,11.4494791667,0
2005-10-17,0.035,10.6473958333,0
2005-10-18,0.035,9.5291666667,0
2005-10-19,0.035,9.6895833333,0
2005-10-20,0.035,10.9734375,0
2005-10-21,0.035,12.0328125,0
2005-10-22,0.035,13.0541666667,0
2005-10-23,0.082,13.0979166667,0
2005-10-24,0.075,13.2072916667,0
2005-10-25,0.326,13.4817708333,0
2005-10-26,0.595,14.5609375,0
2005-10-27,0.53,15.7765625,0
2005-10-28,0.289,16.0208333333,0
2005-10-29,0.202,16.0489583333,0
2005-10-30,0.16,15.75,0
2005-10-31,0.123,14.7526041667,0
2005-11-01,0.104,13.7776041667,0
2005-11-02,0.104,13.8130208333,0
2005-11-03,0.143,13.2619791667,0
2005-11-04,0.141,12.1182291667,0
2005-11-05,0.244,11.6921875,0
2005-11-06,0.289,10.0901041667,0
2005-11-07,0.326,9.6588541667,0
2005-11-08,0.326,10.33125,0
2005-11-09,0.289,10.2140625,0
2005-11-10,0.237,10.4932291667,0
2005-11-11,0.202,9.8953125,0
2005-11-12,0.18,9.253125,0
2005-11-13,0.16,8.1052083333,0
2005-11-14,0.141,7.2078125,0
2005-11-15,0.141,6.3869791667,0
2005-11-16,0.18,5.4395833333,0
2005-11-17,0.18,4.9239583333,0
2005-11-18,0.202,3.4276041667,0
2005-11-19,0.202,2.9541666667,0
2005-11-20,0.191,2.7260416667,0
2005-11-21,0.16,1.7395833333,0
2005-11-22,0.16,1.1296875,0
2005-11-23,0.141,0.4098958333,0
2005-11-24,0.118,0.1,0
2005-11-25,0.14,0.6375,0
2005-11-26,0.134,1.4541666667,0
2005-11-27,0.134,1.6505208333,0
2005-11-28,0.134,2.0354166667,0
2005-11-29,0.134,2.3322916667,0
2005-11-30,0.151,2.3713541667,0
2005-12-01,0.187,2.4125,0
2005-12-02,0.18,3.1041666667,0
2005-12-03,0.226,4.2697916667,0
2005-12-04,0.364,5.459375,0
2005-12-05,2.134,6.2572916667,0
2005-12-06,1.735,6.1088541667,0
2005-12-07,1.051,5.125,0
2005-12-08,0.807,4.3598958333,0
2005-12-09,0.572,3.0088541667,0
2005-12-10,0.407,1.65625,0
2005-12-11,0.289,1.3572916667,0
2005-12-12,0.226,1.3552083333,0
2005-12-13,0.141,2.7052083333,0
2005-12-14,0.123,4.1630208333,0
2005-12-15,0.104,4.9541666667,0
2005-12-16,0.104,4.4385416667,0
2005-12-17,1.171,3.5880208333,0
2005-12-18,0.902,2.584375,0
2005-12-19,0.61,2.0953125,0
2005-12-20,0.449,2.5817708333,0
2005-12-21,0.397,3.5130208333,0
2005-12-22,0.449,4.7104166667,0
2005-12-23,0.6,5.3963541667,0
2005-12-24,0.769,5.5078125,0
2005-12-25,0.692,4.471875,0
2005-12-26,0.53,2.321875,0
2005-12-27,0.407,0.1708333333,0
2005-12-28,0.325,0.1,0
2005-12-29,0.255,0.1,0
2005-12-30,0.16,0.1,0
2005-12-31,0.123,0.965625,0
2006-01-01,0.104,2.115625,0
2006-01-02,0.202,2.88125,0
2006-01-03,0.255,2.0390625,0
2006-01-04,0.255,1.3286458333,0
2006-01-05,0.226,1.1817708333,0
2006-01-06,0.226,1.7322916667,0
2006-01-07,0.123,2.1567708333,0
2006-01-08,0.104,1.6416666667,0
2006-01-09,0.104,0.9822916667,0
2006-01-10,0.104,0.4140625,0
2006-01-11,0.104,0.4083333333,0
2006-01-12,0.104,0.6817708333,0
2006-01-13,0.104,1.053125,0
2006-01-14,0.104,0.1,0
2006-01-15,0.104,0.1,0
2006-01-16,0.095,0.1,0
2006-01-17,0.086,0.7916666667,0
2006-01-18,0.185,2.5125,0
2006-01-19,0.185,4.3109375,0
2006-01-20,0.123,4.8703125,0
2006-01-21,0.366,3.8942708333,0
2006-01-22,0.61,2.0536458333,0
2006-01-23,0.61,0.1,0
2006-01-24,0.49,0.1,0
2006-01-25,0.366,0.1,0
2006-01-26,0.289,0.1,0
2006-01-27,0.202,0.1,0
2006-01-28,0.141,0.1,0
2006-01-29,0.104,0.1,0
2006-01-30,0.104,0.1,0
2006-01-31,0.104,0.1,0
2006-02-01,0.094,0.1,0
2006-02-02,0.094,0.1,0
2006-02-03,0.092,0.1,0
2006-02-04,0.091,0.1,0
2006-02-05,0.091,0.1,0
2006-02-06,0.089,1.578125,0
2006-02-07,0.089,2.7442708333,0
2006-02-08,0.089,3.2916666667,0
2006-02-09,0.497,3.296875,0
2006-02-10,0.524,2.3171875,0
2006-02-11,0.457,1.6770833333,0
2006-02-12,0.361,1.6723958333,0
2006-02-13,0.3,2.1604166667,0
2006-02-14,0.243,3.459375,0
2006-02-15,0.231,4.8140625,0
2006-02-16,0.922,5.7473958333,0
2006-02-17,1.389,6.0010416667,0
2006-02-18,1.008,5.9786458333,0
2006-02-19,0.876,5.121875,0
2006-02-20,0.84,4.3364583333,0
2006-02-21,0.66,3.6229166667,0
2006-02-22,0.487,2.165625,0
2006-02-23,0.374,1.871875,0
2006-02-24,0.309,1.0411458333,0
2006-02-25,0.247,0.11875,0
2006-02-26,0.13,0.1,0
2006-02-27,0.114,0.1,0
2006-02-28,0.109,0.1,0
2006-03-01,0.103,0.1,0
2006-03-02,0.102,0.1,0
2006-03-03,0.1,0.1,0
2006-03-04,0.098,0.1,0
2006-03-05,0.096,0.2104166667,0
2006-03-06,0.094,0.7739583333,0
2006-03-07,0.095,1.3380208333,0
2006-03-08,0.092,3.2854166667,0
2006-03-09,0.402,4.0197916667,0
2006-03-10,2.62,3.6916666667,0
2006-03-11,2.204,2.2677083333,0
2006-03-12,1.282,0.1,0
2006-03-13,0.824,0.1,0
2006-03-14,0.562,0.1,0
2006-03-15,0.387,0.1807291667,0
2006-03-16,0.254,1.4041666667,0
2006-03-17,0.12,2.3895833333,0
2006-03-18,0.111,2.590625,0
2006-03-19,0.107,2.3755208333,0
2006-03-20,0.104,2.5510416667,0
2006-03-21,0.103,2.1791666667,0
2006-03-22,0.099,2.35,0
2006-03-23,0.098,3.6260416667,0
2006-03-24,0.096,5.7557291667,0
2006-03-25,0.093,8.690625,0
2006-03-26,0.117,11.3911458333,0
2006-03-27,0.529,12.4546875,0
2006-03-28,0.603,11.5557291667,0
2006-03-29,0.567,10.9114583333,0
2006-03-30,0.486,10.3151041667,0
2006-03-31,2.17,10.4041666667,0
2006-04-01,1.895,10.9791666667,0
2006-04-02,1.482,10.10625,0
2006-04-03,1.118,8.5333333333,0
2006-04-04,0.763,6.4661458333,0
2006-04-05,0.554,5.0822916667,0
2006-04-06,0.417,4.89375,0
2006-04-07,0.291,5.7395833333,0
2006-04-08,0.137,6.7921875,0
2006-04-09,0.119,7.0302083333,0
2006-04-10,0.116,6.4963541667,0
2006-04-11,0.113,6.021875,0
2006-04-12,0.148,6.5953125,0
2006-04-13,0.144,7.6302083333,0
2006-04-14,0.141,9.0333333333,0
2006-04-15,0.14,10.178125,0
2006-04-16,0.37,10.4130208333,0
2006-04-17,0.726,10.509375,0
2006-04-18,0.802,10.353125,0
2006-04-19,0.649,10.2057291667,0
2006-04-20,0.512,11.1723958333,0
2006-04-21,0.381,11.1864583333,0
2006-04-22,0.178,10.9625,0
2006-04-23,0.157,11.5807291667,0
2006-04-24,0.152,12.3791666667,0
2006-04-25,0.146,13.2375,0
2006-04-26,0.14,13.9776041667,0
2006-04-27,0.138,12.903125,0
2006-04-28,0.136,10.1239583333,0
2006-04-29,0.135,7.9598958333,0
2006-04-30,0.134,6.9177083333,0
2006-05-01,0.134,8.1817708333,0
2006-05-02,0.131,11.5526041667,0
2006-05-03,0.129,15.2380208333,0
2006-05-04,0.125,17.8807291667,0
2006-05-05,0.124,18.69375,0
2006-05-06,0.122,18.4755208333,0
2006-05-07,0.122,18.0901041667,0
2006-05-08,0.121,17.54375,0
2006-05-09,0.122,17.3770833333,0
2006-05-10,0.121,17.0057291667,0
2006-05-11,0.12,16.9385416667,0
2006-05-12,0.119,16.5953125,0
2006-05-13,0.118,15.4947916667,0
2006-05-14,0.119,15.2067708333,0
2006-05-15,0.12,15.1348958333,0
2006-05-16,0.119,15.4072916667,0
2006-05-17,0.118,16.2677083333,0
2006-05-18,0.118,15.5822916667,0
2006-05-19,0.118,14.1244791667,0
2006-05-20,0.119,13.7739583333,0
2006-05-21,0.193,13.5963541667,0
2006-05-22,0.147,13.1802083333,0
2006-05-23,0.327,13.0708333333,0
2006-05-24,0.372,12.2020833333,0
2006-05-25,0.352,11.5932291667,0
2006-05-26,0.779,12.4677083333,0
2006-05-27,3.263,13.1140625,0
2006-05-28,3.224,12.7239583333,0
2006-05-29,1.797,11.5338541667,0
2006-05-30,1.07,9.9338541667,0
2006-05-31,0.779,8.753125,0
2006-06-01,0.59,9.3166666667,0
2006-06-02,0.322,10.6182291667,0
2006-06-03,0.181,11.6588541667,0
2006-06-04,0.17,12.2557291667,0
2006-06-05,0.163,12.3098958333,0
2006-06-06,0.159,12.6177083333,0
2006-06-07,0.151,13.5755208333,0
2006-06-08,0.145,15.440625,0
2006-06-09,0.14,17.5760416667,0
2006-06-10,0.136,19.3619791667,0
2006-06-11,0.131,20.778125,0
2006-06-12,0.129,22.08125,0
2006-06-13,0.125,22.7072916667,0
2006-06-14,0.108,21.9265625,0
2006-06-15,0.095,20.2390625,0
2006-06-16,0.086,18.2666666667,0
2006-06-17,0.086,17.8010416667,0
2006-06-18,0.116,18.4114583333,0
2006-06-19,0.395,19.8109375,0
2006-06-20,0.201,20.7572916667,0
2006-06-21,0.165,19.2854166667,0
2006-06-22,0.16,18.0921875,0
2006-06-23,0.154,17.7885416667,0
2006-06-24,0.148,18.2614583333,0
2006-06-25,0.142,19.5234375,0
2006-06-26,0.137,19.6083333333,0
2006-06-27,0.132,19.165625,0
2006-06-28,0.132,18.4911458333,0
2006-06-29,0.128,18.8765625,0
2006-06-30,0.125,20.4130208333,0
2006-07-01,0.121,21.8546875,0
2006-07-02,0.122,22.9760416667,0
2006-07-03,0.121,23.7390625,0
2006-07-04,0.119,24.0140625,0
2006-07-05,0.119,23.6171875,0
2006-07-06,0.12,22.7864583333,0
2006-07-07,0.119,21.625,0
2006-07-08,0.119,21.2041666667,0
2006-07-09,0.119,20.9130208333,0
2006-07-10,0.118,21.3875,0
2006-07-11,0.117,22.0536458333,0
2006-07-12,0.116,22.5354166667,0
2006-07-13,0.116,22.2380208333,0
2006-07-14,0.117,21.85,0
2006-07-15,0.115,21.803125,0
2006-07-16,0.115,21.5958333333,0
2006-07-17,0.115,22.971875,0
2006-07-18,0.113,24.6505208333,0
2006-07-19,0.113,25.7369791667,0
2006-07-20,0.113,26.5375,0
2006-07-21,0.11,25.9067708333,0
2006-07-22,0.112,25.1072916667,0
2006-07-23,0.112,24.3177083333,0
2006-07-24,0.111,24.5145833333,0
2006-07-25,0.113,25.5390625,0
2006-07-26,0.116,25.7104166667,0
2006-07-27,0.128,25.2328125,0
2006-07-28,0.127,24.11875,0
2006-07-29,0.126,22.978125,0
2006-07-30,0.125,21.8276041667,0
2006-07-31,0.123,20.9135416667,0
2006-08-01,0.107,19.55,0
2006-08-02,0.108,17.8666666667,0
2006-08-03,0.068,17.1244791667,0
2006-08-04,0.059,17.1458333333,0
2006-08-05,0.057,17.88125,0
2006-08-06,0.055,18.6744791667,0
2006-08-07,0.054,18.6963541667,0
2006-08-08,0.083,18.1401041667,0
2006-08-09,0.059,16.4380208333,0
2006-08-10,0.056,15.0447916667,0
2006-08-11,0.063,14.1114583333,0
2006-08-12,0.06,13.4854166667,0
2006-08-13,0.059,13.68125,0
2006-08-14,0.058,14.3854166667,0
2006-08-15,0.057,15.2369791667,0
2006-08-16,0.091,16.5927083333,0
2006-08-17,0.059,17.8239583333,0
2006-08-18,0.056,18.5182291667,0
2006-08-19,0.053,18.5479166667,0
2006-08-20,0.052,17.83125,0
2006-08-21,0.071,17.0838541667,0
2006-08-22,0.069,16.4640625,0
2006-08-23,0.059,16.2645833333,0
2006-08-24,0.055,16.0947916667,0
2006-08-25,0.052,16.1505208333,0
2006-08-26,0.052,15.9651041667,0
2006-08-27,0.048,15.1322916667,0
2006-08-28,0.067,14.4161458333,0
2006-08-29,0.139,13.4859375,0
2006-08-30,0.137,13.3958333333,0
2006-08-31,0.152,15.075,0
2006-09-01,0.139,16.7244791667,0
2006-09-02,0.125,18.8557291667,0
2006-09-03,0.115,20.0359375,0
2006-09-04,0.141,19.3791666667,0
2006-09-05,0.117,19.5541666667,0
2006-09-06,0.116,18.3338541667,0
2006-09-07,0.108,16.6770833333,0
2006-09-08,0.103,16.0494791667,0
2006-09-09,0.095,15.5796875,0
2006-09-10,0.091,16.7036458333,0
2006-09-11,0.089,18.9541666667,0
2006-09-12,0.085,20.9505208333,0
2006-09-13,0.082,21.7557291667,0
2006-09-14,0.078,22.1026041667,0
2006-09-15,0.077,21.6609375,0
2006-09-16,0.075,20.5567708333,0
2006-09-17,0.074,19.271875,0
2006-09-18,0.059,17.4984375,0
2006-09-19,0.091,16.0041666667,0
2006-09-20,0.09,16.1333333333,0
2006-09-21,0.087,17.1473958333,0
2006-09-22,0.086,18.3322916667,0
2006-09-23,0.083,19.4489583333,0
2006-09-24,0.08,18.8796875,0
2006-09-25,0.078,17.8411458333,0
2006-09-26,0.078,16.9166666667,0
2006-09-27,0.075,16.2270833333,0
2006-09-28,0.077,16.46875,0
2006-09-29,0.075,16.821875,0
2006-09-30,0.072,17.1802083333,0
2006-10-01,0.072,17.1364583333,0
2006-10-02,0.072,16.2109375,0
2006-10-03,0.073,14.9453125,0
2006-10-04,0.072,13.8822916667,0
2006-10-05,0.071,13.6166666667,0
2006-10-06,0.071,13.4005208333,0
2006-10-07,0.415,13.1052083333,0
2006-10-08,0.142,13.3015625,0
2006-10-09,0.135,13.3088541667,0
2006-10-10,0.114,13.8864583333,0
2006-10-11,0.104,15.1640625,0
2006-10-12,0.097,15.4567708333,0
2006-10-13,0.071,14.8401041667,0
2006-10-14,0.068,13.7083333333,0
2006-10-15,0.068,12.0375,0
2006-10-16,0.068,11.1036458333,0
2006-10-17,0.063,11.3869791667,0
2006-10-18,0.051,12.2354166667,0
2006-10-19,0.051,13.7260416667,0
2006-10-20,0.051,14.7619791667,0
2006-10-21,0.123,15.1588541667,0
2006-10-22,0.068,15.759375,0
2006-10-23,0.068,15.2890625,0
2006-10-24,0.868,14.6213541667,0
2006-10-25,0.191,15.2572916667,0
2006-10-26,0.141,14.9828125,0
2006-10-27,0.255,15.003125,0
2006-10-28,0.16,15.39375,0
2006-10-29,0.123,13.7958333333,0
2006-10-30,0.104,12.7645833333,0
2006-10-31,0.104,10.9442708333,0
2006-11-01,0.104,8.0661458333,0
2006-11-02,0.086,6.7609375,0
2006-11-03,0.086,6.0359375,0
2006-11-04,0.068,6.8322916667,0
2006-11-05,0.068,8.5369791667,0
2006-11-06,0.068,8.971875,0
2006-11-07,0.068,9.1588541667,0
2006-11-08,0.068,8.9416666667,0
2006-11-09,0.068,7.9125,0
2006-11-10,0.086,7.8958333333,0
2006-11-11,0.086,7.46875,0
2006-11-12,0.16,7.596875,0
2006-11-13,0.49,9.40625,0
2006-11-14,0.958,10.6723958333,0
2006-11-15,0.882,12.5625,0
2006-11-16,0.73,13.1239583333,0
2006-11-17,0.53,11.9484375,0
2006-11-18,0.366,10.4125,0
2006-11-19,0.255,8.1020833333,0
2006-11-20,0.326,7.1067708333,0
2006-11-21,0.729,6.5765625,0
2006-11-22,1.106,7.1578125,0
2006-11-23,0.911,8.3447916667,0
2006-11-24,1.39,10.3979166667,0
2006-11-25,1.313,11.6505208333,0
2006-11-26,0.958,12.3270833333,0
2006-11-27,0.807,12.0713541667,0
2006-11-28,0.57,10.0140625,0
2006-11-29,0.366,8.5385416667,0
2006-11-30,0.255,7.5796875,0
2006-12-01,0.202,7.3473958333,0
2006-12-02,0.18,8.0786458333,0
2006-12-03,0.18,9.2697916667,0
2006-12-04,0.18,10.8260416667,0
2006-12-05,0.291,11.14375,0
2006-12-06,0.53,10.5671875,0
2006-12-07,0.57,10.7083333333,0
2006-12-08,0.61,8.8885416667,0
2006-12-09,0.53,7.5536458333,0
2006-12-10,0.449,6.7927083333,0
2006-12-11,0.366,5.9151041667,0
2006-12-12,0.94,6.2338541667,0
2006-12-13,1.581,6.9213541667,0
2006-12-14,1.143,7.1109375,0
2006-12-15,0.874,7.0760416667,0
2006-12-16,0.61,6.2494791667,0
2006-12-17,0.449,5.4151041667,0
2006-12-18,0.326,4.7442708333,0
2006-12-19,0.241,3.3942708333,0
2006-12-20,0.202,3.1921875,0
2006-12-21,0.201,3.046875,0
2006-12-22,0.18,2.8578125,0
2006-12-23,0.16,2.41875,0
2006-12-24,0.16,1.4578125,0
2006-12-25,0.141,0.8515625,0
2006-12-26,0.141,0.1,0
2006-12-27,0.141,0.4,0
2006-12-28,0.136,1.3671875,0
2006-12-29,0.141,2.940625,0
2006-12-30,0.123,5.8505208333,0
2006-12-31,0.16,7.2854166667,0
2007-01-01,0.142,7.5161458333,0
2007-01-02,0.256,7.328125,0
2007-01-03,0.49,6.8505208333,0
2007-01-04,0.53,7.0197916667,0
2007-01-05,0.729,8.2614583333,0
2007-01-06,0.854,8.7041666667,0
2007-01-07,1.43,8.9963541667,0
2007-01-08,1.462,10.1901041667,0
2007-01-09,1.106,10.5411458333,0
2007-01-10,0.921,10.3755208333,0
2007-01-11,0.845,10.4640625,0
2007-01-12,1.37,10.0083333333,0
2007-01-13,1.237,8.896875,0
2007-01-14,0.882,7.8984375,0
2007-01-15,0.599,6.9942708333,0
2007-01-16,0.49,6.6322916667,0
2007-01-17,0.367,7.7802083333,0
2007-01-18,0.367,9.38125,0
2007-01-19,2.665,10.6364583333,0
2007-01-20,1.691,9.7703125,0
2007-01-21,1.097,7.41875,0
2007-01-22,0.769,4.1098958333,0
2007-01-23,0.57,0.3197916667,0
2007-01-24,0.418,0.1,0
2007-01-25,0.29,0.1,0
2007-01-26,0.226,0.1,0
2007-01-27,0.202,0.5479166667,0
2007-01-28,0.16,3.3083333333,0
2007-01-29,0.366,5.6786458333,0
2007-01-30,0.326,6.6229166667,0
2007-01-31,0.407,7.2770833333,0
2007-02-01,0.407,7.5130208333,0
2007-02-02,0.326,7.0270833333,0
2007-02-03,0.289,6.3760416667,0
2007-02-04,0.255,5.0317708333,0
2007-02-05,0.226,3.4234375,0
2007-02-06,0.226,2.2515625,0
2007-02-07,0.202,1.6901041667,0
2007-02-08,0.165,2.2057291667,0
2007-02-09,0.16,3.0510416667,0
2007-02-10,0.18,4.91875,0
2007-02-11,0.202,6.40625,0
2007-02-12,0.53,7.1546875,0
2007-02-13,1.06,7.2947916667,0
2007-02-14,1.37,6.9510416667,0
2007-02-15,1.143,6.6427083333,0
2007-02-16,0.995,6.615625,0
2007-02-17,0.769,6.1796875,0
2007-02-18,0.53,5.7020833333,0
2007-02-19,0.366,5.7020833333,0
2007-02-20,0.289,5.7989583333,0
2007-02-21,0.226,6.8057291667,0
2007-02-22,0.225,8.0791666667,0
2007-02-23,0.16,8.7697916667,0
2007-02-24,0.141,8.846875,0
2007-02-25,0.141,8.5953125,0
2007-02-26,0.233,7.6927083333,0
2007-02-27,0.326,7.8260416667,0
2007-02-28,0.729,8.0828125,0
2007-03-01,1.106,8.0473958333,0
2007-03-02,2.182,8.0463541667,0
2007-03-03,1.142,7.7567708333,0
2007-03-04,1.828,7.8541666667,0
2007-03-05,1.295,8.59375,0
2007-03-06,0.883,9.084375,0
2007-03-07,0.855,8.8067708333,0
2007-03-08,1.069,8.1286458333,0
2007-03-09,0.994,7.1901041667,0
2007-03-10,0.836,7.2729166667,0
2007-03-11,0.69,7.7760416667,0
2007-03-12,0.61,8.1515625,0
2007-03-13,0.449,8.7578125,0
2007-03-14,0.326,8.4755208333,0
2007-03-15,0.226,7.8755208333,0
2007-03-16,0.18,8.184375,0
2007-03-17,0.16,7.7083333333,0
2007-03-18,0.141,6.5994791667,0
2007-03-19,0.22,5.2041666667,0
2007-03-20,0.254,3.7875,0
2007-03-21,0.255,3.0104166667,0
2007-03-22,0.289,3.2677083333,0
2007-03-23,0.48,4.5203125,0
2007-03-24,0.749,6.0692708333,0
2007-03-25,0.69,8.4067708333,0
2007-03-26,0.53,10.4791666667,0
2007-03-27,0.366,11.65,0
2007-03-28,0.289,11.2609375,0
2007-03-29,0.202,10.4177083333,0
2007-03-30,0.16,10.3114583333,0
2007-03-31,0.141,10.7692708333,0
2007-04-01,0.123,11.8401041667,0
2007-04-02,0.123,11.1583333333,0
2007-04-03,0.104,10.0208333333,0
2007-04-04,0.104,8.3880208333,0
2007-04-05,0.104,7.8494791667,0
2007-04-06,0.104,8.1734375,0
2007-04-07,0.104,8.4401041667,0
2007-04-08,0.104,9.225,0
2007-04-09,0.086,9.4791666667,0
2007-04-10,0.086,10.6083333333,0
2007-04-11,0.086,12.4786458333,0
2007-04-12,0.086,14.5817708333,0
2007-04-13,0.086,16.8015625,0
2007-04-14,0.086,18.6510416667,0
2007-04-15,0.086,19.5041666667,0
2007-04-16,0.086,18.075,0
2007-04-17,0.086,15.0817708333,0
2007-04-18,0.086,12.7067708333,0
2007-04-19,0.086,10.1161458333,0
2007-04-20,0.086,9.284375,0
2007-04-21,0.086,10.859375,0
2007-04-22,0.086,12.3661458333,0
2007-04-23,0.086,14.8515625,0
2007-04-24,0.086,17.7713541667,0
2007-04-25,0.086,19.134375,0
2007-04-26,0.086,19.8494791667,0
2007-04-27,0.068,20.025,0
2007-04-28,0.068,19.2213541667,0
2007-04-29,0.068,17.9203125,0
2007-04-30,0.068,16.896875,0
2007-05-01,0.068,15.6354166667,0
2007-05-02,0.068,14.8166666667,0
2007-05-03,0.068,15.2744791667,0
2007-05-04,0.068,15.7427083333,0
2007-05-05,0.068,15.8619791667,0
2007-05-06,0.068,15.8395833333,0
2007-05-07,0.068,14.9630208333,0
2007-05-08,0.165,13.6151041667,0
2007-05-09,0.29,14.0197916667,0
2007-05-10,0.226,13.9692708333,0
2007-05-11,0.18,14.2546875,0
2007-05-12,0.16,15.4239583333,0
2007-05-13,0.226,15.1697916667,0
2007-05-14,0.225,14.5864583333,0
2007-05-15,0.18,13.8567708333,0
2007-05-16,0.49,12.3260416667,0
2007-05-17,0.61,12.0317708333,0
2007-05-18,0.61,13.0416666667,0
2007-05-19,0.407,14.9411458333,0
2007-05-20,0.326,17.2921875,0
2007-05-21,0.226,18.4260416667,0
2007-05-22,0.141,18.9875,0
2007-05-23,0.123,19.3640625,0
2007-05-24,0.118,19.6583333333,0
2007-05-25,0.104,19.3776041667,0
2007-05-26,0.104,18.5578125,0
2007-05-27,0.203,16.2640625,0
2007-05-28,0.18,13.7666666667,0
2007-05-29,0.202,12.6484375,0
2007-05-30,0.255,12.3192708333,0
2007-05-31,0.289,13.2427083333,0
2007-06-01,0.255,14.8755208333,0
2007-06-02,0.202,16.071875,0
2007-06-03,0.141,17.3333333333,0
2007-06-04,0.123,18.2786458333,0
2007-06-05,0.123,18.8963541667,0
2007-06-06,0.104,20.0458333333,0
2007-06-07,0.104,21.2109375,0
2007-06-08,0.086,21.278125,0
2007-06-09,0.086,20.9588541667,0
2007-06-10,0.086,20.078125,0
2007-06-11,0.086,18.4567708333,0
2007-06-12,0.086,18.5661458333,0
2007-06-13,0.086,18.8463541667,0
2007-06-14,0.086,18.675,0
2007-06-15,0.091,18.6989583333,0
2007-06-16,0.086,18.5671875,0
2007-06-17,0.104,18.334375,0
2007-06-18,0.086,19.0723958333,0
2007-06-19,0.086,20.025,0
2007-06-20,0.086,19.2791666667,0
2007-06-21,0.068,18.5817708333,0
2007-06-22,0.233,17.2536458333,0
2007-06-23,0.18,16.5609375,0
2007-06-24,0.272,16.7291666667,0
2007-06-25,0.202,16.0348958333,0
2007-06-26,0.407,15.3984375,0
2007-06-27,0.49,14.5078125,0
2007-06-28,0.407,14.1151041667,0
2007-06-29,0.255,15.0447916667,0
2007-06-30,0.298,16.7182291667,0
2007-07-01,0.202,17.53125,0
2007-07-02,0.18,17.3765625,0
2007-07-03,0.18,16.54375,0
2007-07-04,0.202,15.1567708333,0
2007-07-05,0.731,14.7161458333,0
2007-07-06,0.788,15.3208333333,0
2007-07-07,0.202,16.2916666667,0
2007-07-08,0.532,16.4083333333,0
2007-07-09,0.289,15.7791666667,0
2007-07-10,0.289,15.071875,0
2007-07-11,0.226,14.80625,0
2007-07-12,0.16,16.05625,0
2007-07-13,0.16,18.7385416667,0
2007-07-14,0.141,21.6197916667,0
2007-07-15,0.123,24.0635416667,0
2007-07-16,0.123,24.4125,0
2007-07-17,0.104,23.0760416667,0
2007-07-18,0.086,21.015625,0
2007-07-19,0.086,19.3723958333,0
2007-07-20,0.086,18.5578125,0
2007-07-21,0.086,18.2791666667,0
2007-07-22,0.086,17.9380208333,0
2007-07-23,0.086,16.9848958333,0
2007-07-24,0.086,17.00625,0
2007-07-25,0.104,17.8604166667,0
2007-07-26,0.086,18.8963541667,0
2007-07-27,0.086,19.5463541667,0
2007-07-28,0.086,18.5380208333,0
2007-07-29,0.141,16.3130208333,0
2007-07-30,0.921,14.596875,0
2007-07-31,0.73,14.1026041667,0
2007-08-01,0.49,14.4822916667,0
2007-08-02,0.289,15.4166666667,0
2007-08-03,0.202,16.7708333333,0
2007-08-04,0.16,18.2151041667,0
2007-08-05,0.141,19.934375,0
2007-08-06,0.141,20.2015625,0
2007-08-07,0.141,19.1802083333,0
2007-08-08,0.123,17.4572916667,0
2007-08-09,0.123,16.0994791667,0
2007-08-10,0.921,16.1026041667,0
2007-08-11,1.042,16.728125,0
2007-08-12,0.65,17.4739583333,0
2007-08-13,0.367,17.984375,0
2007-08-14,0.226,18.884375,0
2007-08-15,0.18,18.9614583333,0
2007-08-16,0.366,18.365625,0
2007-08-17,0.18,17.4916666667,0
2007-08-18,0.16,16.553125,0
2007-08-19,0.16,16.1255208333,0
2007-08-20,0.18,15.8125,0
2007-08-21,0.202,15.7760416667,0
2007-08-22,2.332,16.18125,0
2007-08-23,3.023,17.078125,0
2007-08-24,1.303,18.1385416667,0
2007-08-25,0.807,18.7854166667,0
2007-08-26,0.57,17.8239583333,0
2007-08-27,0.407,16.3255208333,0
2007-08-28,0.366,14.8666666667,0
2007-08-29,0.289,13.6052083333,0
2007-08-30,0.255,13.9307291667,0
2007-08-31,0.226,14.5947916667,0
2007-09-01,0.226,15.3651041667,0
2007-09-02,0.226,15.64375,0
2007-09-03,0.202,14.5,0
2007-09-04,0.289,13.2859375,0
2007-09-05,0.255,12.8369791667,0
2007-09-06,0.255,13.0046875,0
2007-09-07,0.226,13.6348958333,0
2007-09-08,0.226,14.3265625,0
2007-09-09,0.226,13.9260416667,0
2007-09-10,0.202,13.6098958333,0
2007-09-11,0.255,13.3989583333,0
2007-09-12,0.226,13.2723958333,0
2007-09-13,0.18,13.6369791667,0
2007-09-14,0.18,13.5229166667,0
2007-09-15,0.18,14.0734375,0
2007-09-16,0.18,14.6416666667,0
2007-09-17,0.18,13.7510416667,0
2007-09-18,0.18,13.0916666667,0
2007-09-19,0.18,12.6947916667,0
2007-09-20,0.18,12.5244791667,0
2007-09-21,0.174,13.6125,0
2007-09-22,0.16,15.2,0
2007-09-23,0.16,15.703125,0
2007-09-24,0.16,14.9375,0
2007-09-25,0.16,13.7333333333,0
2007-09-26,0.16,11.9880208333,0
2007-09-27,0.18,11.1411458333,0
2007-09-28,0.208,11.3015625,0
2007-09-29,0.226,11.9880208333,0
2007-09-30,0.66,12.7864583333,0
2007-10-01,0.692,13.4854166667,0
2007-10-02,0.53,14.4354166667,0
2007-10-03,0.366,14.9911458333,0
2007-10-04,0.449,14.565625,0
2007-10-05,0.289,13.6135416667,0
2007-10-06,0.289,11.9807291667,0
2007-10-07,0.255,10.6223958333,0
2007-10-08,0.255,10.4067708333,0
2007-10-09,0.202,10.7984375,0
2007-10-10,0.123,11.0104166667,0
2007-10-11,0.123,11.6864583333,0
2007-10-12,0.104,11.9796875,0
2007-10-13,0.104,11.4833333333,0
2007-10-14,0.104,12.09375,0
2007-10-15,0.086,12.6859375,0
2007-10-16,0.086,12.8208333333,0
2007-10-17,0.086,12.2458333333,0
2007-10-18,0.086,10.6546875,0
2007-10-19,0.086,8.1614583333,0
2007-10-20,0.077,6.371875,0
2007-10-21,0.068,5.1416666667,0
2007-10-22,0.068,4.1989583333,0
2007-10-23,0.068,4.2572916667,0
2007-10-24,0.068,5.0796875,0
2007-10-25,0.068,6.24375,0
2007-10-26,0.068,7.5036458333,0
2007-10-27,0.068,8.3208333333,0
2007-10-28,0.068,8.31875,0
2007-10-29,0.068,8.3161458333,0
2007-10-30,0.221,7.4854166667,0
2007-10-31,0.123,7.1291666667,0
2007-11-01,0.122,7.6973958333,0
2007-11-02,0.104,8.6640625,0
2007-11-03,0.104,9.74375,0
2007-11-04,0.104,10.1552083333,0
2007-11-05,0.104,9.31875,0
2007-11-06,0.152,8.38125,0
2007-11-07,0.141,8.5229166667,0
2007-11-08,0.366,7.6447916667,0
2007-11-09,0.77,7.5541666667,0
2007-11-10,1.181,7.425,0
2007-11-11,2.7,6.3151041667,0
2007-11-12,2.399,6.0796875,0
2007-11-13,1.182,4.6447916667,0
2007-11-14,0.958,2.7692708333,0
2007-11-15,0.769,1.8302083333,0
2007-11-16,0.65,1.4333333333,0
2007-11-17,0.49,1.8625,0
2007-11-18,0.326,2.6182291667,0
2007-11-19,0.254,3.828125,0
2007-11-20,0.202,5.2229166667,0
2007-11-21,0.141,6.5697916667,0
2007-11-22,0.141,7.2119791667,0
2007-11-23,0.104,6.2234375,0
2007-11-24,0.104,5.6302083333,0
2007-11-25,0.104,4.5135416667,0
2007-11-26,0.141,4.0078125,0
2007-11-27,0.123,3.9114583333,0
2007-11-28,0.141,3.2807291667,0
2007-11-29,0.18,3.8661458333,0
2007-11-30,0.254,4.8885416667,0
2007-12-01,0.272,6.7182291667,0
2007-12-02,1.106,7.6458333333,0
2007-12-03,1.451,7.590625,0
2007-12-04,1.371,8.19375,0
2007-12-05,1.143,8.3552083333,0
2007-12-06,0.949,9.0932291667,0
2007-12-07,1.998,9.084375,0
2007-12-08,2.345,8.3046875,0
2007-12-09,1.303,7.3546875,0
2007-12-10,0.995,6.2005208333,0
2007-12-11,1.372,5.7104166667,0
2007-12-12,1.181,4.8854166667,0
2007-12-13,0.807,3.7057291667,0
2007-12-14,0.57,2.4151041667,0
2007-12-15,0.366,0.9182291667,0
2007-12-16,0.289,0.1,0
2007-12-17,0.16,0.1,0
2007-12-18,0.141,0.1,0
2007-12-19,0.141,0.1,0
2007-12-20,0.123,0.1,0
2007-12-21,0.123,0.1,0
2007-12-22,0.123,0.1,0
2007-12-23,0.104,0.1,0
2007-12-24,0.104,0.1,0
2007-12-25,0.104,0.1,0
2007-12-26,0.104,0.5807291667,0
2007-12-27,0.104,1.8692708333,0
2007-12-28,0.104,3.0984375,0
2007-12-29,0.086,4.2390625,0
2007-12-30,0.086,4.4567708333,0
2007-12-31,0.086,3.3010416667,0
2008-01-01,0.086,1.796875,0
2008-01-02,0.086,0.709375,0
2008-01-03,0.086,0.3588541667,0
2008-01-04,0.086,1.8598958333,0
2008-01-05,0.086,3.5322916667,0
2008-01-06,0.086,5.0296875,0
2008-01-07,0.086,5.7369791667,0
2008-01-08,0.086,5.3369791667,0
2008-01-09,0.086,5.7328125,0
2008-01-10,0.289,6.7229166667,0
2008-01-11,0.366,6.9927083333,0
2008-01-12,0.367,6.6786458333,0
2008-01-13,0.255,6.4739583333,0
2008-01-14,0.226,5.9869791667,0
2008-01-15,0.202,6.4255208333,0
2008-01-16,0.202,7.3473958333,0
2008-01-17,0.202,8.3598958333,0
2008-01-18,0.202,9.3411458333,0
2008-01-19,0.289,10.4380208333,0
2008-01-20,1.678,11.1848958333,0
2008-01-21,1.894,10.0416666667,0
2008-01-22,1.93,7.8677083333,0
2008-01-23,1.581,6.5578125,0
2008-01-24,0.986,5.1911458333,0
2008-01-25,0.65,5.9322916667,0
2008-01-26,0.418,6.6375,0
2008-01-27,0.326,6.6661458333,0
2008-01-28,0.255,6.596875,0
2008-01-29,0.226,5.084375,0
2008-01-30,0.202,4.0119791667,0
2008-01-31,0.18,3.41875,0
2008-02-01,0.18,2.7927083333,0
2008-02-02,0.202,2.8682291667,0
2008-02-03,0.226,3.3854166667,0
2008-02-04,0.226,3.765625,0
2008-02-05,0.326,5.1536458333,0
2008-02-06,0.649,5.6416666667,0
2008-02-07,1.332,5.9171875,0
2008-02-08,1.106,5.8901041667,0
2008-02-09,0.73,5.2791666667,0
2008-02-10,0.48,5.5890625,0
2008-02-11,0.326,5.3380208333,0
2008-02-12,0.226,4.4911458333,0
2008-02-13,0.202,3.4244791667,0
2008-02-14,0.18,2.6307291667,0
2008-02-15,0.16,1.3088541667,0
2008-02-16,0.141,0.7916666667,0
2008-02-17,0.141,0.5458333333,0
2008-02-18,0.123,0.6385416667,0
2008-02-19,0.123,1.7322916667,0
2008-02-20,0.123,3.1578125,0
2008-02-21,0.123,5.5234375,0
2008-02-22,0.123,7.3494791667,0
2008-02-23,0.104,8.2385416667,0
2008-02-24,0.104,8.8921875,0
2008-02-25,0.104,9.278125,0
2008-02-26,0.104,8.5723958333,0
2008-02-27,0.201,8.6260416667,0
2008-02-28,0.16,8.384375,0
2008-02-29,0.16,7.8942708333,0
2008-03-01,0.719,8.7015625,0
2008-03-02,1.332,8.3760416667,0
2008-03-03,1.106,7.1765625,0
2008-03-04,0.874,5.1885416667,0
2008-03-05,0.64,3.55625,0
2008-03-06,0.439,3.7479166667,0
2008-03-07,0.326,4.5447916667,0
2008-03-08,0.255,6.325,0
2008-03-09,0.202,7.3135416667,0
2008-03-10,0.18,7.5890625,0
2008-03-11,0.18,8.00625,0
2008-03-12,0.479,7.99375,0
2008-03-13,0.326,7.990625,0
2008-03-14,0.407,8.1692708333,0
2008-03-15,0.49,8.4479166667,0
2008-03-16,0.49,7.6796875,0
2008-03-17,0.902,6.6723958333,0
2008-03-18,1.032,5.2692708333,0
2008-03-19,0.759,3.9317708333,0
2008-03-20,0.49,3.6505208333,0
2008-03-21,1.115,3.246875,0
2008-03-22,1.544,2.4494791667,0
2008-03-23,1.209,1.3447916667,0
2008-03-24,0.911,0.4765625,0
2008-03-25,0.65,0.3104166667,0
2008-03-26,0.449,1.5067708333,0
2008-03-27,0.366,3.5369791667,0
2008-03-28,0.56,5.7958333333,0
2008-03-29,0.836,8.365625,0
2008-03-30,0.73,9.7994791667,0
2008-03-31,0.57,10.2447916667,0
2008-04-01,0.366,9.9098958333,0
2008-04-02,0.29,8.621875,0
2008-04-03,0.255,7.784375,0
2008-04-04,0.202,7.0729166667,0
2008-04-05,0.18,5.9953125,0
2008-04-06,0.226,5.2739583333,0
2008-04-07,0.255,4.4583333333,0
2008-04-08,0.289,4.2505208333,0
2008-04-09,0.289,5.1739583333,0
2008-04-10,0.226,6.3114583333,0
2008-04-11,0.202,7.5208333333,0
2008-04-12,0.18,8.2302083333,0
2008-04-13,0.16,8.13125,0
2008-04-14,0.141,7.3973958333,0
2008-04-15,0.202,6.0286458333,0
2008-04-16,0.202,5.3046875,0
2008-04-17,0.226,5.7661458333,0
2008-04-18,0.226,6.5458333333,0
2008-04-19,0.202,8.4932291667,0
2008-04-20,0.18,10.2182291667,0
2008-04-21,0.16,10.7026041667,0
2008-04-22,0.16,11.8802083333,0
2008-04-23,0.141,12.3807291667,0
2008-04-24,0.137,12.0890625,0
2008-04-25,0.141,12.6682291667,0
2008-04-26,0.123,13.3046875,0
2008-04-27,0.104,13.0307291667,0
2008-04-28,0.104,13.1442708333,0
2008-04-29,0.123,13.05625,0
2008-04-30,0.123,11.7494791667,0
2008-05-01,0.104,11.4765625,0
2008-05-02,0.104,11.7067708333,0
2008-05-03,0.104,12.2729166667,0
2008-05-04,0.104,13.4130208333,0
2008-05-05,0.086,15.0067708333,0
2008-05-06,0.078,16.0619791667,0
2008-05-07,0.074,16.6630208333,0
2008-05-08,0.066,17.5453125,0
2008-05-09,0.066,18.2098958333,0
2008-05-10,0.073,18.7859375,0
2008-05-11,0.056,19.2223958333,0
2008-05-12,0.055,19.3036458333,0
2008-05-13,0.058,19.0661458333,0
2008-05-14,0.055,18.3734375,0
2008-05-15,0.053,17.85625,0
2008-05-16,0.053,16.7546875,0
2008-05-17,0.051,14.8234375,0
2008-05-18,0.057,13.4333333333,0
2008-05-19,0.053,12.3828125,0
2008-05-20,0.05,12.1171875,0
2008-05-21,0.048,13.1390625,0
2008-05-22,0.046,14.509375,0
2008-05-23,0.046,15.61875,0
2008-05-24,0.042,16.965625,0
2008-05-25,0.04,17.8484375,0
2008-05-26,0.045,18.9598958333,0
2008-05-27,0.044,20.103125,0
2008-05-28,0.042,20.5125,0
2008-05-29,0.049,20.4932291667,0
2008-05-30,0.038,19.2885416667,0
2008-05-31,0.052,18.7979166667,0
2008-06-01,0.043,19.1890625,0
2008-06-02,0.051,19.40625,0
2008-06-03,0.064,19.8645833333,0
2008-06-04,0.068,19.5140625,0
2008-06-05,0.104,18.6244791667,0
2008-06-06,0.091,17.6723958333,0
2008-06-07,0.068,17.6338541667,0
2008-06-08,0.068,17.9848958333,0
2008-06-09,0.068,18.321875,0
2008-06-10,0.063,18.0171875,0
2008-06-11,0.051,16.134375,0
2008-06-12,0.051,14.1052083333,0
2008-06-13,0.086,12.13125,0
2008-06-14,0.068,11.5359375,0
2008-06-15,0.068,12.1901041667,0
2008-06-16,0.068,12.9223958333,0
2008-06-17,0.068,14.3854166667,0
2008-06-18,0.056,15.8307291667,0
2008-06-19,0.051,16.5885416667,0
2008-06-20,0.068,17.3536458333,0
2008-06-21,0.051,18.6041666667,0
2008-06-22,0.051,18.5161458333,0
2008-06-23,0.181,19.3645833333,0
2008-06-24,0.068,19.6854166667,0
2008-06-25,0.068,18.3869791667,0
2008-06-26,0.086,18.2197916667,0
2008-06-27,0.068,18.1427083333,0
2008-06-28,0.068,18.1848958333,0
2008-06-29,0.068,18.4369791667,0
2008-06-30,0.068,19.5130208333,0
2008-07-01,0.051,20.8895833333,0
2008-07-02,0.051,20.4666666667,0
2008-07-03,0.104,19.8416666667,0
2008-07-04,0.086,19.0505208333,0
2008-07-05,0.068,17.6322916667,0
2008-07-06,0.068,17.3598958333,0
2008-07-07,0.068,17.29375,0
2008-07-08,0.068,16.7208333333,0
2008-07-09,0.068,17.1880208333,0
2008-07-10,0.095,17.3260416667,0
2008-07-11,0.086,17.4494791667,0
2008-07-12,0.087,17.2651041667,0
2008-07-13,0.086,16.0041666667,0
2008-07-14,0.086,16.5572916667,0
2008-07-15,0.068,16.8671875,0
2008-07-16,0.068,16.7052083333,0
2008-07-17,0.086,16.615625,0
2008-07-18,0.068,16.2479166667,0
2008-07-19,0.086,15.4552083333,0
2008-07-20,0.086,14.9401041667,0
2008-07-21,0.104,14.6208333333,0
2008-07-22,0.226,14.1786458333,0
2008-07-23,0.19,15.5015625,0
2008-07-24,0.16,18.0255208333,0
2008-07-25,0.141,19.7885416667,0
2008-07-26,0.123,20.9489583333,0
2008-07-27,0.123,21.7510416667,0
2008-07-28,0.123,21.4197916667,0
2008-07-29,0.104,21.7453125,0
2008-07-30,0.104,22.6489583333,0
2008-07-31,0.104,22.5375,0
2008-08-01,0.086,22.1135416667,0
2008-08-02,0.086,21.5546875,0
2008-08-03,0.086,20.1520833333,0
2008-08-04,0.106,18.978125,0
2008-08-05,0.226,19.70625,0
2008-08-06,0.18,20.0171875,0
2008-08-07,0.16,19.6760416667,0
2008-08-08,0.146,19.6135416667,0
2008-08-09,0.202,18.5947916667,0
2008-08-10,0.16,17.859375,0
2008-08-11,0.18,18.1171875,0
2008-08-12,0.16,18.0947916667,0
2008-08-13,0.326,17.6588541667,0
2008-08-14,0.289,16.965625,0
2008-08-15,0.226,16.5307291667,0
2008-08-16,0.18,16.8677083333,0
2008-08-17,0.141,17.6197916667,0
2008-08-18,0.123,18.49375,0
2008-08-19,0.123,18.5411458333,0
2008-08-20,0.104,18.5463541667,0
2008-08-21,0.104,17.7333333333,0
2008-08-22,0.104,16.4671875,0
2008-08-23,0.141,16.2411458333,0
2008-08-24,0.104,15.6026041667,0
2008-08-25,0.104,16.0536458333,0
2008-08-26,0.104,17.0223958333,0
2008-08-27,0.104,17.5088541667,0
2008-08-28,0.104,17.953125,0
2008-08-29,0.086,18.1442708333,0
2008-08-30,0.086,18.9755208333,0
2008-08-31,0.086,19.0463541667,0
2008-09-01,0.137,18.9234375,0
2008-09-02,0.104,17.3666666667,0
2008-09-03,0.104,15.3552083333,0
2008-09-04,0.104,14.7703125,0
2008-09-05,0.104,14.690625,0
2008-09-06,0.132,15.5078125,0
2008-09-07,0.104,16.184375,0
2008-09-08,0.104,16.6526041667,0
2008-09-09,0.104,17.1557291667,0
2008-09-10,0.104,17.9895833333,0
2008-09-11,0.104,17.7729166667,0
2008-09-12,0.104,16.5,0
2008-09-13,0.123,14.2026041667,0
2008-09-14,0.104,11.7453125,0
2008-09-15,0.104,10.5708333333,0
2008-09-16,0.104,10.0234375,0
2008-09-17,0.086,9.8947916667,0
2008-09-18,0.086,9.9953125,0
2008-09-19,0.086,9.9901041667,0
2008-09-20,0.086,9.8869791667,0
2008-09-21,0.086,10.1145833333,0
2008-09-22,0.068,10.5333333333,0
2008-09-23,0.068,11.0984375,0
2008-09-24,0.086,11.5354166667,0
2008-09-25,0.086,11.765625,0
2008-09-26,0.068,11.678125,0
2008-09-27,0.068,11.2817708333,0
2008-09-28,0.068,10.86875,0
2008-09-29,0.068,10.6739583333,0
2008-09-30,0.068,10.9604166667,0
2008-10-01,0.398,10.659375,0
2008-10-02,1.162,10.1328125,0
2008-10-03,0.77,9.7265625,0
2008-10-04,0.63,9.3447916667,0
2008-10-05,0.53,10.2078125,0
2008-10-06,2.01,11.9619791667,0
2008-10-07,1.72,13.0671875,0
2008-10-08,0.94,13.0427083333,0
2008-10-09,0.53,12.4265625,0
2008-10-10,0.289,12.0104166667,0
2008-10-11,0.22,12.0890625,0
2008-10-12,0.18,13.2515625,0
2008-10-13,0.16,14.165625,0
2008-10-14,0.141,14.2619791667,0
2008-10-15,0.141,13.4692708333,0
2008-10-16,0.161,11.7401041667,0
2008-10-17,0.202,10.0609375,0
2008-10-18,0.202,9.046875,0
2008-10-19,0.202,9.53125,0
2008-10-20,0.201,10.4395833333,0
2008-10-21,0.18,10.4984375,0
2008-10-22,0.16,9.8213541667,0
2008-10-23,0.16,8.9302083333,0
2008-10-24,0.141,8.5328125,0
2008-10-25,0.123,9.4572916667,0
2008-10-26,0.123,9.9916666667,0
2008-10-27,0.18,8.7864583333,0
2008-10-28,0.255,6.9348958333,0
2008-10-29,0.326,5.0557291667,0
2008-10-30,0.289,4.1958333333,0
2008-10-31,0.226,5.1828125,0
2008-11-01,0.202,6.9130208333,0
2008-11-02,0.18,8.0979166667,0
2008-11-03,0.16,8.8427083333,0
2008-11-04,0.16,8.9182291667,0
2008-11-05,0.141,8.8140625,0
2008-11-06,0.141,8.8072916667,0
2008-11-07,0.141,9.0666666667,0
2008-11-08,0.123,9.5098958333,0
2008-11-09,0.123,10.54375,0
2008-11-10,0.141,11.1947916667,0
2008-11-11,0.18,10.8161458333,0
2008-11-12,0.226,10.0947916667,0
2008-11-13,0.226,8.3416666667,0
2008-11-14,0.205,7.9494791667,0
2008-11-15,0.188,8.1854166667,0
2008-11-16,0.173,7.4453125,0
2008-11-17,0.171,7.2895833333,0
2008-11-18,0.165,6.7932291667,0
2008-11-19,0.202,6.8447916667,0
2008-11-20,0.169,6.9546875,0
2008-11-21,0.449,5.7197916667,0
2008-11-22,1.256,3.965625,0
2008-11-23,0.958,1.8333333333,0
2008-11-24,0.69,1.0604166667,0
2008-11-25,0.5,1.771875,0
2008-11-26,0.449,2.4265625,0
2008-11-27,0.427,2.4635416667,0
2008-11-28,0.57,2.4984375,0
2008-11-29,0.71,2.0072916667,0
2008-11-30,0.54,1.7520833333,0
2008-12-01,0.386,2.4479166667,0
2008-12-02,0.289,2.3869791667,0
2008-12-03,0.255,2.5666666667,0
2008-12-04,0.255,3.4546875,0
2008-12-05,0.407,3.8036458333,0
2008-12-06,0.996,4.50625,0
2008-12-07,1.371,4.09375,0
2008-12-08,1.032,2.6276041667,0
2008-12-09,0.73,1.8854166667,0
2008-12-10,0.53,0.9078125,0
2008-12-11,0.366,0.6213541667,0
2008-12-12,0.255,0.5776041667,0
2008-12-13,0.202,0.6333333333,0
2008-12-14,0.202,0.5114583333,0
2008-12-15,0.18,0.590625,0
2008-12-16,0.16,0.4984375,0
2008-12-17,0.141,0.7083333333,0
2008-12-18,0.141,2.0427083333,0
2008-12-19,0.123,3.7822916667,0
2008-12-20,0.141,5.9375,0
2008-12-21,1.209,7.1984375,0
2008-12-22,1.322,7.278125,0
2008-12-23,1.451,6.7380208333,0
2008-12-24,1.014,5.6067708333,0
2008-12-25,0.67,3.4411458333,0
2008-12-26,0.449,1.2052083333,0
2008-12-27,0.289,0.1,0
2008-12-28,0.226,0.1,0
2008-12-29,0.202,0.1,0
2008-12-30,0.16,0.1,0
2008-12-31,0.141,0.1,0
2009-01-01,0.141,0.1,0
2009-01-02,0.123,0.1,0
2009-01-03,0.123,0.1,0
2009-01-04,0.104,0.1,0
2009-01-05,0.104,0.1,0
2009-01-06,0.104,0.1,0
2009-01-07,0.289,0.1,0
2009-01-08,0.22,0.1,0
2009-01-09,0.208,0.1,0
2009-01-10,0.16,0.1,0
2009-01-11,0.18,0.1,0
2009-01-12,0.16,0.1,0
2009-01-13,0.141,0.5390625,0
2009-01-14,0.141,1.8973958333,0
2009-01-15,0.123,2.14375,0
2009-01-16,0.104,2.2838541667,0
2009-01-17,0.104,3.0463541667,0
2009-01-18,0.086,3.8989583333,0
2009-01-19,0.202,4.4046875,0
2009-01-20,0.255,3.821875,0
2009-01-21,0.18,3.3677083333,0
2009-01-22,0.16,3.115625,0
2009-01-23,0.202,3.1572916667,0
2009-01-24,1.411,3.1354166667,0
2009-01-25,1.071,2.4713541667,0
2009-01-26,0.69,1.509375,0
2009-01-27,0.449,1.0229166667,0
2009-01-28,0.289,0.7041666667,0
2009-01-29,0.226,0.3192708333,0
2009-01-30,0.161,0.2416666667,0
2009-01-31,0.141,0.1,0
2009-02-01,0.141,0.3552083333,0
2009-02-02,0.123,1.3807291667,0
2009-02-03,0.123,1.8645833333,0
2009-02-04,0.123,3.3661458333,0
2009-02-05,0.104,4.1901041667,0
2009-02-06,0.104,4.0973958333,0
2009-02-07,0.104,3.9651041667,0
2009-02-08,0.104,3.0895833333,0
2009-02-09,0.104,2.7234375,0
2009-02-10,0.127,2.6557291667,0
2009-02-11,0.69,2.3713541667,0
2009-02-12,0.72,2.0901041667,0
2009-02-13,0.57,0.9401041667,0
2009-02-14,0.449,0.1,0
2009-02-15,0.316,0.6770833333,0
2009-02-16,0.255,1.4609375,0
2009-02-17,0.882,1.040625,0
2009-02-18,1.993,1.5338541667,0
2009-02-19,1.142,1.6291666667,0
2009-02-20,0.73,1.7307291667,0
2009-02-21,0.61,3.6484375,0
2009-02-22,0.64,4.9229166667,0
2009-02-23,0.995,4.896875,0
2009-02-24,0.921,4.7484375,0
2009-02-25,0.69,5.090625,0
2009-02-26,0.53,5.4916666667,0
2009-02-27,0.407,6.60625,0
2009-02-28,0.55,7.7921875,0
2009-03-01,0.73,7.8432291667,0
2009-03-02,0.65,7.534375,0
2009-03-03,0.49,7.240625,0
2009-03-04,0.407,6.1609375,0
2009-03-05,0.366,5.4453125,0
2009-03-06,0.407,5.3901041667,0
2009-03-07,0.69,5.4947916667,0
2009-03-08,0.845,5.69375,0
2009-03-09,0.921,5.9776041667,0
2009-03-10,0.921,5.9552083333,0
2009-03-11,1.411,5.7104166667,0
2009-03-12,1.239,6.4458333333,0
2009-03-13,1.294,7.3848958333,0
2009-03-14,1.256,8.0776041667,0
2009-03-15,0.883,8.2739583333,0
2009-03-16,0.62,8.0078125,0
2009-03-17,0.407,6.7302083333,0
2009-03-18,0.326,5.6859375,0
2009-03-19,0.289,4.8338541667,0
2009-03-20,0.226,4.1239583333,0
2009-03-21,0.202,4.4494791667,0
2009-03-22,0.18,5.2015625,0
2009-03-23,0.16,5.059375,0
2009-03-24,0.202,4.9239583333,0
2009-03-25,0.202,5.2161458333,0
2009-03-26,0.65,5.2171875,0
2009-03-27,1.814,6.15625,0
2009-03-28,1.662,6.5671875,0
2009-03-29,1.116,6.0734375,0
2009-03-30,0.807,6.1489583333,0
2009-03-31,0.65,6.9552083333,0
2009-04-01,0.47,9.1208333333,0
2009-04-02,0.326,11.825,0
2009-04-03,0.255,13.5125,0
2009-04-04,0.226,13.9385416667,0
2009-04-05,0.196,14.1583333333,0
2009-04-06,0.18,13.9265625,0
2009-04-07,0.16,13.4619791667,0
2009-04-08,0.16,14.04375,0
2009-04-09,0.16,14.8557291667,0
2009-04-10,0.141,15.390625,0
2009-04-11,0.141,16.0260416667,0
2009-04-12,0.123,15.5067708333,0
2009-04-13,0.123,14.3645833333,0
2009-04-14,0.123,14.4104166667,0
2009-04-15,0.123,14.4255208333,0
2009-04-16,0.104,13.9734375,0
2009-04-17,0.104,12.8984375,0
2009-04-18,0.146,11.6921875,0
2009-04-19,0.141,11.2520833333,0
2009-04-20,0.123,12.059375,0
2009-04-21,0.123,12.3182291667,0
2009-04-22,0.123,11.7583333333,0
2009-04-23,0.123,11.6489583333,0
2009-04-24,0.104,11.8177083333,0
2009-04-25,0.104,13.1369791667,0
2009-04-26,0.104,14.0046875,0
2009-04-27,0.104,13.3114583333,0
2009-04-28,0.086,12.4786458333,0
2009-04-29,0.086,11.5421875,0
2009-04-30,0.086,11.8369791667,0
2009-05-01,0.086,12.8901041667,0
2009-05-02,0.086,13.0739583333,0
2009-05-03,0.086,12.3697916667,0
2009-05-04,0.086,11.3401041667,0
2009-05-05,0.077,10.8619791667,0
2009-05-06,0.068,11.8057291667,0
2009-05-07,0.068,12.9161458333,0
2009-05-08,0.068,13.2213541667,0
2009-05-09,0.068,13.9526041667,0
2009-05-10,0.068,13.3119791667,0
2009-05-11,0.068,12.9244791667,0
2009-05-12,0.068,13.746875,0
2009-05-13,0.068,13.7822916667,0
2009-05-14,0.068,14.1307291667,0
2009-05-15,0.051,14.4041666667,0
2009-05-16,0.051,14.2609375,0
2009-05-17,0.051,14.1765625,0
2009-05-18,0.051,14.2067708333,0
2009-05-19,0.051,14.9885416667,0
2009-05-20,0.051,15.6447916667,0
2009-05-21,0.051,15.6203125,0
2009-05-22,0.051,15.9890625,0
2009-05-23,0.051,16.9041666667,0
2009-05-24,0.051,17.6447916667,0
2009-05-25,0.051,18.4578125,0
2009-05-26,0.051,17.6921875,0
2009-05-27,0.051,16.4072916667,0
2009-05-28,0.051,14.9703125,0
2009-05-29,0.035,14.4322916667,0
2009-05-30,0.035,15.4520833333,0
2009-05-31,0.035,16.5359375,0
2009-06-01,0.035,17.365625,0
2009-06-02,0.035,16.5614583333,0
2009-06-03,0.051,15.0645833333,0
2009-06-04,0.051,13.0291666667,0
2009-06-05,0.051,11.00625,0
2009-06-06,0.051,10.8010416667,0
2009-06-07,0.047,11.8083333333,0
2009-06-08,0.051,13.25,0
2009-06-09,0.036,14.6526041667,0
2009-06-10,0.035,14.8380208333,0
2009-06-11,0.035,14.4697916667,0
2009-06-12,0.04,13.9890625,0
2009-06-13,0.047,14.6708333333,0
2009-06-14,0.051,15.3546875,0
2009-06-15,0.043,15.4666666667,0
2009-06-16,0.05,15.9604166667,0
2009-06-17,0.051,16.1489583333,0
2009-06-18,0.051,16.1635416667,0
2009-06-19,0.051,16.0567708333,0
2009-06-20,0.051,15.0671875,0
2009-06-21,0.051,13.6145833333,0
2009-06-22,0.051,13.8119791667,0
2009-06-23,0.035,15.2619791667,0
2009-06-24,0.035,17.0479166667,0
2009-06-25,0.035,19.1302083333,0
2009-06-26,0.035,19.8755208333,0
2009-06-27,0.035,20.2666666667,0
2009-06-28,0.035,20.7489583333,0
2009-06-29,0.035,21.0552083333,0
2009-06-30,0.035,22.0546875,0
2009-07-01,0.035,22.6864583333,0
2009-07-02,0.035,22.8401041667,0
2009-07-03,0.035,22.5489583333,0
2009-07-04,0.035,21.9208333333,0
2009-07-05,0.035,20.8744791667,0
2009-07-06,0.035,19.5317708333,0
2009-07-07,0.141,18.125,0
2009-07-08,0.127,16.6125,0
2009-07-09,0.159,15.1916666667,0
2009-07-10,0.123,14.8526041667,0
2009-07-11,0.16,15.3354166667,0
2009-07-12,0.123,16.7432291667,0
2009-07-13,0.104,18.8375,0
2009-07-14,0.104,20.2885416667,0
2009-07-15,0.104,21.2322916667,0
2009-07-16,0.086,21.1026041667,0
2009-07-17,0.086,19.5567708333,0
2009-07-18,0.086,18.4135416667,0
2009-07-19,0.068,17.6723958333,0
2009-07-20,0.068,18.2125,0
2009-07-21,0.068,19.9416666667,0
2009-07-22,0.068,20.4875,0
2009-07-23,0.068,20.4338541667,0
2009-07-24,0.051,19.0369791667,0
2009-07-25,0.051,17.946875,0
2009-07-26,0.051,18.3401041667,0
2009-07-27,0.051,18.3119791667,0
2009-07-28,0.051,19.6098958333,0
2009-07-29,0.051,19.7322916667,0
2009-07-30,0.051,18.6765625,0
2009-07-31,0.051,19.24375,0
2009-08-01,0.051,18.2072916667,0
2009-08-02,0.051,17.4744791667,0
2009-08-03,0.051,17.54375,0
2009-08-04,0.035,17.5984375,0
2009-08-05,0.035,18.8989583333,0
2009-08-06,0.035,20.8640625,0
2009-08-07,0.035,21.3427083333,0
2009-08-08,0.035,21.2208333333,0
2009-08-09,0.035,20.3135416667,0
2009-08-10,0.035,19.159375,0
2009-08-11,0.051,19.0041666667,0
2009-08-12,0.051,18.3234375,0
2009-08-13,0.16,17.7671875,0
2009-08-14,0.123,18.0557291667,0
2009-08-15,0.104,18.7270833333,0
2009-08-16,0.104,19.390625,0
2009-08-17,0.104,19.8734375,0
2009-08-18,0.086,20.6234375,0
2009-08-19,0.086,21.9046875,0
2009-08-20,0.086,21.3765625,0
2009-08-21,0.086,20.7515625,0
2009-08-22,0.068,19.4057291667,0
2009-08-23,0.068,18.2984375,0
2009-08-24,0.068,18.7390625,0
2009-08-25,0.064,19.39375,0
2009-08-26,0.051,20.3197916667,0
2009-08-27,0.051,19.7463541667,0
2009-08-28,0.051,18.6234375,0
2009-08-29,0.051,17.5598958333,0
2009-08-30,0.051,16.9953125,0
2009-08-31,0.051,17.1869791667,0
2009-09-01,0.035,17.6869791667,0
2009-09-02,0.035,18.0140625,0
2009-09-03,0.035,16.5921875,0
2009-09-04,0.051,14.9453125,0
2009-09-05,0.051,14.2328125,0
2009-09-06,0.051,14.5265625,0
2009-09-07,0.051,16.1765625,0
2009-09-08,0.051,17.8645833333,0
2009-09-09,0.051,18.3984375,0
2009-09-10,0.051,17.6536458333,0
2009-09-11,0.035,16.2567708333,0
2009-09-12,0.035,14.3265625,0
2009-09-13,0.035,13.33125,0
2009-09-14,0.035,13.2380208333,0
2009-09-15,0.035,13.7151041667,0
2009-09-16,0.035,14.2703125,0
2009-09-17,0.035,15.3114583333,0
2009-09-18,0.035,16.6453125,0
2009-09-19,0.035,17.0796875,0
2009-09-20,0.035,17.2598958333,0
2009-09-21,0.035,16.9598958333,0
2009-09-22,0.035,16.1380208333,0
2009-09-23,0.035,15.1505208333,0
2009-09-24,0.035,14.3666666667,0
2009-09-25,0.035,13.9348958333,0
2009-09-26,0.035,13.2583333333,0
2009-09-27,0.035,12.8385416667,0
2009-09-28,0.035,13.6640625,0
2009-09-29,0.035,14.1421875,0
2009-09-30,0.035,14.0208333333,0
2009-10-01,0.035,13.2541666667,0
2009-10-02,0.035,12.3619791667,0
2009-10-03,0.035,11.7130208333,0
2009-10-04,0.035,11.4328125,0
2009-10-05,0.035,12.8848958333,0
2009-10-06,0.035,14.7953125,0
2009-10-07,0.161,14.803125,0
2009-10-08,0.142,14.5411458333,0
2009-10-09,0.141,13.8942708333,0
2009-10-10,0.123,12.1322916667,0
2009-10-11,0.366,11.3953125,0
2009-10-12,0.51,10.6760416667,0
2009-10-13,0.366,7.9713541667,0
2009-10-14,0.28,5.475,0
2009-10-15,0.202,4.90625,0
2009-10-16,0.16,4.7875,0
2009-10-17,0.141,5.5822916667,0
2009-10-18,0.136,6.35,0
2009-10-19,0.104,6.1765625,0
2009-10-20,0.104,6.9255208333,0
2009-10-21,0.104,7.9567708333,0
2009-10-22,0.086,8.940625,0
2009-10-23,0.086,9.8671875,0
2009-10-24,0.086,10.41875,0
2009-10-25,0.068,11.1067708333,0
2009-10-26,0.068,11.5395833333,0
2009-10-27,0.068,11.209375,0
2009-10-28,0.068,10.315625,0
2009-10-29,0.051,9.6005208333,0
2009-10-30,0.051,8.83125,0
2009-10-31,0.051,9.0526041667,0
2009-11-01,0.051,9.4328125,0
2009-11-02,0.052,9.0171875,0
2009-11-03,0.18,9.1427083333,0
2009-11-04,0.317,8.7572916667,0
2009-11-05,0.57,8.5729166667,0
2009-11-06,0.569,8.4364583333,0
2009-11-07,0.449,7.7713541667,0
2009-11-08,0.449,7.2348958333,0
2009-11-09,0.407,6.5802083333,0
2009-11-10,0.326,6.496875,0
2009-11-11,0.366,6.5526041667,0
2009-11-12,0.407,7.9859375,0
2009-11-13,0.366,9.5979166667,0
2009-11-14,0.289,10.5734375,0
2009-11-15,0.226,11.8567708333,0
2009-11-16,0.208,11.4046875,0
2009-11-17,0.202,10.5479166667,0
2009-11-18,0.226,10.5083333333,0
2009-11-19,0.226,10.8395833333,0
2009-11-20,0.202,11.6208333333,0
2009-11-21,0.18,12.2453125,0
2009-11-22,0.16,12.2989583333,0
2009-11-23,0.123,12.1302083333,0
2009-11-24,0.69,11.6651041667,0
2009-11-25,0.845,10.9885416667,0
2009-11-26,0.73,10.3875,0
2009-11-27,0.532,9.6286458333,0
2009-11-28,0.47,9.1890625,0
2009-11-29,0.61,8.3385416667,0
2009-11-30,0.65,7.5119791667,0
2009-12-01,0.57,6.8526041667,0
2009-12-02,0.366,6.63125,0
2009-12-03,0.289,6.196875,0
2009-12-04,0.226,6.3104166667,0
2009-12-05,0.18,7.2109375,0
2009-12-06,0.263,6.5807291667,0
2009-12-07,0.844,7.1572916667,0
2009-12-08,0.94,7.3958333333,0
2009-12-09,0.883,7.1161458333,0
2009-12-10,0.807,7.0609375,0
2009-12-11,1.765,6.1338541667,0
2009-12-12,1.342,4.8708333333,0
2009-12-13,0.883,2.403125,0
2009-12-14,0.57,0.3270833333,0
2009-12-15,0.366,0.1,0
2009-12-16,0.18,0.1,0
2009-12-17,0.16,0.1,0
2009-12-18,0.141,0.1,0
2009-12-19,0.141,0.1,0
2009-12-20,0.51,0.1,0
2009-12-21,0.16,0.1,0
2009-12-22,0.141,0.1,0
2009-12-23,0.141,0.8125,0
2009-12-24,0.123,2.4697916667,0
2009-12-25,0.123,2.5713541667,0
2009-12-26,0.61,3.1989583333,0
2009-12-27,0.769,3.4583333333,0
2009-12-28,0.69,2.7984375,0
2009-12-29,0.57,4.0536458333,0
2009-12-30,0.883,3.8729166667,0
2009-12-31,1.332,2.7640625,0
2010-01-01,1.106,1.9901041667,0
2010-01-02,0.769,0.1,0
2010-01-03,0.53,0.1,0
2010-01-04,0.356,0.1,0
2010-01-05,0.18,0.1,0
2010-01-06,0.16,0.1,0
2010-01-07,0.141,0.1,0
2010-01-08,0.141,0.1,0
2010-01-09,0.123,0.1,0
2010-01-10,0.123,0.1,0
2010-01-11,0.104,0.1,0
2010-01-12,0.104,0.1,0
2010-01-13,0.104,0.1,0
2010-01-14,0.104,0.1,0
2010-01-15,0.104,0.1,0
2010-01-16,0.086,1.1572916667,0
2010-01-17,0.086,1.9057291667,0
2010-01-18,0.086,2.5588541667,0
2010-01-19,0.086,3.3104166667,0
2010-01-20,0.255,3.1213541667,0
2010-01-21,0.395,2.7666666667,0
2010-01-22,0.326,1.68125,0
2010-01-23,0.289,0.928125,0
2010-01-24,0.16,0.1140625,0
2010-01-25,0.141,0.1,0
2010-01-26,0.123,0.1,0
2010-01-27,0.123,0.1,0
2010-01-28,0.141,0.1,0
2010-01-29,0.14,0.1,0
2010-01-30,0.123,0.24375,0
2010-01-31,0.104,0.1,0
2010-02-01,0.104,0.1,0
2010-02-02,0.086,0.6494791667,0
2010-02-03,0.335,1.7817708333,0
2010-02-04,0.155,2.6078125,0
2010-02-05,0.123,2.7755208333,0
2010-02-06,0.171,2.9442708333,0
2010-02-07,0.289,1.2270833333,0
2010-02-08,0.407,0.1,0
2010-02-09,0.449,0.1,0
2010-02-10,0.407,0.1,0
2010-02-11,0.326,0.1,0
2010-02-12,0.255,0.1,0
2010-02-13,0.16,0.1,0
2010-02-14,0.141,0.1,0
2010-02-15,0.123,0.1,0
2010-02-16,0.104,0.1,0
2010-02-17,0.104,0.3203125,0
2010-02-18,0.086,1.8135416667,0
2010-02-19,0.086,2.4671875,0
2010-02-20,0.086,3.1145833333,0
2010-02-21,0.086,3.70625,0
2010-02-22,0.068,4.3572916667,0
2010-02-23,0.569,6.1661458333,0
2010-02-24,2.292,7.9583333333,0
2010-02-25,2.381,8.2869791667,0
2010-02-26,2.805,8.546875,0
2010-02-27,1.942,8.225,0
2010-02-28,1.162,6.9421875,0
2010-03-01,1.023,5.2552083333,0
2010-03-02,0.73,3.7276041667,0
2010-03-03,0.61,2.0598958333,0
2010-03-04,0.214,0.9364583333,0
2010-03-05,0.366,0.1989583333,0
2010-03-06,0.326,0.1,0
2010-03-07,0.226,0.1,0
2010-03-08,0.202,0.1,0
2010-03-09,0.18,0.1,0
2010-03-10,0.18,0.1,0
2010-03-11,0.16,0.2958333333,0
2010-03-12,0.16,1.6786458333,0
2010-03-13,0.16,2.65625,0
2010-03-14,0.141,4.3958333333,0
2010-03-15,0.18,5.1052083333,0
2010-03-16,0.427,6.0677083333,0
2010-03-17,0.73,7.5463541667,0
2010-03-18,0.65,9.6625,0
2010-03-19,0.49,11.7635416667,0
2010-03-20,0.366,12.2442708333,0
2010-03-21,0.366,11.840625,0
2010-03-22,0.69,10.659375,0
2010-03-23,0.845,10.5302083333,0
2010-03-24,0.65,12.0473958333,0
2010-03-25,0.49,12.0651041667,0
2010-03-26,0.366,11.9947916667,0
2010-03-27,0.366,11.0901041667,0
2010-03-28,0.289,9.8682291667,0
2010-03-29,0.289,10.3854166667,0
2010-03-30,0.689,9.8697916667,0
2010-03-31,0.73,8.7916666667,0
2010-04-01,0.57,7.8822916667,0
2010-04-02,0.407,7.3442708333,0
2010-04-03,0.326,7.640625,0
2010-04-04,0.255,8.2854166667,0
2010-04-05,0.255,9.0140625,0
2010-04-06,0.202,10.2817708333,0
2010-04-07,0.202,10.91875,0
2010-04-08,0.202,11.14375,0
2010-04-09,0.16,10.5755208333,0
2010-04-10,0.16,8.378125,0
2010-04-11,0.141,7.6828125,0
2010-04-12,0.141,8.4395833333,0
2010-04-13,0.141,8.8859375,0
2010-04-14,0.123,9.8927083333,0
2010-04-15,0.123,9.6005208333,0
2010-04-16,0.104,8.7734375,0
2010-04-17,0.086,9.1541666667,0
2010-04-18,0.086,8.9421875,0
2010-04-19,0.086,9.4880208333,0
2010-04-20,0.086,8.8083333333,0
2010-04-21,0.086,7.275,0
2010-04-22,0.068,7.328125,0
2010-04-23,0.068,8.3338541667,0
2010-04-24,0.068,11.1489583333,0
2010-04-25,0.068,13.0010416667,0
2010-04-26,0.068,13.7911458333,0
2010-04-27,0.068,14.4078125,0
2010-04-28,0.068,15.2375,0
2010-04-29,0.068,15.9671875,0
2010-04-30,0.051,16.0463541667,0
2010-05-01,0.051,14.6697916667,0
2010-05-02,0.068,11.565625,0
2010-05-03,0.068,9.6640625,0
2010-05-04,0.051,8.5833333333,0
2010-05-05,0.051,7.6723958333,0
2010-05-06,0.051,7.0901041667,0
2010-05-07,0.104,7.2390625,0
2010-05-08,0.086,7.8911458333,0
2010-05-09,0.068,8.7213541667,0
2010-05-10,0.068,9.4395833333,0
2010-05-11,0.051,8.9067708333,0
2010-05-12,0.068,7.9817708333,0
2010-05-13,0.068,7.7557291667,0
2010-05-14,0.068,7.9958333333,0
2010-05-15,0.068,9.2890625,0
2010-05-16,0.051,9.8734375,0
2010-05-17,0.051,10.0567708333,0
2010-05-18,0.051,10.5239583333,0
2010-05-19,0.051,11.1713541667,0
2010-05-20,0.051,12.584375,0
2010-05-21,0.051,14.0828125,0
2010-05-22,0.051,15.4625,0
2010-05-23,0.051,16.6713541667,0
2010-05-24,0.051,17.0921875,0
2010-05-25,0.051,16.1494791667,0
2010-05-26,0.051,15.2255208333,0
2010-05-27,0.086,13.9302083333,0
2010-05-28,0.051,13.4442708333,0
2010-05-29,0.051,13.6447916667,0
2010-05-30,0.051,13.1786458333,0
2010-05-31,0.141,13.1026041667,0
2010-06-01,0.141,13.1875,0
2010-06-02,0.118,14.2598958333,0
2010-06-03,0.1,15.8348958333,0
2010-06-04,0.09,17.2432291667,0
2010-06-05,0.086,18.3208333333,0
2010-06-06,0.073,18.3140625,0
2010-06-07,0.089,18.6020833333,0
2010-06-08,0.066,18.771875,0
2010-06-09,0.059,18.9322916667,0
2010-06-10,0.058,19.934375,0
2010-06-11,0.051,18.8510416667,0
2010-06-12,0.045,17.1770833333,0
2010-06-13,0.046,16.5203125,0
2010-06-14,0.046,15.246875,0
2010-06-15,0.041,15.746875,0
2010-06-16,0.033,16.6958333333,0
2010-06-17,0.035,15.7432291667,0
2010-06-18,0.035,14.7109375,0
2010-06-19,0.035,13.534375,0
2010-06-20,0.035,12.3609375,0
2010-06-21,0.035,12.7916666667,0
2010-06-22,0.035,14.2083333333,0
2010-06-23,0.035,16.2989583333,0
2010-06-24,0.035,18.1583333333,0
2010-06-25,0.035,19.3723958333,0
2010-06-26,0.035,20.5572916667,0
2010-06-27,0.035,21.3614583333,0
2010-06-28,0.035,21.7786458333,0
2010-06-29,0.035,22.2598958333,0
2010-06-30,0.035,22.7958333333,0
2010-07-01,0.035,23.7927083333,0
2010-07-02,0.012,24.6041666667,0
2010-07-03,0.015,24.7630208333,0
2010-07-04,0.015,23.5177083333,0
2010-07-05,0.015,20.9885416667,0
2010-07-06,0.015,19.8473958333,0
2010-07-07,0.015,20.6765625,0
2010-07-08,0.015,22.6255208333,0
2010-07-09,0.015,25.5661458333,0
2010-07-10,0.015,27.1291666667,0
2010-07-11,0.015,26.7520833333,0
2010-07-12,0.015,25.7098958333,0
2010-07-13,0.015,24.5973958333,0
2010-07-14,0.015,23.2369791667,0
2010-07-15,0.015,22.9661458333,0
2010-07-16,0.035,22.0401041667,0
2010-07-17,0.05,20.3979166667,0
2010-07-18,0.035,20.5583333333,0
2010-07-19,0.035,20.8703125,0
2010-07-20,0.035,22.0526041667,0
2010-07-21,0.035,22.6369791667,0
2010-07-22,0.035,22.0109375,0
2010-07-23,0.035,20.1822916667,0
2010-07-24,0.035,18.0635416667,0
2010-07-25,0.035,17.1145833333,0
2010-07-26,0.035,16.8645833333,0
2010-07-27,0.051,17.3265625,0
2010-07-28,0.035,17.2432291667,0
2010-07-29,0.035,17.4875,0
2010-07-30,0.068,17.9015625,0
2010-07-31,0.035,18.146875,0
2010-08-01,0.035,18.7567708333,0
2010-08-02,0.035,18.7192708333,0
2010-08-03,0.035,18.0541666667,0
2010-08-04,0.035,17.1385416667,0
2010-08-05,0.051,16.865625,0
2010-08-06,0.035,17.2067708333,0
2010-08-07,0.035,17.2385416667,0
2010-08-08,0.035,17.4776041667,0
2010-08-09,0.051,18.4338541667,0
2010-08-10,0.035,18.4598958333,0
2010-08-11,0.035,18.5713541667,0
2010-08-12,0.068,18.3161458333,0
2010-08-13,0.051,17.8286458333,0
2010-08-14,0.035,17.2072916667,0
2010-08-15,0.035,16.9859375,0
2010-08-16,0.086,16.6619791667,0
2010-08-17,0.051,16.2125,0
2010-08-18,0.241,16.3375,0
2010-08-19,0.159,17.234375,0
2010-08-20,0.104,19.0677083333,0
2010-08-21,0.068,20.0838541667,0
2010-08-22,0.068,20.7802083333,0
2010-08-23,0.086,19.9145833333,0
2010-08-24,0.068,18.471875,0
2010-08-25,0.051,18.0322916667,0
2010-08-26,0.051,17.2859375,0
2010-08-27,0.104,16.1203125,0
2010-08-28,0.366,15.0588541667,0
2010-08-29,0.289,13.4078125,0
2010-08-30,0.73,12.7651041667,0
2010-08-31,0.995,12.7109375,0
2010-09-01,0.61,12.7375,0
2010-09-02,0.326,13.1692708333,0
2010-09-03,0.18,12.921875,0
2010-09-04,0.141,13.1479166667,0
2010-09-05,0.104,13.8229166667,0
2010-09-06,0.086,13.5328125,0
2010-09-07,0.086,14.1515625,0
2010-09-08,0.086,14.684375,0
2010-09-09,0.086,14.7125,0
2010-09-10,0.086,15.9479166667,0
2010-09-11,0.078,15.765625,0
2010-09-12,0.068,15.5869791667,0
2010-09-13,0.086,15.9114583333,0
2010-09-14,0.068,15.2151041667,0
2010-09-15,0.068,14.89375,0
2010-09-16,0.123,14.23125,0
2010-09-17,0.336,12.5161458333,0
2010-09-18,0.449,11.6265625,0
2010-09-19,0.326,11.9854166667,0
2010-09-20,0.226,12.5354166667,0
2010-09-21,0.16,14.2083333333,0
2010-09-22,0.123,15.803125,0
2010-09-23,0.104,15.6947916667,0
2010-09-24,0.123,15.0557291667,0
2010-09-25,0.226,13.584375,0
2010-09-26,0.255,11.4286458333,0
2010-09-27,0.226,10.6072916667,0
2010-09-28,0.289,10.49375,0
2010-09-29,0.226,10.5166666667,0
2010-09-30,0.255,11.3046875,0
2010-10-01,0.255,12.0208333333,0
2010-10-02,0.202,13.7817708333,0
2010-10-03,0.428,15.08125,0
2010-10-04,0.49,16.0630208333,0
2010-10-05,0.326,16.5760416667,0
2010-10-06,0.226,16.0276041667,0
2010-10-07,0.18,15.7270833333,0
2010-10-08,0.14,15.1364583333,0
2010-10-09,0.123,13.9911458333,0
2010-10-10,0.104,12.1854166667,0
2010-10-11,0.086,9.8572916667,0
2010-10-12,0.086,7.6442708333,0
2010-10-13,0.086,6.0463541667,0
2010-10-14,0.068,6.4020833333,0
2010-10-15,0.068,7.046875,0
2010-10-16,0.104,7.465625,0
2010-10-17,0.086,7.6619791667,0
2010-10-18,0.068,7.13125,0
2010-10-19,0.068,6.6807291667,0
2010-10-20,0.104,6.3333333333,0
2010-10-21,0.104,6.2291666667,0
2010-10-22,0.104,5.7869791667,0
2010-10-23,0.104,5.9802083333,0
2010-10-24,0.123,5.40625,0
2010-10-25,0.104,5.1041666667,0
2010-10-26,0.104,5.6744791667,0
2010-10-27,0.104,6.2598958333,0
2010-10-28,0.104,8.234375,0
2010-10-29,0.104,10.2260416667,0
2010-10-30,0.086,10.7276041667,0
2010-10-31,0.086,10.4005208333,0
2010-11-01,0.104,10.4375,0
2010-11-02,0.086,10.6067708333,0
2010-11-03,0.086,12.0661458333,0
2010-11-04,0.086,13.6125,0
2010-11-05,0.104,13.5109375,0
2010-11-06,0.226,12.0723958333,0
2010-11-07,1.237,9.4598958333,0
2010-11-08,0.921,7.6744791667,0
2010-11-09,0.7,6.7078125,0
2010-11-10,0.49,6.4697916667,0
2010-11-11,0.62,7.859375,0
2010-11-12,1.33,9.3541666667,0
2010-11-13,1.549,11.3026041667,0
2010-11-14,6.038,11.7421875,0
2010-11-15,2.294,9.8765625,0
2010-11-16,1.144,7.7640625,0
2010-11-17,0.768,5.6286458333,0
2010-11-18,0.53,5.4046875,0
2010-11-19,0.256,5.6171875,0
2010-11-20,0.18,5.4140625,0
2010-11-21,0.18,5.0265625,0
2010-11-22,0.18,4.2479166667,0
2010-11-23,0.16,4.0338541667,0
2010-11-24,0.16,3.5984375,0
2010-11-25,0.141,2.4401041667,0
2010-11-26,0.141,1.2213541667,0
2010-11-27,0.141,0.1,0
2010-11-28,0.141,0.1,0
2010-11-29,0.123,0.1,0
2010-11-30,0.123,0.1,0
2010-12-01,0.123,0.1,0
2010-12-02,0.123,0.1,0
2010-12-03,0.104,0.1,0
2010-12-04,0.104,0.1,0
2010-12-05,0.104,0.1,0
2010-12-06,0.086,0.1,0
2010-12-07,0.086,0.1,0
2010-12-08,0.086,0.1,0
2010-12-09,0.086,0.1,0
2010-12-10,0.086,2.0765625,0
2010-12-11,0.068,3.025,0
2010-12-12,1.414,1.7109375,0
2010-12-13,1.543,0.2270833333,0
2010-12-14,1.036,0.1,0
2010-12-15,0.69,0.1,0
2010-12-16,0.49,0.1,0
2010-12-17,0.407,0.1,0
2010-12-18,0.289,0.1,0
2010-12-19,0.18,0.1,0
2010-12-20,0.18,0.1,0
2010-12-21,0.16,0.1,0
2010-12-22,0.16,0.1,0
2010-12-23,0.16,0.1,0
2010-12-24,0.16,0.1,0
2010-12-25,0.16,0.1,0
2010-12-26,0.16,0.1,0
2010-12-27,0.16,0.1,0
2010-12-28,0.16,0.1,0
2010-12-29,0.16,0.1,0
2010-12-30,0.16,0.1,0
2010-12-31,0.141,0.2802083333,0
2011-01-01,0.141,0.3244791667,0
2011-01-02,0.141,0.4822916667,0
2011-01-03,0.141,0.3255208333,0
2011-01-04,0.141,0.1,0
2011-01-05,0.141,0.3130208333,0
2011-01-06,0.141,2.0328125,0
2011-01-07,1.569,5.2619791667,0
2011-01-08,3.022,7.1395833333,0
2011-01-09,4.355,5.9229166667,0
2011-01-10,3.213,4.9901041667,0
2011-01-11,1.331,3.440625,0
2011-01-12,0.921,5.090625,0
2011-01-13,2.31,7.9203125,0
2011-01-14,5.409,9.2427083333,0
2011-01-15,3.213,9.9541666667,0
2011-01-16,1.677,8.7171875,0
2011-01-17,0.94,7.6,0
2011-01-18,0.692,6.2494791667,0
2011-01-19,0.65,4.453125,0
2011-01-20,0.61,2.6885416667,0
2011-01-21,0.65,1.0046875,0
2011-01-22,0.65,0.7088541667,0
2011-01-23,0.61,1.3078125,0
2011-01-24,0.53,2.2598958333,0
2011-01-25,0.53,2.5791666667,0
2011-01-26,0.65,2.2052083333,0
2011-01-27,0.73,0.9833333333,0
2011-01-28,0.72,0.1,0
2011-01-29,0.69,0.1,0
2011-01-30,0.61,0.1,0
2011-01-31,0.57,0.1,0
2011-02-01,0.57,0.1,0
2011-02-02,0.326,0.1,0
2011-02-03,0.202,1.403125,0
2011-02-04,0.53,4.9635416667,0
2011-02-05,0.53,7.4557291667,0
2011-02-06,0.49,9.0005208333,0
2011-02-07,0.49,8.7390625,0
2011-02-08,0.191,7.1135416667,0
2011-02-09,0.18,6.3057291667,0
2011-02-10,0.104,6.5286458333,0
2011-02-11,0.317,6.6963541667,0
2011-02-12,0.659,7.2088541667,0
2011-02-13,1.248,7.2260416667,0
2011-02-14,0.912,5.965625,0
2011-02-15,0.782,5.6390625,0
2011-02-16,0.677,4.8651041667,0
2011-02-17,0.544,3.7973958333,0
2011-02-18,0.429,3.4052083333,0
2011-02-19,0.371,2.2145833333,0
2011-02-20,0.336,0.9572916667,0
2011-02-21,0.294,0.1,0
2011-02-22,0.269,0.1,0
2011-02-23,0.238,0.1,0
2011-02-24,0.123,0.6442708333,0
2011-02-25,0.104,2.73125,0
2011-02-26,0.104,4.1958333333,0
2011-02-27,0.104,4.8307291667,0
2011-02-28,0.104,4.7713541667,0
2011-03-01,0.086,4.2322916667,0
2011-03-02,0.086,3.6114583333,0
2011-03-03,0.086,3.3130208333,0
2011-03-04,0.086,2.5515625,0
2011-03-05,0.068,2.3130208333,0
2011-03-06,0.068,2.4885416667,0
2011-03-07,0.068,3.1869791667,0
2011-03-08,0.051,4.7802083333,0
2011-03-09,0.051,5.9489583333,0
2011-03-10,0.051,7.3703125,0
2011-03-11,0.051,8.3911458333,0
2011-03-12,0.051,9.353125,0
2011-03-13,0.051,10.1020833333,0
2011-03-14,0.051,10.7911458333,0
2011-03-15,0.051,10.7484375,0
2011-03-16,0.051,9.4854166667,0
2011-03-17,0.051,8.2255208333,0
2011-03-18,0.051,6.9161458333,0
2011-03-19,0.051,5.7041666667,0
2011-03-20,0.035,5.6026041667,0
2011-03-21,0.035,6.1494791667,0
2011-03-22,0.051,6.8135416667,0
2011-03-23,0.051,8.1140625,0
2011-03-24,0.051,9.1057291667,0
2011-03-25,0.051,9.1395833333,0
2011-03-26,0.051,9.1015625,0
2011-03-27,0.051,8.4447916667,0
2011-03-28,0.051,8.1453125,0
2011-03-29,0.035,8.5828125,0
2011-03-30,0.035,9.4989583333,0
2011-03-31,0.035,11.3,0
2011-04-01,0.035,13.3635416667,0
2011-04-02,0.035,13.9619791667,0
2011-04-03,0.035,13.3895833333,0
2011-04-04,0.035,12.1953125,0
2011-04-05,0.035,11.8348958333,0
2011-04-06,0.035,12.6411458333,0
2011-04-07,0.043,13.0791666667,0
2011-04-08,0.035,13.5567708333,0
2011-04-09,0.035,12.7869791667,0
2011-04-10,0.035,12.8494791667,0
2011-04-11,0.036,11.9458333333,0
2011-04-12,0.051,11.0020833333,0
2011-04-13,0.035,10.0213541667,0
2011-04-14,0.051,8.3640625,0
2011-04-15,0.035,8.6338541667,0
2011-04-16,0.035,9.6322916667,0
2011-04-17,0.035,10.6197916667,0
2011-04-18,0.035,12.3338541667,0
2011-04-19,0.035,13.6979166667,0
2011-04-20,0.035,14.953125,0
2011-04-21,0.035,16.4765625,0
2011-04-22,0.035,17.5911458333,0
2011-04-23,0.035,18.1765625,0
2011-04-24,0.035,18.0296875,0
2011-04-25,0.035,17.1338541667,0
2011-04-26,0.035,14.7838541667,0
2011-04-27,0.035,13.5802083333,0
2011-04-28,0.035,13.45,0
2011-04-29,0.035,14.1348958333,0
2011-04-30,0.035,14.8994791667,0
2011-05-01,0.035,14.3338541667,0
2011-05-02,0.035,12.6739583333,0
2011-05-03,0.035,10.2916666667,0
2011-05-04,0.035,9.696875,0
2011-05-05,0.035,11.2052083333,0
2011-05-06,0.035,14.1619791667,0
2011-05-07,0.035,17.5505208333,0
2011-05-08,0.035,19.7911458333,0
2011-05-09,0.035,20.234375,0
2011-05-10,0.035,19.3625,0
2011-05-11,0.035,17.6354166667,0
2011-05-12,0.035,15.9661458333,0
2011-05-13,0.035,14.6192708333,0
2011-05-14,0.035,12.890625,0
2011-05-15,0.035,12.3130208333,0
2011-05-16,0.035,12.5713541667,0
2011-05-17,0.035,13.3651041667,0
2011-05-18,0.035,14.91875,0
2011-05-19,0.035,16.1109375,0
2011-05-20,0.035,17.065625,0
2011-05-21,0.035,17.2348958333,0
2011-05-22,0.035,17.1833333333,0
2011-05-23,0.035,16.6161458333,0
2011-05-24,0.035,15.640625,0
2011-05-25,0.035,15.9208333333,0
2011-05-26,0.035,15.009375,0
2011-05-27,0.035,15.1192708333,0
2011-05-28,0.035,16.05,0
2011-05-29,0.035,17.2161458333,0
2011-05-30,0.035,17.4015625,0
2011-05-31,0.035,16.9505208333,0
2011-06-01,0.035,16.571875,0
2011-06-02,0.035,16.0515625,0
2011-06-03,0.035,18.515625,0
2011-06-04,0.035,20.046875,0
2011-06-05,0.035,20.7213541667,0
2011-06-06,0.202,20.2385416667,0
2011-06-07,0.147,18.0244791667,0
2011-06-08,0.123,16.7739583333,0
2011-06-09,0.123,15.603125,0
2011-06-10,0.104,14.3401041667,0
2011-06-11,0.104,14.5447916667,0
2011-06-12,0.104,15.1864583333,0
2011-06-13,0.086,16.0942708333,0
2011-06-14,0.086,17.2786458333,0
2011-06-15,0.086,17.8401041667,0
2011-06-16,0.068,17.2895833333,0
2011-06-17,0.068,16.4432291667,0
2011-06-18,0.068,15.3583333333,0
2011-06-19,0.051,14.275,0
2011-06-20,0.051,15.1296875,0
2011-06-21,0.051,15.61875,0
2011-06-22,0.051,16.0578125,0
2011-06-23,0.165,15.9869791667,0
2011-06-24,0.123,14.5786458333,0
2011-06-25,0.104,15.2161458333,0
2011-06-26,0.104,17.3713541667,0
2011-06-27,0.104,20.7770833333,0
2011-06-28,0.086,22.2953125,0
2011-06-29,0.086,21.0984375,0
2011-06-30,0.086,18.3677083333,0
2011-07-01,0.068,15.0661458333,0
2011-07-02,0.068,13.9255208333,0
2011-07-03,0.068,13.7395833333,0
2011-07-04,0.051,15.1822916667,0
2011-07-05,0.051,16.815625,0
2011-07-06,0.051,18.1166666667,0
2011-07-07,0.051,19.3692708333,0
2011-07-08,0.051,19.5421875,0
2011-07-09,0.051,19.2234375,0
2011-07-10,0.051,19.2609375,0
2011-07-11,0.051,19.8208333333,0
2011-07-12,0.051,18.7067708333,0
2011-07-13,0.051,17.6036458333,0
2011-07-14,0.051,17.0260416667,0
2011-07-15,0.051,16.3755208333,0
2011-07-16,0.051,16.88125,0
2011-07-17,0.051,17.4265625,0
2011-07-18,0.051,17.196875,0
2011-07-19,0.051,16.484375,0
2011-07-20,0.051,16.2578125,0
2011-07-21,0.051,15.9041666667,0
2011-07-22,0.104,15.1322916667,0
2011-07-23,0.086,14.2239583333,0
2011-07-24,0.068,13.9994791667,0
2011-07-25,0.289,14.2140625,0
2011-07-26,0.255,14.9651041667,0
2011-07-27,0.18,16.1119791667,0
2011-07-28,0.418,16.4541666667,0
2011-07-29,1.332,16.0619791667,0
2011-07-30,0.808,15.4291666667,0
2011-07-31,0.449,15.453125,0
2011-08-01,0.241,16.7552083333,0
2011-08-02,0.16,18.1442708333,0
2011-08-03,0.141,19.9739583333,0
2011-08-04,0.123,20.7125,0
2011-08-05,0.104,20.1234375,0
2011-08-06,0.104,19.5104166667,0
2011-08-07,0.104,17.9645833333,0
2011-08-08,0.086,16.6286458333,0
2011-08-09,0.104,15.8567708333,0
2011-08-10,0.104,16.6463541667,0
2011-08-11,0.086,17.3677083333,0
2011-08-12,0.086,18.44375,0
2011-08-13,0.104,18.784375,0
2011-08-14,0.123,17.8515625,0
2011-08-15,1.256,17.80625,0
2011-08-16,0.769,18.0942708333,0
2011-08-17,0.428,19.0317708333,0
2011-08-18,0.255,19.2479166667,0
2011-08-19,0.409,19.5578125,0
2011-08-20,0.65,20.1322916667,0
2011-08-21,0.55,19.7479166667,0
2011-08-22,0.346,20.8348958333,0
2011-08-23,0.226,21.1348958333,0
2011-08-24,0.185,20.3270833333,0
2011-08-25,0.16,20.371875,0
2011-08-26,0.16,18.65,0
2011-08-27,0.227,17.3473958333,0
2011-08-28,0.69,16.0744791667,0
2011-08-29,0.836,14.2911458333,0
2011-08-30,0.57,13.815625,0
2011-08-31,0.327,13.7125,0
2011-09-01,0.226,15.08125,0
2011-09-02,0.18,17.5416666667,0
2011-09-03,0.141,19.4796875,0
2011-09-04,0.141,19.8369791667,0
2011-09-05,0.123,19.0338541667,0
2011-09-06,0.104,17.0135416667,0
2011-09-07,0.197,15.2630208333,0
2011-09-08,0.16,15.5755208333,0
2011-09-09,0.53,17.1322916667,0
2011-09-10,0.69,17.7979166667,0
2011-09-11,0.531,18.7203125,0
2011-09-12,0.807,18.7427083333,0
2011-09-13,0.769,16.8447916667,0
2011-09-14,0.599,15.8578125,0
2011-09-15,0.421,15.1270833333,0
2011-09-16,0.312,14.9979166667,0
2011-09-17,0.258,14.559375,0
2011-09-18,0.207,14.4385416667,0
2011-09-19,0.191,14.2046875,0
2011-09-20,0.175,14.0213541667,0
2011-09-21,0.151,14.5135416667,0
2011-09-22,0.136,14.609375,0
2011-09-23,0.12,14.8192708333,0
2011-09-24,0.122,14.7567708333,0
2011-09-25,0.11,15.5270833333,0
2011-09-26,0.103,16.5588541667,0
2011-09-27,0.097,17.3208333333,0
2011-09-28,0.091,17.9416666667,0
2011-09-29,0.085,17.8338541667,0
2011-09-30,0.088,17.6067708333,0
2011-10-01,0.078,17.4010416667,0
2011-10-02,0.073,17.078125,0
2011-10-03,0.072,16.9572916667,0
2011-10-04,0.068,17.1171875,0
2011-10-05,0.062,16.334375,0
2011-10-06,0.07,14.5119791667,0
2011-10-07,0.072,12.4234375,0
2011-10-08,0.127,10.3864583333,0
2011-10-09,0.154,11.2229166667,0
2011-10-10,0.175,12.7510416667,0
2011-10-11,0.209,13.784375,0
2011-10-12,0.788,13.9453125,0
2011-10-13,1.087,11.625,0
2011-10-14,0.834,9.3796875,0
2011-10-15,0.708,8.190625,0
2011-10-16,0.495,7.9880208333,0
2011-10-17,0.363,8.3291666667,0
2011-10-18,0.28,8.6302083333,0
2011-10-19,0.242,8.0114583333,0
2011-10-20,0.22,6.8213541667,0
2011-10-21,0.175,6.0088541667,0
2011-10-22,0.154,5.8854166667,0
2011-10-23,0.15,6.6135416667,0
2011-10-24,0.132,8.2026041667,0
2011-10-25,0.138,9.3489583333,0
2011-10-26,0.13,9.846875,0
2011-10-27,0.117,10.9484375,0
2011-10-28,0.105,11.6510416667,0
2011-10-29,0.105,12.4515625,0
2011-10-30,0.095,13.0708333333,0
2011-10-31,0.09,12.7177083333,0
2011-11-01,0.087,12.2994791667,0
2011-11-02,0.094,12.2765625,0
2011-11-03,0.073,12.6666666667,0
2011-11-04,0.075,12.871875,0
2011-11-05,0.078,12.159375,0
2011-11-06,0.074,10.6166666667,0
2011-11-07,0.074,9.1645833333,0
2011-11-08,0.07,7.7494791667,0
2011-11-09,0.067,6.9614583333,0
2011-11-10,0.071,6.9838541667,0
2011-11-11,0.06,6.6640625,0
2011-11-12,0.06,6.475,0
2011-11-13,0.063,6.1171875,0
2011-11-14,0.06,4.9776041667,0
2011-11-15,0.058,4.040625,0
2011-11-16,0.051,3.5541666667,0
2011-11-17,0.054,4.4744791667,0
2011-11-18,0.059,5.9010416667,0
2011-11-19,0.058,7.3380208333,0
2011-11-20,0.055,8.1244791667,0
2011-11-21,0.061,7.6833333333,0
2011-11-22,0.055,7.3526041667,0
2011-11-23,0.052,6.9786458333,0
2011-11-24,0.055,6.2890625,0
2011-11-25,0.054,6.5151041667,0
2011-11-26,0.052,6.525,0
2011-11-27,0.054,5.6833333333,0
2011-11-28,0.059,5.746875,0
2011-11-29,0.054,5.8333333333,0
2011-11-30,0.045,6.3104166667,0
2011-12-01,0.047,7.3348958333,0
2011-12-02,0.071,7.9140625,0
2011-12-03,0.106,8.0515625,0
2011-12-04,0.199,6.8598958333,0
2011-12-05,0.302,6.0213541667,0
2011-12-06,0.376,5.715625,0
2011-12-07,0.549,5.4026041667,0
2011-12-08,0.797,5.8130208333,0
2011-12-09,0.852,5.4901041667,0
2011-12-10,0.909,4.4890625,0
2011-12-11,0.721,4.2890625,0
2011-12-12,0.536,4.4765625,0
2011-12-13,0.518,5.1822916667,0
2011-12-14,1.072,6.0911458333,0
2011-12-15,0.916,5.7666666667,0
2011-12-16,0.726,4.8161458333,0
2011-12-17,2.035,3.7416666667,0
2011-12-18,1.253,2.6666666667,0
2011-12-19,0.957,2.0010416667,0
2011-12-20,0.734,2.2994791667,0
2011-12-21,0.706,3.7161458333,0
2011-12-22,0.729,5.6145833333,0
2011-12-23,1.068,6.3786458333,0
2011-12-24,1.049,6.971875,0
2011-12-25,1.032,7.5083333333,0
2011-12-26,0.904,7.2875,0
2011-12-27,0.76,7.6645833333,0
2011-12-28,0.716,7.3088541667,0
2011-12-29,0.686,5.9567708333,0
2011-12-30,0.898,5.3166666667,0
2011-12-31,0.832,6.6104166667,0
2012-01-01,1.058,7.2015625,0
2012-01-02,1.467,7.9911458333,0
2012-01-03,1.908,8.24375,0
2012-01-04,1.111,6.96875,0
2012-01-05,0.861,6.3328125,0
2012-01-06,1.864,6.04375,0
2012-01-07,1.276,5.8864583333,0
2012-01-08,1.776,5.9515625,0
2012-01-09,1.254,6.5348958333,0
2012-01-10,1.017,7.165625,0
2012-01-11,0.847,7.6473958333,0
2012-01-12,0.736,7.0578125,0
2012-01-13,0.696,5.946875,0
2012-01-14,0.637,3.4322916667,0
2012-01-15,0.557,1.0859375,0
2012-01-16,0.455,0.1,0
2012-01-17,0.304,0.1,0
2012-01-18,0.267,1.1875,0
2012-01-19,0.262,2.4901041667,0
2012-01-20,2.324,4.2203125,0
2012-01-21,1.384,5.5484375,0
2012-01-22,2.324,5.0916666667,0
2012-01-23,1.232,4.9369791667,0
2012-01-24,0.933,3.9583333333,0
2012-01-25,0.737,2.8453125,0
2012-01-26,0.608,2.2510416667,0
2012-01-27,0.529,1.9984375,0
2012-01-28,0.306,1.54375,0
2012-01-29,0.263,1.0229166667,0
2012-01-30,0.24,0.1,0
2012-01-31,0.234,0.1,0
2012-02-01,0.221,0.1,0
2012-02-02,0.196,0.1,0
2012-02-03,0.183,0.1,0
2012-02-04,0.199,0.1,0
2012-02-05,0.162,0.1,0
2012-02-06,0.139,0.1,0
2012-02-07,0.196,0.1,0
2012-02-08,0.131,0.1,0
2012-02-09,0.121,0.1,0
2012-02-10,0.126,0.1,0
2012-02-11,0.106,0.1,0
2012-02-12,0.15,0.1,0
2012-02-13,0.145,0.1,0
2012-02-14,0.106,0.1,0
2012-02-15,0.116,2.0895833333,0
2012-02-16,0.141,3.565625,0
2012-02-17,0.147,4.6395833333,0
2012-02-18,0.278,4.4265625,0
2012-02-19,0.279,3.9223958333,0
2012-02-20,0.425,3.5286458333,0
2012-02-21,0.253,3.1802083333,0
2012-02-22,0.192,4.2328125,0
2012-02-23,0.157,6.3291666667,0
2012-02-24,0.278,7.2302083333,0
2012-02-25,0.427,7.203125,0
2012-02-26,0.458,7.065625,0
2012-02-27,0.437,6.8010416667,0
2012-02-28,0.408,7.5010416667,0
2012-02-29,0.424,8.4994791667,0
2012-03-01,0.426,9.028125,0
2012-03-02,0.436,9.0026041667,0
2012-03-03,0.395,8.5682291667,0
2012-03-04,0.338,7.7515625,0
2012-03-05,0.361,7.0328125,0
2012-03-06,0.372,5.7770833333,0
2012-03-07,0.394,4.9,0
2012-03-08,0.514,5.0244791667,0
2012-03-09,0.423,5.7317708333,0
2012-03-10,0.448,7.2041666667,0
2012-03-11,0.415,7.6317708333,0
2012-03-12,0.351,7.9895833333,0
2012-03-13,0.26,7.5796875,0
2012-03-14,0.22,7.7598958333,0
2012-03-15,0.205,9.6619791667,0
2012-03-16,0.189,10.5078125,0
2012-03-17,0.19,10.8729166667,0
2012-03-18,0.167,9.8609375,0
2012-03-19,0.164,7.8953125,0
2012-03-20,0.139,7.4109375,0
2012-03-21,0.124,8.4463541667,0
2012-03-22,0.118,10.3359375,0
2012-03-23,0.126,12.0723958333,0
2012-03-24,0.119,12.9385416667,0
2012-03-25,0.105,12.6359375,0
2012-03-26,0.095,12.0203125,0
2012-03-27,0.093,11.621875,0
2012-03-28,0.092,10.6880208333,0
2012-03-29,0.087,10.0802083333,0
2012-03-30,0.099,9.0145833333,0
2012-03-31,0.089,7.1630208333,0
2012-04-01,0.077,6.7661458333,0
2012-04-02,0.076,7.2427083333,0
2012-04-03,0.077,7.9333333333,0
2012-04-04,0.081,8.7005208333,0
2012-04-05,0.076,8.7416666667,0
2012-04-06,0.067,7.1994791667,0
2012-04-07,0.066,6.0677083333,0
2012-04-08,0.063,6.1140625,0
2012-04-09,0.07,7.0911458333,0
2012-04-10,0.127,8.4036458333,0
2012-04-11,0.116,8.9197916667,0
2012-04-12,0.101,8.5854166667,0
2012-04-13,0.111,7.6817708333,0
2012-04-14,0.115,7.1078125,0
2012-04-15,0.109,6.7098958333,0
2012-04-16,0.1,6.7119791667,0
2012-04-17,0.098,6.8911458333,0
2012-04-18,0.096,7.3921875,0
2012-04-19,0.103,8.4442708333,0
2012-04-20,0.095,8.915625,0
2012-04-21,0.095,8.7291666667,0
2012-04-22,0.113,8.5979166667,0
2012-04-23,0.117,8.5041666667,0
2012-04-24,0.107,9.1140625,0
2012-04-25,0.133,10.2046875,0
2012-04-26,0.195,11.2484375,0
2012-04-27,0.463,13.771875,0
2012-04-28,0.546,15.34375,0
2012-04-29,0.491,16.8671875,0
2012-04-30,0.461,17.7385416667,0
2012-05-01,0.377,16.4385416667,0
2012-05-02,0.29,15.4322916667,0
2012-05-03,0.273,14.6635416667,0
2012-05-04,0.218,12.8692708333,0
2012-05-05,0.198,11.60625,0
2012-05-06,0.178,10.8052083333,0
2012-05-07,0.172,10.9510416667,0
2012-05-08,0.159,12.6953125,0
2012-05-09,0.15,15.628125,0
2012-05-10,0.146,17.765625,0
2012-05-11,0.131,16.2015625,0
2012-05-12,0.127,13.9989583333,0
2012-05-13,0.115,11.8755208333,0
2012-05-14,0.115,9.5885416667,0
2012-05-15,0.117,9.2786458333,0
2012-05-16,0.123,9.8255208333,0
2012-05-17,0.12,10.1682291667,0
2012-05-18,0.112,12.1572916667,0
2012-05-19,0.108,14.6880208333,0
2012-05-20,0.097,16.8416666667,0
2012-05-21,0.093,18.3635416667,0
2012-05-22,0.088,18.8239583333,0
2012-05-23,0.082,19.6130208333,0
2012-05-24,0.235,19.8927083333,0
2012-05-25,0.188,19.6359375,0
2012-05-26,0.164,19.5765625,0
2012-05-27,0.156,19.0859375,0
2012-05-28,0.132,18.646875,0
2012-05-29,0.113,18.4354166667,0
2012-05-30,0.105,17.9510416667,0
2012-05-31,0.097,16.6802083333,0
2012-06-01,0.106,15.559375,0
2012-06-02,0.105,13.8713541667,0
2012-06-03,0.087,12.7953125,0
2012-06-04,0.12,12.1760416667,0
2012-06-05,0.13,12.2958333333,0
2012-06-06,0.106,13.9557291667,0
2012-06-07,0.113,15.1307291667,0
2012-06-08,0.105,15.7375,0
2012-06-09,0.115,15.946875,0
2012-06-10,0.105,15.1651041667,0
2012-06-11,0.091,14.8041666667,0
2012-06-12,0.126,14.4244791667,0
2012-06-13,0.108,14.2484375,0
2012-06-14,0.098,14.6619791667,0
2012-06-15,0.092,14.6057291667,0
2012-06-16,0.112,15.784375,0
2012-06-17,0.107,16.74375,0
2012-06-18,0.111,16.846875,0
2012-06-19,0.117,17.3505208333,0
2012-06-20,0.101,17.5869791667,0
2012-06-21,0.104,17.1989583333,0
2012-06-22,0.109,17.1515625,0
2012-06-23,0.102,16.5666666667,0
2012-06-24,0.095,15.6682291667,0
2012-06-25,0.114,15.515625,0
2012-06-26,0.118,15.9734375,0
2012-06-27,0.097,18.0333333333,0
2012-06-28,0.117,19.4078125,0
2012-06-29,0.092,20.3348958333,0
2012-06-30,0.099,19.9760416667,0
2012-07-01,0.097,17.9114583333,0
2012-07-02,0.084,17.5489583333,0
2012-07-03,0.082,18.1182291667,0
2012-07-04,0.079,19.4083333333,0
2012-07-05,0.078,20.7723958333,0
2012-07-06,0.355,20.8598958333,0
2012-07-07,0.235,19.8057291667,0
2012-07-08,0.182,18.9130208333,0
2012-07-09,0.282,18.2375,0
2012-07-10,0.226,17.3213541667,0
2012-07-11,0.569,16.8395833333,0
2012-07-12,0.656,16.0817708333,0
2012-07-13,0.686,15.3838541667,0
2012-07-14,0.875,15.0171875,0
2012-07-15,0.902,14.7052083333,0
2012-07-16,1.061,14.9807291667,0
2012-07-17,1.201,16.2208333333,0
2012-07-18,1.815,16.7708333333,0
2012-07-19,0.993,16.9453125,0
2012-07-20,0.67,16.3916666667,0
2012-07-21,0.467,15.0697916667,0
2012-07-22,0.269,15.6078125,0
2012-07-23,0.231,17.0125,0
2012-07-24,0.202,19.0380208333,0
2012-07-25,0.192,21.35625,0
2012-07-26,0.148,22.3932291667,0
2012-07-27,0.135,21.9697916667,0
2012-07-28,0.14,20.6666666667,0
2012-07-29,0.119,18.4807291667,0
2012-07-30,0.108,17.0020833333,0
2012-07-31,0.105,17.7645833333,0
2012-08-01,0.097,18.7,0
2012-08-02,0.086,19.4989583333,0
2012-08-03,0.089,20.1375,0
2012-08-04,0.085,19.1203125,0
2012-08-05,0.171,18.4604166667,0
2012-08-06,0.147,18.0208333333,0
2012-08-07,0.126,17.2703125,0
2012-08-08,0.111,17.2536458333,0
2012-08-09,0.099,16.5348958333,0
2012-08-10,0.096,16.4453125,0
2012-08-11,0.091,17.0755208333,0
2012-08-12,0.082,17.6796875,0
2012-08-13,0.074,19.2130208333,0
2012-08-14,0.077,21.0036458333,0
2012-08-15,0.075,21.3765625,0
2012-08-16,0.096,21.7828125,0
2012-08-17,0.117,22.8098958333,0
2012-08-18,0.093,24.0833333333,0
2012-08-19,0.098,24.928125,0
2012-08-20,0.075,25.1932291667,0
2012-08-21,0.083,23.4119791667,0
2012-08-22,0.088,20.6864583333,0
2012-08-23,0.081,19.5088541667,0
2012-08-24,0.064,18.4640625,0
2012-08-25,0.109,17.7338541667,0
2012-08-26,0.079,17.7463541667,0
2012-08-27,0.265,17.9458333333,0
2012-08-28,0.144,18.3802083333,0
2012-08-29,0.122,18.7838541667,0
2012-08-30,0.103,17.7119791667,0
2012-08-31,0.089,16.0703125,0
2012-09-01,0.115,14.3958333333,0
2012-09-02,0.092,13.7078125,0
2012-09-03,0.083,14.5682291667,0
2012-09-04,0.085,15.2182291667,0
2012-09-05,0.079,15.14375,0
2012-09-06,0.076,15.359375,0
2012-09-07,0.073,15.5901041667,0
2012-09-08,0.069,16.7151041667,0
2012-09-09,0.061,18.4786458333,0
2012-09-10,0.061,18.8953125,0
2012-09-11,0.063,17.3598958333,0
2012-09-12,0.077,15.0921875,0
2012-09-13,0.065,13.2005208333,0
2012-09-14,0.062,12.415625,0
2012-09-15,0.08,13.4635416667,0
2012-09-16,0.054,14.2536458333,0
2012-09-17,0.061,14.4395833333,0
2012-09-18,0.059,13.6072916667,0
2012-09-19,0.06,12.1744791667,0
2012-09-20,0.054,11.5109375,0
2012-09-21,0.057,10.5942708333,0
2012-09-22,0.057,10.8984375,0
2012-09-23,0.057,12.5479166667,0
2012-09-24,0.049,13.028125,0
2012-09-25,0.055,13.6255208333,0
2012-09-26,0.06,14.0177083333,0
2012-09-27,0.086,13.0984375,0
2012-09-28,0.093,12.5807291667,0
2012-09-29,0.085,11.9489583333,0
2012-09-30,0.076,11.3807291667,0
2012-10-01,0.082,11.6166666667,0
2012-10-02,0.07,12.2958333333,0
2012-10-03,0.068,12.6411458333,0
2012-10-04,0.134,13.2333333333,0
2012-10-05,0.926,12.9125,0
2012-10-06,0.907,11.634375,0
2012-10-07,0.929,10.940625,0
2012-10-08,0.714,9.8098958333,0
2012-10-09,0.48,8.1130208333,0
2012-10-10,0.269,8.1348958333,0
2012-10-11,0.205,8.740625,0
2012-10-12,0.186,8.8473958333,0
2012-10-13,0.159,9.340625,0
2012-10-14,0.196,9.1526041667,0
2012-10-15,0.16,8.4197916667,0
2012-10-16,0.155,8.9796875,0
2012-10-17,0.164,11.4932291667,0
2012-10-18,0.142,13.8869791667,0
2012-10-19,0.132,16.2171875,0
2012-10-20,0.132,17.6390625,0
2012-10-21,0.122,17.0942708333,0
2012-10-22,0.111,15.4958333333,0
2012-10-23,0.096,13.6760416667,0
2012-10-24,0.092,11.7359375,0
2012-10-25,0.096,9.2390625,0
2012-10-26,0.075,6.6432291667,0
2012-10-27,0.082,3.9463541667,0
2012-10-28,0.062,2.1515625,0
2012-10-29,0.135,2.4140625,0
2012-10-30,0.07,4.0244791667,0
2012-10-31,0.22,6.1578125,0
2012-11-01,0.169,7.3546875,0
2012-11-02,0.15,7.2994791667,0
2012-11-03,0.156,7.2078125,0
2012-11-04,0.227,6.9708333333,0
2012-11-05,0.332,6.7067708333,0
2012-11-06,0.298,7.3421875,0
2012-11-07,0.172,7.8026041667,0
2012-11-08,0.481,8.3276041667,0
2012-11-09,0.581,9.2869791667,0
2012-11-10,0.451,9.1098958333,0
2012-11-11,0.386,8.3567708333,0
2012-11-12,0.241,7.5015625,0
2012-11-13,0.19,6.0005208333,0
2012-11-14,0.178,5.0130208333,0
2012-11-15,0.154,4.3036458333,0
2012-11-16,0.147,4.3588541667,0
2012-11-17,0.14,5.3364583333,0
2012-11-18,0.138,6.3421875,0
2012-11-19,0.126,6.9005208333,0
2012-11-20,0.115,6.7442708333,0
2012-11-21,0.123,6.5869791667,0
2012-11-22,0.101,6.3932291667,0
2012-11-23,0.111,7.3447916667,0
2012-11-24,0.13,8.7234375,0
2012-11-25,0.115,8.7911458333,0
2012-11-26,0.118,8.7890625,0
2012-11-27,0.149,7.6557291667,0
2012-11-28,0.143,5.8791666667,0
2012-11-29,0.139,4.2552083333,0
2012-11-30,0.141,2.5552083333,0
2012-12-01,0.133,2.0104166667,0
2012-12-02,0.093,1.6682291667,0
2012-12-03,0.131,2.4416666667,0
2012-12-04,0.141,2.8005208333,0
2012-12-05,0.509,2.184375,0
2012-12-06,0.701,1.3604166667,0
2012-12-07,0.57,0.1,0
2012-12-08,0.43,0.1,0
2012-12-09,0.259,0.1,0
2012-12-10,0.48,0.1,0
2012-12-11,0.7,0.140625,0
2012-12-12,0.668,0.1,0
2012-12-13,0.535,0.1083333333,0
2012-12-14,0.437,2.3625,0
2012-12-15,0.85,4.4614583333,0
2012-12-16,1.146,6.5307291667,0
2012-12-17,1.185,6.8875,0
2012-12-18,1.141,5.9223958333,0
2012-12-19,1.046,4.7197916667,0
2012-12-20,0.803,4.003125,0
2012-12-21,0.699,4.2244791667,0
2012-12-22,0.638,5.8682291667,0
2012-12-23,0.989,7.9229166667,0
2012-12-24,3.814,9.3734375,0
2012-12-25,1.818,9.6651041667,0
2012-12-26,1.091,8.9270833333,0
2012-12-27,1.204,7.8973958333,0
2012-12-28,1.546,7.94375,0
2012-12-29,1.277,7.9192708333,0
2012-12-30,1.045,8.1770833333,0
2012-12-31,0.785,8.2145833333,0
2013-01-01,0.331,7.1505208333,0
2013-01-02,0.502,7.3723958333,0
2013-01-03,0.541,7.490625,0
2013-01-04,0.722,7.7380208333,0
2013-01-05,0.905,8.3072916667,0
2013-01-06,0.946,8.1192708333,0
2013-01-07,0.842,7.3583333333,0
2013-01-08,0.486,6.8765625,0
2013-01-09,0.293,6.1270833333,0
2013-01-10,0.233,3.8828125,0
2013-01-11,0.209,1.5671875,0
2013-01-12,0.232,0.1,0
2013-01-13,0.221,0.1,0
2013-01-14,0.207,0.1,0
2013-01-15,0.221,0.1,0
2013-01-16,0.288,0.1,0
2013-01-17,0.198,0.1,0
2013-01-18,0.194,0.1,0
2013-01-19,0.188,0.1,0
2013-01-20,0.176,0.1,0
2013-01-21,0.167,0.1,0
2013-01-22,0.176,0.1,0
2013-01-23,0.178,0.1,0
2013-01-24,0.154,0.1,0
2013-01-25,0.133,0.1,0
2013-01-26,0.125,0.1,0
2013-01-27,0.122,0.1260416667,0
2013-01-28,0.141,3.0265625,0
2013-01-29,0.133,6.4703125,0
2013-01-30,2.226,7.9458333333,0
2013-01-31,1.377,8.56875,0
2013-02-01,0.942,7.0135416667,0
2013-02-02,0.931,5.0739583333,0
2013-02-03,0.954,4.8484375,0
2013-02-04,0.948,4.1192708333,0
2013-02-05,1.498,3.6380208333,0
2013-02-06,1.02,3.2114583333,0
2013-02-07,0.726,1.5369791667,0
2013-02-08,0.531,0.2901041667,0
2013-02-09,0.305,0.1,0
2013-02-10,0.227,0.1,0
2013-02-11,0.245,0.1,0
2013-02-12,0.231,0.1,0
2013-02-13,0.222,0.1,0
2013-02-14,0.197,0.1,0
2013-02-15,0.19,0.46875,0
2013-02-16,0.158,1.6734375,0
2013-02-17,0.152,2.3510416667,0
2013-02-18,0.156,2.2526041667,0
2013-02-19,0.182,1.3427083333,0
2013-02-20,0.203,0.1302083333,0
2013-02-21,0.183,0.1,0
2013-02-22,0.195,0.1,0
2013-02-23,0.183,0.1,0
2013-02-24,0.138,0.1,0
2013-02-25,0.154,0.4578125,0
2013-02-26,0.211,1.7291666667,0
2013-02-27,0.219,2.4875,0
2013-02-28,0.193,2.7880208333,0
2013-03-01,0.192,2.378125,0
2013-03-02,0.166,2.3802083333,0
2013-03-03,0.151,2.8770833333,0
2013-03-04,0.151,4.1114583333,0
2013-03-05,0.156,6.1927083333,0
2013-03-06,0.156,8.2671875,0
2013-03-07,0.153,10.053125,0
2013-03-08,0.171,10.6296875,0
2013-03-09,0.165,8.6927083333,0
2013-03-10,0.189,5.6083333333,0
2013-03-11,0.175,1.6994791667,0
2013-03-12,0.364,0.1,0
2013-03-13,0.336,0.1,0
2013-03-14,0.291,0.1,0
2013-03-15,0.246,0.1,0
2013-03-16,0.213,1.159375,0
2013-03-17,0.223,2.9411458333,0
2013-03-18,0.217,4.1192708333,0
2013-03-19,0.187,3.5484375,0
2013-03-20,0.177,2.5666666667,0
2013-03-21,0.21,1.3932291667,0
2013-03-22,0.225,0.7609375,0
2013-03-23,0.246,0.3765625,0
2013-03-24,0.247,0.5057291667,0
2013-03-25,0.254,0.4260416667,0
2013-03-26,0.24,0.6239583333,0
2013-03-27,0.224,0.9286458333,0
2013-03-28,0.194,0.6859375,0
2013-03-29,0.17,0.5177083333,0
2013-03-30,0.199,0.4182291667,0
2013-03-31,0.188,0.3572916667,0
2013-04-01,0.187,1.0473958333,0
2013-04-02,0.176,1.5135416667,0
2013-04-03,0.155,2.1578125,0
2013-04-04,0.139,2.5052083333,0
2013-04-05,0.13,2.7,0
2013-04-06,0.112,3.4015625,0
2013-04-07,0.108,3.915625,0
2013-04-08,0.101,4.8161458333,0
2013-04-09,0.104,6.0744791667,0
2013-04-10,0.1,7.828125,0
2013-04-11,0.097,9.1453125,0
2013-04-12,0.11,10.4848958333,0
2013-04-13,0.13,12.5447916667,0
2013-04-14,0.116,13.821875,0
2013-04-15,0.109,15.2015625,0
2013-04-16,0.105,16.7953125,0
2013-04-17,0.104,16.6484375,0
2013-04-18,0.112,15.0828125,0
2013-04-19,0.103,13.2916666667,0
2013-04-20,0.096,11.0552083333,0
2013-04-21,0.092,10.0572916667,0
2013-04-22,0.095,10.5208333333,0
2013-04-23,0.091,12.0401041667,0
2013-04-24,0.094,14.2661458333,0
2013-04-25,0.082,14.3255208333,0
2013-04-26,0.081,12.9489583333,0
2013-04-27,0.111,10.9682291667,0
2013-04-28,0.091,8.971875,0
2013-04-29,0.08,8.35625,0
2013-04-30,0.084,9.9671875,0
2013-05-01,0.073,11.8911458333,0
2013-05-02,0.073,12.9015625,0
2013-05-03,0.075,14.025,0
2013-05-04,0.075,14.3380208333,0
2013-05-05,0.068,14.9848958333,0
2013-05-06,0.063,15.0848958333,0
2013-05-07,0.064,15.5552083333,0
2013-05-08,0.067,15.7604166667,0
2013-05-09,0.067,14.4458333333,0
2013-05-10,0.061,13.8328125,0
2013-05-11,0.063,12.3229166667,0
2013-05-12,0.062,11.3161458333,0
2013-05-13,0.098,11.1104166667,0
2013-05-14,0.103,11.5203125,0
2013-05-15,0.082,12.1953125,0
2013-05-16,0.078,11.8161458333,0
2013-05-17,0.16,11.7317708333,0
2013-05-18,0.123,12.0630208333,0
2013-05-19,0.101,11.8421875,0
2013-05-20,0.093,12.4395833333,0
2013-05-21,0.158,11.8151041667,0
2013-05-22,0.174,9.6041666667,0
2013-05-23,0.208,8.4348958333,0
2013-05-24,0.241,7.4296875,0
2013-05-25,0.284,7.4286458333,0
2013-05-26,0.243,9.1515625,0
2013-05-27,0.272,11.3078125,0
2013-05-28,0.297,11.7359375,0
2013-05-29,0.29,12.5171875,0
2013-05-30,0.496,13.1635416667,0
2013-05-31,0.313,12.2598958333,0
2013-06-01,0.315,12.9369791667,0
2013-06-02,0.283,12.7932291667,0
2013-06-03,0.204,12.2317708333,0
2013-06-04,0.18,13.6744791667,0
2013-06-05,0.184,15.4104166667,0
2013-06-06,0.168,17.6411458333,0
2013-06-07,0.162,19.234375,0
2013-06-08,0.144,18.7109375,0
2013-06-09,0.118,17.3260416667,0
2013-06-10,0.117,16.4552083333,0
2013-06-11,0.105,16.2895833333,0
2013-06-12,0.088,16.784375,0
2013-06-13,0.076,17.0119791667,0
2013-06-14,0.178,16.8302083333,0
2013-06-15,0.106,16.0973958333,0
2013-06-16,0.09,16.9005208333,0
2013-06-17,0.08,19.5505208333,0
2013-06-18,0.073,22.2078125,0
2013-06-19,0.066,23.3098958333,0
2013-06-20,0.051,22.5088541667,0
2013-06-21,1.083,20.7671875,0
2013-06-22,0.769,17.9671875,0
2013-06-23,0.506,16.3375,0
2013-06-24,0.411,15.0802083333,0
2013-06-25,0.382,13.43125,0
2013-06-26,0.307,12.6692708333,0
2013-06-27,0.284,12.1942708333,0
2013-06-28,0.258,12.6390625,0
2013-06-29,0.371,13.3651041667,0
2013-06-30,1.032,14.9026041667,0
2013-07-01,0.878,16.628125,0
2013-07-02,0.664,17.3302083333,0
2013-07-03,0.402,18.26875,0
2013-07-04,0.39,18.3958333333,0
2013-07-05,0.264,18.9057291667,0
2013-07-06,0.23,19.9557291667,0
2013-07-07,0.249,20.721875,0
2013-07-08,0.171,21.3671875,0
2013-07-09,0.168,20.7416666667,0
2013-07-10,0.153,19.0932291667,0
2013-07-11,0.12,17.3838541667,0
2013-07-12,0.124,15.9807291667,0
2013-07-13,0.11,15.54375,0
2013-07-14,0.105,16.5854166667,0
2013-07-15,0.097,18.0541666667,0
2013-07-16,0.09,19.3307291667,0
2013-07-17,0.084,20.8041666667,0
2013-07-18,0.083,21.5520833333,0
2013-07-19,0.077,21.3869791667,0
2013-07-20,0.07,22.0067708333,0
2013-07-21,0.092,22.64375,0
2013-07-22,0.048,23.2671875,0
2013-07-23,0.02,23.5088541667,0
2013-07-24,0.049,22.878125,0
2013-07-25,0.081,22.1213541667,0
2013-07-26,0.08,22.1947916667,0
2013-07-27,0.088,22.2734375,0
2013-07-28,0.059,22.0901041667,0
2013-07-29,0.048,21.1109375,0
2013-07-30,0.037,19.9447916667,0
2013-07-31,0.07,20.6703125,0
2013-08-01,0.048,22.5817708333,0
2013-08-02,0.058,23.7348958333,0
2013-08-03,0.05,23.8494791667,0
2013-08-04,0.034,23.5442708333,0
2013-08-05,0.047,21.953125,0
2013-08-06,0.019,21.0916666667,0
2013-08-07,0.031,20.1489583333,0
2013-08-08,0.055,18.8901041667,0
2013-08-09,0.046,17.828125,0
2013-08-10,0.025,17.2328125,0
2013-08-11,0.024,17.2583333333,0
2013-08-12,0.029,16.6307291667,0
2013-08-13,0.029,15.9390625,0
2013-08-14,0.053,16.0010416667,0
2013-08-15,0.036,17.0432291667,0
2013-08-16,0.029,18.5588541667,0
2013-08-17,0.03,19.8432291667,0
2013-08-18,0.039,19.7140625,0
2013-08-19,0.078,18.0359375,0
2013-08-20,0.052,16.5614583333,0
2013-08-21,0.037,16.2265625,0
2013-08-22,0.035,17.1119791667,0
2013-08-23,0.025,17.984375,0
2013-08-24,0.028,18.1598958333,0
2013-08-25,0.043,17.5947916667,0
2013-08-26,0.045,16.7807291667,0
2013-08-27,0.039,16.2526041667,0
2013-08-28,0.039,16.4333333333,0
2013-08-29,0.038,16.7171875,0
2013-08-30,0.036,16.5364583333,0
2013-08-31,0.035,16.1046875,0
2013-09-01,0.04,16.1546875,0
2013-09-02,0.013,16.1604166667,0
2013-09-03,0.01,17.2244791667,0
2013-09-04,0.016,19.6583333333,0
2013-09-05,0.016,21.2677083333,0
2013-09-06,0.016,21.4338541667,0
2013-09-07,0.011,19.75625,0
2013-09-08,0.046,17.3364583333,0
2013-09-09,0.086,14.63125,0
2013-09-10,0.076,13.3692708333,0
2013-09-11,0.224,13.2802083333,0
2013-09-12,0.219,13.5760416667,0
2013-09-13,0.172,14.1994791667,0
2013-09-14,0.118,14.4104166667,0
2013-09-15,0.143,14.1963541667,0
2013-09-16,0.107,12.8911458333,0
2013-09-17,0.216,11.978125,0
2013-09-18,0.219,11.6567708333,0
2013-09-19,0.206,11.9411458333,0
2013-09-20,0.173,12.6776041667,0
2013-09-21,0.152,13.259375,0
2013-09-22,0.133,13.9901041667,0
2013-09-23,0.106,14.2255208333,0
2013-09-24,0.105,14.7197916667,0
2013-09-25,0.086,14.6416666667,0
2013-09-26,0.082,13.5786458333,0
2013-09-27,0.077,12.7765625,0
2013-09-28,0.063,12.4114583333,0
2013-09-29,0.057,11.8942708333,0
2013-09-30,0.049,12.2697916667,0
2013-10-01,0.047,11.98125,0
2013-10-02,0.045,11.59375,0
2013-10-03,0.042,11.8822916667,0
2013-10-04,0.041,12.2932291667,0
2013-10-05,0.046,12.8494791667,0
2013-10-06,0.049,12.9234375,0
2013-10-07,0.043,13.215625,0
2013-10-08,0.041,13.0302083333,0
2013-10-09,0.036,11.7369791667,0
2013-10-10,0.058,10.175,0
2013-10-11,0.057,7.8708333333,0
2013-10-12,0.079,6.5296875,0
2013-10-13,0.057,7.3979166667,0
2013-10-14,0.058,8.45625,0
2013-10-15,0.132,9.8526041667,0
2013-10-16,0.103,10.8921875,0
2013-10-17,0.107,11.1505208333,0
2013-10-18,0.09,12.2432291667,0
2013-10-19,0.094,13.64375,0
2013-10-20,0.102,14.375,0
2013-10-21,0.116,15.903125,0
2013-10-22,0.091,16.359375,0
2013-10-23,0.168,15.8807291667,0
2013-10-24,0.189,15.7838541667,0
2013-10-25,0.224,15.628125,0
2013-10-26,0.325,15.4114583333,0
2013-10-27,0.271,15.5479166667,0
2013-10-28,0.548,14.5609375,0
2013-10-29,0.441,12.1671875,0
2013-10-30,0.523,10.2776041667,0
2013-10-31,0.405,8.921875,0
2013-11-01,0.296,9.11875,0
2013-11-02,0.25,9.371875,0
2013-11-03,0.546,9.746875,0
2013-11-04,0.718,9.1682291667,0
2013-11-05,0.748,8.81875,0
2013-11-06,0.786,9.9515625,0
2013-11-07,0.947,10.3390625,0
2013-11-08,1.08,10.9947916667,0
2013-11-09,1.177,9.8333333333,0
2013-11-10,0.869,7.4432291667,0
2013-11-11,0.722,6.2213541667,0
2013-11-12,0.573,5.1901041667,0
2013-11-13,0.473,4.7822916667,0
2013-11-14,0.36,5.146875,0
2013-11-15,0.294,3.7151041667,0
2013-11-16,0.24,2.8427083333,0
2013-11-17,0.201,3.0473958333,0
2013-11-18,0.17,2.9734375,0
2013-11-19,0.178,3.8677083333,0
2013-11-20,0.163,4.43125,0
2013-11-21,0.152,4.1807291667,0
2013-11-22,0.143,4.3473958333,0
2013-11-23,0.125,4.2010416667,0
2013-11-24,0.089,3.59375,0
2013-11-25,0.105,2.4203125,0
2013-11-26,0.089,1.3390625,0
2013-11-27,0.093,1.8114583333,0
2013-11-28,0.089,2.8713541667,0
2013-11-29,0.087,4.33125,0
2013-11-30,0.137,5.3416666667,0
2013-12-01,0.11,5.30625,0
2013-12-02,0.112,4.1401041667,0
2013-12-03,0.104,3.6463541667,0
2013-12-04,0.113,3.2442708333,0
2013-12-05,0.136,2.478125,0
2013-12-06,0.155,3.1770833333,0
2013-12-07,0.176,4.2338541667,0
2013-12-08,0.283,5.2302083333,0
2013-12-09,0.533,6.1614583333,0
2013-12-10,0.544,6.5052083333,0
2013-12-11,0.436,5.5921875,0
2013-12-12,0.348,3.9286458333,0
2013-12-13,0.224,3.2651041667,0
2013-12-14,0.242,3.4442708333,0
2013-12-15,0.212,4.3442708333,0
2013-12-16,0.175,5.6744791667,0
2013-12-17,0.165,6.7604166667,0
2013-12-18,0.15,7.0932291667,0
2013-12-19,0.158,6.4229166667,0
2013-12-20,0.253,6.0119791667,0
2013-12-21,0.252,6.1947916667,0
2013-12-22,0.228,6.5302083333,0
2013-12-23,0.422,8.55625,0
2013-12-24,0.485,9.5119791667,0
2013-12-25,0.525,8.8171875,0
2013-12-26,0.441,8.4984375,0
2013-12-27,0.356,7.4322916667,0
2013-12-28,0.298,6.303125,0
2013-12-29,0.4,5.8859375,0
2013-12-30,0.367,5.4026041667,0
2013-12-31,0.54,5.0223958333,0
2014-01-01,0.448,6.1442708333,0
2014-01-02,0.413,7.4598958333,0
2014-01-03,0.329,7.9291666667,0
2014-01-04,0.326,7.8458333333,0
2014-01-05,0.326,8.0489583333,0
2014-01-06,0.522,8.4166666667,0
2014-01-07,0.607,9.0416666667,0
2014-01-08,0.681,9.884375,0
2014-01-09,0.627,8.7994791667,0
2014-01-10,0.674,7.2416666667,0
2014-01-11,0.649,5.6052083333,0
2014-01-12,0.605,4.5307291667,0
2014-01-13,0.473,4.7395833333,0
2014-01-14,0.327,4.65,0
2014-01-15,0.306,5.4619791667,0
2014-01-16,0.305,6.0911458333,0
2014-01-17,0.266,6.1546875,0
2014-01-18,0.206,6.4697916667,0
2014-01-19,0.233,5.5958333333,0
2014-01-20,0.191,4.2208333333,0
2014-01-21,0.201,3.3078125,0
2014-01-22,0.162,2.4286458333,0
2014-01-23,0.148,2.4916666667,0
2014-01-24,0.184,2.659375,0
2014-01-25,0.168,3.1729166667,0
2014-01-26,0.191,3.7859375,0
2014-01-27,0.583,3.9760416667,0
2014-01-28,0.939,3.6114583333,0
2014-01-29,0.726,3.0229166667,0
2014-01-30,0.596,2.746875,0
2014-01-31,0.413,3.0401041667,0
2014-02-01,0.361,3.7598958333,0
2014-02-02,0.344,3.8807291667,0
2014-02-03,0.322,4.5114583333,0
2014-02-04,0.335,4.6078125,0
2014-02-05,0.293,5.5203125,0
2014-02-06,0.293,7.1114583333,0
2014-02-07,0.274,7.4270833333,0
2014-02-08,0.3,7.4385416667,0
2014-02-09,0.265,6.4708333333,0
2014-02-10,0.325,5.6802083333,0
2014-02-11,0.349,5.4041666667,0
2014-02-12,0.369,5.2177083333,0
2014-02-13,0.366,5.4583333333,0
2014-02-14,0.401,6.6208333333,0
2014-02-15,0.605,6.9552083333,0
2014-02-16,0.615,7.2442708333,0
2014-02-17,0.553,7.4088541667,0
2014-02-18,0.432,6.5875,0
2014-02-19,0.377,6.9083333333,0
2014-02-20,0.335,6.9614583333,0
2014-02-21,0.385,6.7229166667,0
2014-02-22,0.343,6.3994791667,0
2014-02-23,0.43,6.4588541667,0
2014-02-24,0.441,7.1354166667,0
2014-02-25,0.346,7.8885416667,0
2014-02-26,0.344,7.746875,0
2014-02-27,0.294,7.0901041667,0
2014-02-28,0.304,6.08125,0
2014-03-01,0.232,5.2479166667,0
2014-03-02,0.237,5.4177083333,0
2014-03-03,0.192,5.41875,0
2014-03-04,0.213,5.3088541667,0
2014-03-05,0.187,5.4505208333,0
2014-03-06,0.168,6.0088541667,0
2014-03-07,0.146,7.3229166667,0
2014-03-08,0.131,9.5197916667,0
2014-03-09,0.131,10.8989583333,0
2014-03-10,0.133,11.028125,0
2014-03-11,0.107,10.7557291667,0
2014-03-12,0.117,9.7979166667,0
2014-03-13,0.099,9.2005208333,0
2014-03-14,0.101,9.315625,0
2014-03-15,0.099,9.4182291667,0
2014-03-16,0.097,9.521875,0
2014-03-17,0.087,9.8854166667,0
2014-03-18,0.094,10.4244791667,0
2014-03-19,0.092,11.2760416667,0
2014-03-20,0.088,11.5661458333,0
2014-03-21,0.082,10.9583333333,0
2014-03-22,0.097,9.3109375,0
2014-03-23,0.118,6.6302083333,0
2014-03-24,0.099,4.7807291667,0
2014-03-25,0.098,4.028125,0
2014-03-26,0.09,5.0348958333,0
2014-03-27,0.089,7.1927083333,0
2014-03-28,0.082,9.44375,0
2014-03-29,0.08,11.6677083333,0
2014-03-30,0.079,13.028125,0
2014-03-31,0.092,13.959375,0
2014-04-01,0.085,14.4671875,0
2014-04-02,0.076,15.1114583333,0
2014-04-03,0.072,15.1817708333,0
2014-04-04,0.074,14.3328125,0
2014-04-05,0.075,13.9651041667,0
2014-04-06,0.067,14.3307291667,0
2014-04-07,0.067,13.1447916667,0
2014-04-08,0.061,12.3682291667,0
2014-04-09,0.059,12.0088541667,0
2014-04-10,0.06,10.6614583333,0
2014-04-11,0.057,10.7401041667,0
2014-04-12,0.057,10.9786458333,0
2014-04-13,0.054,10.0510416667,0
2014-04-14,0.052,8.5645833333,0
2014-04-15,0.048,8.0901041667,0
2014-04-16,0.048,8.5963541667,0
2014-04-17,0.046,8.7598958333,0
2014-04-18,0.046,10.13125,0
2014-04-19,0.044,12.1447916667,0
2014-04-20,0.047,12.1651041667,0
2014-04-21,0.053,13.0880208333,0
2014-04-22,0.042,13.6265625,0
2014-04-23,0.044,12.984375,0
2014-04-24,0.045,14.1666666667,0
2014-04-25,0.046,14.5239583333,0
2014-04-26,0.052,14.153125,0
2014-04-27,0.05,14.0005208333,0
2014-04-28,0.079,12.9546875,0
2014-04-29,0.064,12.8885416667,0
2014-04-30,0.068,13.4072916667,0
2014-05-01,0.065,12.790625,0
2014-05-02,0.059,11.8494791667,0
2014-05-03,0.053,10.5864583333,0
2014-05-04,0.055,10.2041666667,0
2014-05-05,0.045,11.1135416667,0
2014-05-06,0.045,12.0697916667,0
2014-05-07,0.209,12.8380208333,0
2014-05-08,0.091,13.2380208333,0
2014-05-09,0.142,12.4302083333,0
2014-05-10,0.127,12.1854166667,0
2014-05-11,0.28,11.9015625,0
2014-05-12,0.253,10.6994791667,0
2014-05-13,0.229,10.1317708333,0
2014-05-14,0.21,9.1369791667,0
2014-05-15,0.208,9.3796875,0
2014-05-16,0.191,10.1338541667,0
2014-05-17,0.173,11.6520833333,0
2014-05-18,0.153,14.4307291667,0
2014-05-19,0.137,16.7583333333,0
2014-05-20,0.114,18.9890625,0
2014-05-21,0.09,20.0119791667,0
2014-05-22,0.086,19.2046875,0
2014-05-23,0.116,17.6661458333,0
2014-05-24,0.085,16.4713541667,0
2014-05-25,0.078,15.7473958333,0
2014-05-26,0.076,15.48125,0
2014-05-27,0.08,15.4385416667,0
2014-05-28,0.23,14.4979166667,0
2014-05-29,0.257,13.3651041667,0
2014-05-30,0.236,13.09375,0
2014-05-31,0.188,12.9,0
2014-06-01,0.167,13.3703125,0
2014-06-02,0.138,14.3255208333,0
2014-06-03,0.128,14.8135416667,0
2014-06-04,0.112,14.5578125,0
2014-06-05,0.238,15.3817708333,0
2014-06-06,0.125,17.5161458333,0
2014-06-07,0.106,19.5098958333,0
2014-06-08,0.083,22.2473958333,0
2014-06-09,0.076,23.3661458333,0
2014-06-10,0.22,22.1479166667,0
2014-06-11,0.117,20.7510416667,0
2014-06-12,0.709,19.1213541667,0
2014-06-13,0.5,17.3,0
2014-06-14,0.313,16.6229166667,0
2014-06-15,0.224,15.7265625,0
2014-06-16,0.17,15.2265625,0
2014-06-17,0.148,15.5328125,0
2014-06-18,0.127,14.9421875,0
2014-06-19,0.11,15.0171875,0
2014-06-20,0.109,15.0239583333,0
2014-06-21,0.09,14.8255208333,0
2014-06-22,0.086,15.1765625,0
2014-06-23,0.077,15.4828125,0
2014-06-24,0.088,15.2432291667,0
2014-06-25,0.083,15.3026041667,0
2014-06-26,0.072,15.9385416667,0
2014-06-27,0.063,15.7421875,0
2014-06-28,0.092,15.7927083333,0
2014-06-29,0.071,15.3640625,0
2014-06-30,0.131,14.4927083333,0
2014-07-01,0.091,14.6614583333,0
2014-07-02,0.081,15.8458333333,0
2014-07-03,0.069,17.8338541667,0
2014-07-04,0.064,19.2520833333,0
2014-07-05,0.058,20.8723958333,0
2014-07-06,0.157,20.6671875,0
2014-07-07,0.103,18.753125,0
2014-07-08,0.07,17.084375,0
2014-07-09,0.517,16.303125,0
2014-07-10,2.073,16.4854166667,0
2014-07-11,1.488,17.3244791667,0
2014-07-12,1.057,18.4166666667,0
2014-07-13,0.711,18.0651041667,0
2014-07-14,0.498,17.8760416667,0
2014-07-15,0.353,18.7541666667,0
2014-07-16,0.246,19.8760416667,0
2014-07-17,0.204,21.98125,0
2014-07-18,0.189,24.2380208333,0
2014-07-19,0.156,24.6916666667,0
2014-07-20,0.15,24.0677083333,0
2014-07-21,0.136,23.2369791667,0
2014-07-22,0.182,21.9729166667,0
2014-07-23,0.161,21.0390625,0
2014-07-24,0.161,20.7776041667,0
2014-07-25,0.125,19.8713541667,0
2014-07-26,0.115,19.24375,0
2014-07-27,0.102,19.5151041667,0
2014-07-28,0.091,19.9484375,0
2014-07-29,0.099,20.1598958333,0
2014-07-30,0.35,20.0416666667,0
2014-07-31,0.183,20.4572916667,0
2014-08-01,0.17,20.6697916667,0
2014-08-02,0.153,20.7453125,0
2014-08-03,0.206,20.5057291667,0
2014-08-04,0.173,19.578125,0
2014-08-05,0.15,18.834375,0
2014-08-06,0.135,18.559375,0
2014-08-07,0.116,19.075,0
2014-08-08,0.114,19.4057291667,0
2014-08-09,0.108,19.5578125,0
2014-08-10,0.105,18.8880208333,0
2014-08-11,0.112,17.8385416667,0
2014-08-12,0.093,16.8005208333,0
2014-08-13,0.108,15.7515625,0
2014-08-14,0.213,15.0854166667,0
2014-08-15,0.315,14.8317708333,0
2014-08-16,0.556,14.7703125,0
2014-08-17,0.74,14.8838541667,0
2014-08-18,0.64,14.5651041667,0
2014-08-19,0.408,13.9234375,0
2014-08-20,0.301,13.4177083333,0
2014-08-21,0.354,13.2625,0
2014-08-22,0.337,13.3317708333,0
2014-08-23,0.315,13.2989583333,0
2014-08-24,0.236,13.3416666667,0
2014-08-25,0.212,13.1557291667,0
2014-08-26,0.213,13.8395833333,0
2014-08-27,0.573,15.1546875,0
2014-08-28,0.759,16.0026041667,0
2014-08-29,0.521,16.5505208333,0
2014-08-30,0.373,16.1838541667,0
2014-08-31,0.409,15.3619791667,0
2014-09-01,0.376,14.809375,0
2014-09-02,0.386,14.6411458333,0
2014-09-03,0.347,15.4598958333,0
2014-09-04,0.242,16.64375,0
2014-09-05,0.189,17.4494791667,0
2014-09-06,0.187,17.93125,0
2014-09-07,0.174,17.565625,0
2014-09-08,0.175,16.2739583333,0
2014-09-09,0.152,15.3520833333,0
2014-09-10,0.123,14.6348958333,0
2014-09-11,0.113,14.1786458333,0
2014-09-12,0.094,14.6385416667,0
2014-09-13,0.096,14.9640625,0
2014-09-14,0.091,15.4458333333,0
2014-09-15,0.082,16.5052083333,0
2014-09-16,0.086,17.1270833333,0
2014-09-17,0.069,17.9463541667,0
2014-09-18,0.065,18.6609375,0
2014-09-19,0.07,18.4994791667,0
2014-09-20,0.073,17.6671875,0
2014-09-21,0.227,15.9395833333,0
2014-09-22,0.149,13.6760416667,0
2014-09-23,0.126,12.1776041667,0
2014-09-24,0.127,11.9208333333,0
2014-09-25,0.169,12.6671875,0
2014-09-26,0.118,13.9171875,0
2014-09-27,0.126,14.9286458333,0
2014-09-28,0.116,15.6177083333,0
2014-09-29,0.108,15.8817708333,0
2014-09-30,0.115,15.9052083333,0
2014-10-01,0.101,15.6484375,0
2014-10-02,0.094,15.2505208333,0
2014-10-03,0.087,15.065625,0
2014-10-04,0.088,14.4114583333,0
2014-10-05,0.086,14.3072916667,0
2014-10-06,0.079,13.8802083333,0
2014-10-07,0.078,13.4796875,0
2014-10-08,0.126,14.0864583333,0
2014-10-09,0.29,14.1619791667,0
2014-10-10,0.409,14.3369791667,0
2014-10-11,0.45,14.1838541667,0
2014-10-12,0.316,14.3770833333,0
2014-10-13,0.261,14.1088541667,0
2014-10-14,0.23,13.7598958333,0
2014-10-15,0.184,14.0604166667,0
2014-10-16,0.146,13.7270833333,0
2014-10-17,0.181,14.2802083333,0
2014-10-18,0.16,15.5541666667,0
2014-10-19,0.146,15.4697916667,0
2014-10-20,0.139,14.4765625,0
2014-10-21,0.141,12.659375,0
2014-10-22,0.323,10.8161458333,0
2014-10-23,0.442,10.215625,0
2014-10-24,0.529,10.4473958333,0
2014-10-25,0.445,11.2682291667,0
2014-10-26,0.326,11.0479166667,0
2014-10-27,0.27,10.0588541667,0
2014-10-28,0.234,9.234375,0
2014-10-29,0.193,9.4869791667,0
2014-10-30,0.165,10.6130208333,0
2014-10-31,0.176,12.3578125,0
2014-11-01,0.157,13.6520833333,0
2014-11-02,0.14,13.9859375,0
2014-11-03,0.141,12.9677083333,0
2014-11-04,0.126,11.5453125,0
2014-11-05,0.299,9.8296875,0
2014-11-06,0.317,7.984375,0
2014-11-07,0.806,8.0119791667,0
2014-11-08,0.352,8.0427083333,0
2014-11-09,0.309,8.7223958333,0
2014-11-10,0.235,9.4854166667,0
2014-11-11,0.218,9.2958333333,0
2014-11-12,0.186,9.3979166667,0
2014-11-13,0.19,9.8541666667,0
2014-11-14,0.177,9.884375,0
2014-11-15,0.164,9.6645833333,0
2014-11-16,0.145,9.646875,0
2014-11-17,0.257,9.0072916667,0
2014-11-18,0.285,8.3416666667,0
2014-11-19,0.306,7.1760416667,0
2014-11-20,0.274,6.2703125,0
2014-11-21,0.228,6.0489583333,0
2014-11-22,0.235,6.7104166667,0
2014-11-23,0.195,7.4796875,0
2014-11-24,0.186,6.8473958333,0
2014-11-25,0.157,6.159375,0
2014-11-26,0.162,5.225,0
2014-11-27,0.156,4.8385416667,0
2014-11-28,0.133,4.9942708333,0
2014-11-29,0.139,4.5864583333,0
2014-11-30,0.128,3.9088541667,0
2014-12-01,0.105,3.1619791667,0
2014-12-02,0.113,2.5046875,0
2014-12-03,0.108,2.2911458333,0
2014-12-04,0.101,2.4427083333,0
2014-12-05,0.101,3.0177083333,0
2014-12-06,0.099,3.7453125,0
2014-12-07,0.095,3.8333333333,0
2014-12-08,0.125,3.5140625,0
2014-12-09,0.107,3.4973958333,0
2014-12-10,0.093,3.8604166667,0
2014-12-11,0.143,5.3041666667,0
2014-12-12,0.152,5.5067708333,0
2014-12-13,0.896,4.71875,0
2014-12-14,0.844,4.1182291667,0
2014-12-15,0.651,3.2333333333,0
2014-12-16,0.57,3.8734375,0
2014-12-17,0.501,6.3442708333,0
2014-12-18,0.812,7.9296875,0
2014-12-19,1.063,8.0833333333,0
2014-12-20,2.701,8.2479166667,0
2014-12-21,1.114,7.9526041667,0
2014-12-22,0.862,8.3416666667,0
2014-12-23,0.741,8.9942708333,0
2014-12-24,0.565,8.3020833333,0
2014-12-25,0.916,6.4088541667,0
2014-12-26,0.917,3.8213541667,0
2014-12-27,0.772,0.7203125,0
2014-12-28,0.582,0.1,0
2014-12-29,0.404,0.1,0
