time,flow
1996-01-01,0.352
1996-01-02,0.352
1996-01-03,0.352
1996-01-04,0.553
1996-01-05,0.588
1996-01-06,0.593
1996-01-07,0.597
1996-01-08,0.602
1996-01-09,0.607
1996-01-10,0.613
1996-01-11,0.646
1996-01-12,0.641
1996-01-13,0.636
1996-01-14,0.631
1996-01-15,0.626
1996-01-16,0.621
1996-01-17,0.617
1996-01-18,0.65
1996-01-19,0.655
1996-01-20,0.66
1996-01-21,0.665
1996-01-22,0.671
1996-01-23,0.676
1996-01-24,0.681
1996-01-25,0.686
1996-01-26,0.771
1996-01-27,0.764
1996-01-28,0.771
1996-01-29,0.771
1996-01-30,0.749
1996-01-31,0.748
1996-02-01,0.78
1996-02-02,0.794
1996-02-03,0.797
1996-02-04,0.813
1996-02-05,0.824
1996-02-06,0.786
1996-02-07,0.83
1996-02-08,0.79
1996-02-09,0.8
1996-02-10,0.811
1996-02-11,0.821
1996-02-12,0.831
1996-02-13,0.497
1996-02-14,0.317
1996-02-15,0.424
1996-02-16,0.569
1996-02-17,0.281
1996-02-18,0.155
1996-02-19,0.188
1996-02-20,0.193
1996-02-21,0.158
1996-02-22,0.141
1996-02-23,0.143
1996-02-24,0.141
1996-02-25,0.14
1996-02-26,0.138
1996-02-27,0.14
1996-02-28,0.141
1996-02-29,0.143
1996-03-01,0.137
1996-03-02,0.137
1996-03-03,0.137
1996-03-04,0.179
1996-03-05,0.222
1996-03-06,0.229
1996-03-07,0.237
1996-03-08,0.342
1996-03-09,0.412
1996-03-10,0.465
1996-03-11,0.603
1996-03-12,0.448
1996-03-13,0.441
1996-03-14,0.434
1996-03-15,0.434
1996-03-16,0.438
1996-03-17,0.442
1996-03-18,0.446
1996-03-19,0.449
1996-03-20,0.466
1996-03-21,0.457
1996-03-22,0.636
1996-03-23,0.684
1996-03-24,0.679
1996-03-25,0.674
1996-03-26,0.669
1996-03-27,0.663
1996-03-28,0.658
1996-03-29,0.653
1996-03-30,0.673
1996-03-31,0.602
1996-04-01,0.602
1996-04-02,0.607
1996-04-03,0.605
1996-04-04,0.592
1996-04-05,0.599
1996-04-06,0.653
1996-04-07,0.652
1996-04-08,0.658
1996-04-09,0.658
1996-04-10,0.664
1996-04-11,0.65
1996-04-12,0.665
1996-04-13,0.68
1996-04-14,0.711
1996-04-15,0.765
1996-04-16,0.735
1996-04-17,0.771
1996-04-18,0.762
1996-04-19,0.762
1996-04-20,0.774
1996-04-21,0.754
1996-04-22,0.744
1996-04-23,0.76
1996-04-24,0.681
1996-04-25,0.525
1996-04-26,0.446
1996-04-27,0.463
1996-04-28,0.524
1996-04-29,0.575
1996-04-30,0.546
1996-05-01,0.532
1996-05-02,0.55
1996-05-03,0.339
1996-05-04,0.131
1996-05-05,0.126
1996-05-06,0.122
1996-05-07,0.117
1996-05-08,0.133
1996-05-09,0.17
1996-05-10,0.182
1996-05-11,0.227
1996-05-12,0.291
1996-05-13,0.345
1996-05-14,0.601
1996-05-15,0.543
1996-05-16,0.52
1996-05-17,0.521
1996-05-18,0.532
1996-05-19,0.496
1996-05-20,0.31
1996-05-21,0.381
1996-05-22,0.392
1996-05-23,0.399
1996-05-24,0.316
1996-05-25,0.365
1996-05-26,0.444
1996-05-27,0.194
1996-05-28,0.146
1996-05-29,0.139
1996-05-30,0.127
1996-05-31,0.133
1996-06-01,0.144
1996-06-02,0.137
1996-06-03,0.134
1996-06-04,0.169
1996-06-05,0.275
1996-06-06,0.402
1996-06-07,0.433
1996-06-08,0.492
1996-06-09,0.5
1996-06-10,0.492
1996-06-11,0.578
1996-06-12,0.504
1996-06-13,0.475
1996-06-14,0.48
1996-06-15,0.495
1996-06-16,0.502
1996-06-17,0.51
1996-06-18,0.525
1996-06-19,0.498
1996-06-20,0.502
1996-06-21,0.423
1996-06-22,0.401
1996-06-23,0.379
1996-06-24,0.4
1996-06-25,0.461
1996-06-26,0.503
1996-06-27,0.302
1996-06-28,0.252
1996-06-29,0.22
1996-06-30,0.225
1996-07-01,0.137
1996-07-02,0.112
1996-07-03,0.112
1996-07-04,0.109
1996-07-05,0.113
1996-07-06,0.115
1996-07-07,0.117
1996-07-08,0.11
1996-07-09,0.113
1996-07-10,0.121
1996-07-11,0.107
1996-07-12,0.113
1996-07-13,0.105
1996-07-14,0.107
1996-07-15,0.108
1996-07-16,0.107
1996-07-17,0.106
1996-07-18,0.107
1996-07-19,0.107
1996-07-20,0.107
1996-07-21,0.117
1996-07-22,0.235
1996-07-23,0.232
1996-07-24,0.226
1996-07-25,0.1
1996-07-26,0.099
1996-07-27,0.096
1996-07-28,0.094
1996-07-29,0.092
1996-07-30,0.119
1996-07-31,0.12
1996-08-01,0.125
1996-08-02,0.127
1996-08-03,0.135
1996-08-04,0.132
1996-08-05,0.135
1996-08-06,0.205
1996-08-07,0.193
1996-08-08,0.165
1996-08-09,0.195
1996-08-10,0.275
1996-08-11,0.241
1996-08-12,0.136
1996-08-13,0.123
1996-08-14,0.114
1996-08-15,0.111
1996-08-16,0.117
1996-08-17,0.112
1996-08-18,0.112
1996-08-19,0.114
1996-08-20,0.113
1996-08-21,0.113
1996-08-22,0.114
1996-08-23,0.112
1996-08-24,0.113
1996-08-25,0.147
1996-08-26,0.168
1996-08-27,0.157
1996-08-28,0.156
1996-08-29,0.192
1996-08-30,0.382
1996-08-31,0.325
1996-09-01,0.26
1996-09-02,0.229
1996-09-03,0.208
1996-09-04,0.198
1996-09-05,0.191
1996-09-06,0.177
1996-09-07,0.196
1996-09-08,0.363
1996-09-09,0.445
1996-09-10,0.379
1996-09-11,0.443
1996-09-12,0.525
1996-09-13,0.188
1996-09-14,0.176
1996-09-15,0.183
1996-09-16,0.174
1996-09-17,0.264
1996-09-18,0.365
1996-09-19,0.518
1996-09-20,0.538
1996-09-21,0.552
1996-09-22,0.518
1996-09-23,0.545
1996-09-24,0.629
1996-09-25,0.249
1996-09-26,0.5
1996-09-27,0.81
1996-09-28,0.523
1996-09-29,0.508
1996-09-30,0.494
1996-10-01,0.649
1996-10-02,0.227
1996-10-03,0.232
1996-10-04,0.217
1996-10-05,0.212
1996-10-06,0.212
1996-10-07,0.214
1996-10-08,0.209
1996-10-09,0.204
1996-10-10,0.197
1996-10-11,0.341
1996-10-12,0.436
1996-10-13,0.445
1996-10-14,0.453
1996-10-15,0.462
1996-10-16,0.469
1996-10-17,0.469
1996-10-18,0.469
1996-10-19,0.524
1996-10-20,0.566
1996-10-21,0.331
1996-10-22,0.384
1996-10-23,0.304
1996-10-24,0.271
1996-10-25,0.343
1996-10-26,0.291
1996-10-27,0.268
1996-10-28,0.282
1996-10-29,0.245
1996-10-30,0.252
1996-10-31,0.26
1996-11-01,0.285
1996-11-02,0.348
1996-11-03,0.313
1996-11-04,0.288
1996-11-05,0.271
1996-11-06,0.275
1996-11-07,0.262
1996-11-08,0.25
1996-11-09,0.251
1996-11-10,0.241
1996-11-11,0.252
1996-11-12,0.251
1996-11-13,0.454
1996-11-14,0.424
1996-11-15,0.222
1996-11-16,0.219
1996-11-17,0.213
1996-11-18,0.205
1996-11-19,0.198
1996-11-20,0.19
1996-11-21,0.202
1996-11-22,0.198
1996-11-23,0.195
1996-11-24,0.192
1996-11-25,0.188
1996-11-26,0.21
1996-11-27,0.203
1996-11-28,0.211
1996-11-29,0.218
1996-11-30,0.22
1996-12-01,0.306
1996-12-02,0.318
1996-12-03,0.297
1996-12-04,0.316
1996-12-05,0.35
1996-12-06,0.344
1996-12-07,0.32
1996-12-08,0.263
1996-12-09,0.282
1996-12-10,0.272
1996-12-11,0.226
1996-12-12,0.222
1996-12-13,0.234
1996-12-14,0.204
1996-12-15,0.215
1996-12-16,0.188
1996-12-17,0.188
1996-12-18,0.188
1996-12-19,0.194
1996-12-20,0.188
1996-12-21,0.188
1996-12-22,0.188
1996-12-23,0.188
1996-12-24,0.191
1996-12-25,0.195
1996-12-26,0.199
1996-12-27,0.204
1996-12-28,0.208
1996-12-29,0.213
1996-12-30,0.217
1996-12-31,0.219
1997-01-01,0.202
1997-01-02,0.202
1997-01-03,0.202
1997-01-04,0.202
1997-01-05,0.202
1997-01-06,0.202
1997-01-07,0.198
1997-01-08,0.193
1997-01-09,0.189
1997-01-10,0.193
1997-01-11,0.173
1997-01-12,0.17
1997-01-13,0.167
1997-01-14,0.164
1997-01-15,0.159
1997-01-16,0.154
1997-01-17,0.245
1997-01-18,0.256
1997-01-19,0.226
1997-01-20,0.178
1997-01-21,0.148
1997-01-22,0.152
1997-01-23,0.151
1997-01-24,0.15
1997-01-25,0.149
1997-01-26,0.148
1997-01-27,0.147
1997-01-28,0.146
1997-01-29,0.145
1997-01-30,0.168
1997-01-31,0.202
1997-02-01,0.186
1997-02-02,0.198
1997-02-03,0.202
1997-02-04,0.198
1997-02-05,0.191
1997-02-06,0.215
1997-02-07,0.193
1997-02-08,0.18
1997-02-09,0.173
1997-02-10,0.167
1997-02-11,0.173
1997-02-12,0.166
1997-02-13,0.21
1997-02-14,0.268
1997-02-15,0.261
1997-02-16,0.21
1997-02-17,0.195
1997-02-18,0.177
1997-02-19,0.21
1997-02-20,0.205
1997-02-21,0.207
1997-02-22,0.197
1997-02-23,0.187
1997-02-24,0.18
1997-02-25,0.196
1997-02-26,0.208
1997-02-27,0.213
1997-02-28,0.211
1997-03-01,0.202
1997-03-02,0.198
1997-03-03,0.191
1997-03-04,0.176
1997-03-05,0.279
1997-03-06,0.154
1997-03-07,0.153
1997-03-08,0.154
1997-03-09,0.156
1997-03-10,0.157
1997-03-11,0.158
1997-03-12,0.16
1997-03-13,0.161
1997-03-14,0.341
1997-03-15,0.252
1997-03-16,0.239
1997-03-17,0.239
1997-03-18,0.156
1997-03-19,0.172
1997-03-20,0.176
1997-03-21,0.182
1997-03-22,0.184
1997-03-23,0.183
1997-03-24,0.18
1997-03-25,0.177
1997-03-26,0.174
1997-03-27,0.164
1997-03-28,0.169
1997-03-29,0.149
1997-03-30,0.151
1997-03-31,0.149
1997-04-01,0.144
1997-04-02,0.152
1997-04-03,0.149
1997-04-04,0.149
1997-04-05,0.155
1997-04-06,0.208
1997-04-07,0.224
1997-04-08,0.205
1997-04-09,0.193
1997-04-10,0.194
1997-04-11,0.196
1997-04-12,0.2
1997-04-13,0.194
1997-04-14,0.188
1997-04-15,0.146
1997-04-16,0.14
1997-04-17,0.14
1997-04-18,0.142
1997-04-19,0.14
1997-04-20,0.137
1997-04-21,0.18
1997-04-22,0.297
1997-04-23,0.364
1997-04-24,0.365
1997-04-25,0.481
1997-04-26,0.527
1997-04-27,0.399
1997-04-28,0.172
1997-04-29,0.163
1997-04-30,0.194
1997-05-01,0.202
1997-05-02,0.192
1997-05-03,0.182
1997-05-04,0.177
1997-05-05,0.166
1997-05-06,0.181
1997-05-07,0.216
1997-05-08,0.23
1997-05-09,0.203
1997-05-10,0.178
1997-05-11,0.17
1997-05-12,0.165
1997-05-13,0.147
1997-05-14,0.143
1997-05-15,0.14
1997-05-16,0.132
1997-05-17,0.139
1997-05-18,0.135
1997-05-19,0.144
1997-05-20,0.133
1997-05-21,0.14
1997-05-22,0.152
1997-05-23,0.169
1997-05-24,0.171
1997-05-25,0.156
1997-05-26,0.15
1997-05-27,0.143
1997-05-28,0.138
1997-05-29,0.141
1997-05-30,0.141
1997-05-31,0.137
1997-06-01,0.144
1997-06-02,0.34
1997-06-03,0.337
1997-06-04,0.336
1997-06-05,0.424
1997-06-06,0.466
1997-06-07,0.452
1997-06-08,0.456
1997-06-09,0.172
1997-06-10,0.133
1997-06-11,0.274
1997-06-12,0.321
1997-06-13,0.303
1997-06-14,0.297
1997-06-15,0.306
1997-06-16,0.306
1997-06-17,0.155
1997-06-18,0.147
1997-06-19,0.15
1997-06-20,0.145
1997-06-21,0.147
1997-06-22,0.133
1997-06-23,0.218
1997-06-24,0.151
1997-06-25,0.146
1997-06-26,0.272
1997-06-27,0.254
1997-06-28,0.251
1997-06-29,0.178
1997-06-30,0.298
1997-07-01,0.394
1997-07-02,0.362
1997-07-03,0.274
1997-07-04,0.209
1997-07-05,0.34
1997-07-06,0.371
1997-07-07,0.359
1997-07-08,0.408
1997-07-09,0.407
1997-07-10,0.459
1997-07-11,0.466
1997-07-12,0.455
1997-07-13,0.483
1997-07-14,0.525
1997-07-15,0.373
1997-07-16,0.522
1997-07-17,0.634
1997-07-18,0.542
1997-07-19,0.439
1997-07-20,0.338
1997-07-21,0.422
1997-07-22,0.443
1997-07-23,0.422
1997-07-24,0.495
1997-07-25,0.6
1997-07-26,0.485
1997-07-27,0.473
1997-07-28,0.659
1997-07-29,0.875
1997-07-30,0.489
1997-07-31,0.757
1997-08-01,0.51
1997-08-02,0.17
1997-08-03,0.164
1997-08-04,0.229
1997-08-05,0.544
1997-08-06,0.737
1997-08-07,0.745
1997-08-08,0.753
1997-08-09,0.762
1997-08-10,0.77
1997-08-11,0.778
1997-08-12,0.91
1997-08-13,0.934
1997-08-14,0.957
1997-08-15,0.958
1997-08-16,0.958
1997-08-17,0.958
1997-08-18,1.019
1997-08-19,0.961
1997-08-20,1.002
1997-08-21,0.997
1997-08-22,0.979
1997-08-23,1.016
1997-08-24,0.869
1997-08-25,0.926
1997-08-26,0.956
1997-08-27,0.792
1997-08-28,1.054
1997-08-29,0.191
1997-08-30,0.179
1997-08-31,0.384
1997-09-01,0.893
1997-09-02,0.949
1997-09-03,0.4
1997-09-04,0.814
1997-09-05,0.933
1997-09-06,0.859
1997-09-07,0.851
1997-09-08,0.59
1997-09-09,0.517
1997-09-10,0.91
1997-09-11,0.881
1997-09-12,0.862
1997-09-13,0.843
1997-09-14,0.904
1997-09-15,0.925
1997-09-16,0.947
1997-09-17,1.174
1997-09-18,1.229
1997-09-19,1.157
1997-09-20,1.175
1997-09-21,1.288
1997-09-22,1.319
1997-09-23,1.35
1997-09-24,1.051
1997-09-25,1.051
1997-09-26,1.373
1997-09-27,1.408
1997-09-28,1.443
1997-09-29,1.138
1997-09-30,1.344
1997-10-01,1.103
1997-10-02,0.498
1997-10-03,1.203
1997-10-04,1.254
1997-10-05,1.423
1997-10-06,1.422
1997-10-07,0.992
1997-10-08,0.87
1997-10-09,0.637
1997-10-10,0.454
1997-10-11,0.238
1997-10-12,0.244
1997-10-13,0.21
1997-10-14,0.202
1997-10-15,0.383
1997-10-16,0.351
1997-10-17,0.486
1997-10-18,0.585
1997-10-19,0.74
1997-10-20,0.913
1997-10-21,0.991
1997-10-22,1.033
1997-10-23,0.87
1997-10-24,0.87
1997-10-25,0.906
1997-10-26,0.929
1997-10-27,0.952
1997-10-28,0.709
1997-10-29,0.958
1997-10-30,1.016
1997-10-31,0.968
1997-11-01,0.958
1997-11-02,0.958
1997-11-03,0.958
1997-11-04,0.43
1997-11-05,0.274
1997-11-06,0.209
1997-11-07,0.112
1997-11-08,0.107
1997-11-09,0.104
1997-11-10,0.108
1997-11-11,0.121
1997-11-12,0.124
1997-11-13,0.241
1997-11-14,0.126
1997-11-15,0.122
1997-11-16,0.127
1997-11-17,0.117
1997-11-18,0.115
1997-11-19,0.149
1997-11-20,0.124
1997-11-21,0.122
1997-11-22,0.12
1997-11-23,0.118
1997-11-24,0.116
1997-11-25,0.126
1997-11-26,0.128
1997-11-27,0.13
1997-11-28,0.532
1997-11-29,0.532
1997-11-30,0.393
1997-12-01,0.413
1997-12-02,0.381
1997-12-03,0.475
1997-12-04,0.493
1997-12-05,0.497
1997-12-06,0.502
1997-12-07,0.508
1997-12-08,0.402
1997-12-09,0.457
1997-12-10,0.467
1997-12-11,0.341
1997-12-12,0.362
1997-12-13,0.489
1997-12-14,0.466
1997-12-15,0.41
1997-12-16,0.361
1997-12-17,0.314
1997-12-18,0.257
1997-12-19,0.227
1997-12-20,0.21
1997-12-21,0.201
1997-12-22,0.2
1997-12-23,0.19
1997-12-24,0.18
1997-12-25,0.227
1997-12-26,0.327
1997-12-27,0.29
1997-12-28,0.346
1997-12-29,0.417
1997-12-30,0.45
1997-12-31,0.378
1998-01-01,0.33
1998-01-02,0.225
1998-01-03,0.267
1998-01-04,0.322
1998-01-05,0.312
1998-01-06,0.268
1998-01-07,0.232
1998-01-08,0.223
1998-01-09,0.238
1998-01-10,0.207
1998-01-11,0.211
1998-01-12,0.196
1998-01-13,0.181
1998-01-14,0.176
1998-01-15,0.166
1998-01-16,0.155
1998-01-17,0.161
1998-01-18,0.157
1998-01-19,0.171
1998-01-20,0.208
1998-01-21,0.32
1998-01-22,0.326
1998-01-23,0.312
1998-01-24,0.292
1998-01-25,0.264
1998-01-26,0.236
1998-01-27,0.217
1998-01-28,0.202
1998-01-29,0.179
1998-01-30,0.173
1998-01-31,0.168
1998-02-01,0.162
1998-02-02,0.162
1998-02-03,0.158
1998-02-04,0.176
1998-02-05,0.234
1998-02-06,0.22
1998-02-07,0.156
1998-02-08,0.165
1998-02-09,0.152
1998-02-10,0.142
1998-02-11,0.136
1998-02-12,0.131
1998-02-13,0.124
1998-02-14,0.127
1998-02-15,0.129
1998-02-16,0.126
1998-02-17,0.126
1998-02-18,0.097
1998-02-19,0.12
1998-02-20,0.121
1998-02-21,0.121
1998-02-22,0.122
1998-02-23,0.123
1998-02-24,0.123
1998-02-25,0.124
1998-02-26,0.124
1998-02-27,0.122
1998-02-28,0.122
1998-03-01,0.11
1998-03-02,0.111
1998-03-03,0.101
1998-03-04,0.117
1998-03-05,0.123
1998-03-06,0.104
1998-03-07,0.323
1998-03-08,0.162
1998-03-09,0.134
1998-03-10,0.119
1998-03-11,0.106
1998-03-12,0.102
1998-03-13,0.122
1998-03-14,0.124
1998-03-15,0.118
1998-03-16,0.112
1998-03-17,0.108
1998-03-18,0.104
1998-03-19,0.102
1998-03-20,0.142
1998-03-21,0.131
1998-03-22,0.129
1998-03-23,0.126
1998-03-24,0.12
1998-03-25,0.131
1998-03-26,0.126
1998-03-27,0.12
1998-03-28,0.133
1998-03-29,0.197
1998-03-30,0.418
1998-03-31,0.406
1998-04-01,0.394
1998-04-02,0.41
1998-04-03,0.141
1998-04-04,0.131
1998-04-05,0.14
1998-04-06,0.15
1998-04-07,0.155
1998-04-08,0.156
1998-04-09,0.169
1998-04-10,0.169
1998-04-11,0.165
1998-04-12,0.154
1998-04-13,0.156
1998-04-14,0.169
1998-04-15,0.166
1998-04-16,0.172
1998-04-17,0.156
1998-04-18,0.16
1998-04-19,0.153
1998-04-20,0.155
1998-04-21,0.138
1998-04-22,0.183
1998-04-23,0.144
1998-04-24,0.216
1998-04-25,0.127
1998-04-26,0.117
1998-04-27,0.114
1998-04-28,0.111
1998-04-29,0.104
1998-04-30,0.107
1998-05-01,0.104
1998-05-02,0.109
1998-05-03,0.13
1998-05-04,0.124
1998-05-05,0.114
1998-05-06,0.11
1998-05-07,0.105
1998-05-08,0.109
1998-05-09,0.105
1998-05-10,0.115
1998-05-11,0.114
1998-05-12,0.115
1998-05-13,0.113
1998-05-14,0.114
1998-05-15,0.114
1998-05-16,0.135
1998-05-17,0.251
1998-05-18,0.321
1998-05-19,0.405
1998-05-20,0.401
1998-05-21,0.397
1998-05-22,0.409
1998-05-23,0.482
1998-05-24,0.475
1998-05-25,0.481
1998-05-26,0.489
1998-05-27,0.421
1998-05-28,0.385
1998-05-29,0.373
1998-05-30,0.234
1998-05-31,0.222
1998-06-01,0.278
1998-06-02,0.178
1998-06-03,0.132
1998-06-04,0.126
1998-06-05,0.116
1998-06-06,0.108
1998-06-07,0.101
1998-06-08,0.112
1998-06-09,0.158
1998-06-10,0.123
1998-06-11,0.126
1998-06-12,0.121
1998-06-13,0.118
1998-06-14,0.118
1998-06-15,0.112
1998-06-16,0.106
1998-06-17,0.126
1998-06-18,0.115
1998-06-19,0.109
1998-06-20,0.105
1998-06-21,0.205
1998-06-22,0.12
1998-06-23,0.118
1998-06-24,0.116
1998-06-25,0.165
1998-06-26,0.21
1998-06-27,0.155
1998-06-28,0.177
1998-06-29,0.177
1998-06-30,0.363
1998-07-01,0.48
1998-07-02,0.117
1998-07-03,0.23
1998-07-04,0.247
1998-07-05,0.461
1998-07-06,0.469
1998-07-07,0.294
1998-07-08,0.469
1998-07-09,0.423
1998-07-10,0.475
1998-07-11,0.117
1998-07-12,0.122
1998-07-13,0.121
1998-07-14,0.124
1998-07-15,0.116
1998-07-16,0.106
1998-07-17,0.102
1998-07-18,0.124
1998-07-19,0.116
1998-07-20,0.114
1998-07-21,0.124
1998-07-22,0.122
1998-07-23,0.133
1998-07-24,0.127
1998-07-25,0.255
1998-07-26,0.413
1998-07-27,0.522
1998-07-28,0.52
1998-07-29,0.425
1998-07-30,0.154
1998-07-31,0.138
1998-08-01,0.131
1998-08-02,0.398
1998-08-03,0.294
1998-08-04,0.346
1998-08-05,0.404
1998-08-06,0.443
1998-08-07,0.639
1998-08-08,0.663
1998-08-09,0.68
1998-08-10,0.671
1998-08-11,0.711
1998-08-12,0.639
1998-08-13,0.62
1998-08-14,1.324
1998-08-15,0.958
1998-08-16,0.958
1998-08-17,0.958
1998-08-18,0.632
1998-08-19,0.805
1998-08-20,0.974
1998-08-21,1.009
1998-08-22,1.058
1998-08-23,0.48
1998-08-24,0.421
1998-08-25,0.115
1998-08-26,0.138
1998-08-27,0.169
1998-08-28,0.113
1998-08-29,0.292
1998-08-30,0.631
1998-08-31,0.935
1998-09-01,0.598
1998-09-02,0.7
1998-09-03,0.721
1998-09-04,0.473
1998-09-05,0.227
1998-09-06,0.222
1998-09-07,0.117
1998-09-08,0.105
1998-09-09,0.108
1998-09-10,0.114
1998-09-11,0.107
1998-09-12,0.106
1998-09-13,0.117
1998-09-14,0.13
1998-09-15,0.358
1998-09-16,0.344
1998-09-17,0.184
1998-09-18,0.308
1998-09-19,0.148
1998-09-20,0.123
1998-09-21,0.115
1998-09-22,0.102
1998-09-23,0.116
1998-09-24,0.119
1998-09-25,0.12
1998-09-26,0.12
1998-09-27,0.12
1998-09-28,0.118
1998-09-29,0.166
1998-09-30,0.571
1998-10-01,0.557
1998-10-02,0.3
1998-10-03,0.288
1998-10-04,0.462
1998-10-05,0.52
1998-10-06,0.365
1998-10-07,0.367
1998-10-08,0.145
1998-10-09,0.12
1998-10-10,0.102
1998-10-11,0.112
1998-10-12,0.118
1998-10-13,0.123
1998-10-14,0.12
1998-10-15,0.138
1998-10-16,0.145
1998-10-17,0.128
1998-10-18,0.123
1998-10-19,0.113
1998-10-20,0.113
1998-10-21,0.119
1998-10-22,0.117
1998-10-23,0.116
1998-10-24,0.132
1998-10-25,0.224
1998-10-26,0.224
1998-10-27,0.169
1998-10-28,0.173
1998-10-29,0.199
1998-10-30,0.201
1998-10-31,0.198
1998-11-01,0.192
1998-11-02,0.318
1998-11-03,0.179
1998-11-04,0.144
1998-11-05,0.134
1998-11-06,0.123
1998-11-07,0.116
1998-11-08,0.113
1998-11-09,0.119
1998-11-10,0.211
1998-11-11,0.164
1998-11-12,0.139
1998-11-13,0.13
1998-11-14,0.124
1998-11-15,0.124
1998-11-16,0.122
1998-11-17,0.121
1998-11-18,0.119
1998-11-19,0.116
1998-11-20,0.111
1998-11-21,0.107
1998-11-22,0.099
1998-11-23,0.1
1998-11-24,0.225
1998-11-25,1.639
1998-11-26,0.134
1998-11-27,0.111
1998-11-28,0.111
1998-11-29,0.106
1998-11-30,0.107
1998-12-01,0.104
1998-12-02,0.104
1998-12-03,0.102
1998-12-04,0.122
1998-12-05,0.117
1998-12-06,0.101
1998-12-07,0.102
1998-12-08,0.101
1998-12-09,0.104
1998-12-10,0.105
1998-12-11,0.102
1998-12-12,0.102
1998-12-13,0.118
1998-12-14,0.133
1998-12-15,0.126
1998-12-16,0.12
1998-12-17,0.122
1998-12-18,0.119
1998-12-19,0.117
1998-12-20,0.111
1998-12-21,0.114
1998-12-22,0.112
1998-12-23,0.111
1998-12-24,0.11
1998-12-25,0.135
1998-12-26,0.133
1998-12-27,0.136
1998-12-28,0.134
1998-12-29,0.127
1998-12-30,0.113
1998-12-31,0.105
1999-01-01,0.104
1999-01-02,0.113
1999-01-03,0.112
1999-01-04,0.125
1999-01-05,0.122
1999-01-06,0.124
1999-01-07,0.122
1999-01-08,0.126
1999-01-09,0.129
1999-01-10,0.149
1999-01-11,0.139
1999-01-12,0.131
1999-01-13,0.125
1999-01-14,0.125
1999-01-15,2.082
1999-01-16,3.465
1999-01-17,13.074
1999-01-18,11.099
1999-01-19,5.41
1999-01-20,11.681
1999-01-21,0.44
1999-01-22,0.574
1999-01-23,0.148
1999-01-24,0.135
1999-01-25,0.123
1999-01-26,0.101
1999-01-27,0.123
1999-01-28,0.133
1999-01-29,0.151
1999-01-30,0.136
1999-01-31,0.124
1999-02-01,0.115
1999-02-02,0.113
1999-02-03,0.108
1999-02-04,0.106
1999-02-05,0.112
1999-02-06,4.671
1999-02-07,3.482
1999-02-08,5.142
1999-02-09,4.25
1999-02-10,2.252
1999-02-11,1.247
1999-02-12,1.203
1999-02-13,0.85
1999-02-14,0.507
1999-02-15,0.499
1999-02-16,0.492
1999-02-17,0.413
1999-02-18,0.428
1999-02-19,0.671
1999-02-20,8.227
1999-02-21,16.03
1999-02-22,15.684
1999-02-23,14.265
1999-02-24,10.592
1999-02-25,4.537
1999-02-26,3.434
1999-02-27,2.472
1999-02-28,2.395
1999-03-01,2.995
1999-03-02,10.117
1999-03-03,11.253
1999-03-04,15.893
1999-03-05,12.596
1999-03-06,9.307
1999-03-07,8.876
1999-03-08,8.998
1999-03-09,10.467
1999-03-10,12.789
1999-03-11,1.078
1999-03-12,1.064
1999-03-13,0.159
1999-03-14,0.154
1999-03-15,0.232
1999-03-16,0.128
1999-03-17,0.124
1999-03-18,0.127
1999-03-19,0.137
1999-03-20,0.122
1999-03-21,0.114
1999-03-22,0.118
1999-03-23,0.113
1999-03-24,0.14
1999-03-25,1.614
1999-03-26,8.313
1999-03-27,5.114
1999-03-28,3.56
1999-03-29,0.479
1999-03-30,0.127
1999-03-31,0.109
1999-04-01,0.061
1999-04-02,0.082
1999-04-03,0.107
1999-04-04,0.119
1999-04-05,0.12
1999-04-06,0.123
1999-04-07,0.118
1999-04-08,0.12
1999-04-09,0.118
1999-04-10,0.117
1999-04-11,0.115
1999-04-12,0.117
1999-04-13,0.122
1999-04-14,0.114
1999-04-15,2.033
1999-04-16,6.493
1999-04-17,6.855
1999-04-18,5.275
1999-04-19,3.725
1999-04-20,2.659
1999-04-21,1.456
1999-04-22,1.286
1999-04-23,0.859
1999-04-24,0.526
1999-04-25,0.341
1999-04-26,0.15
1999-04-27,0.09
1999-04-28,0.121
1999-04-29,0.148
1999-04-30,0.122
1999-05-01,0.064
1999-05-02,0.167
1999-05-03,0.169
1999-05-04,0.179
1999-05-05,0.232
1999-05-06,0.275
1999-05-07,0.188
1999-05-08,0.155
1999-05-09,0.292
1999-05-10,0.274
1999-05-11,0.228
1999-05-12,0.166
1999-05-13,0.233
1999-05-14,0.273
1999-05-15,0.296
1999-05-16,0.357
1999-05-17,0.367
1999-05-18,0.434
1999-05-19,0.439
1999-05-20,0.444
1999-05-21,0.449
1999-05-22,0.402
1999-05-23,0.425
1999-05-24,0.502
1999-05-25,0.53
1999-05-26,0.481
1999-05-27,0.54
1999-05-28,0.551
1999-05-29,0.596
1999-05-30,0.64
1999-05-31,0.627
1999-06-01,0.432
1999-06-02,0.866
1999-06-03,1.298
1999-06-04,1.409
1999-06-05,0.616
1999-06-06,0.29
1999-06-07,0.345
1999-06-08,0.866
1999-06-09,0.629
1999-06-10,0.633
1999-06-11,0.988
1999-06-12,0.856
1999-06-13,1.315
1999-06-14,1.22
1999-06-15,1.374
1999-06-16,1.421
1999-06-17,1.318
1999-06-18,1.051
1999-06-19,1.391
1999-06-20,1.438
1999-06-21,1.341
1999-06-22,0.983
1999-06-23,0.695
1999-06-24,1.147
1999-06-25,1.324
1999-06-26,1.372
1999-06-27,1.355
1999-06-28,1.475
1999-06-29,1.072
1999-06-30,0.86
1999-07-01,0.51
1999-07-02,0.572
1999-07-03,0.971
1999-07-04,0.999
1999-07-05,1.027
1999-07-06,1.05
1999-07-07,1.121
1999-07-08,1.147
1999-07-09,1.173
1999-07-10,1.256
1999-07-11,1.234
1999-07-12,1.212
1999-07-13,1.191
1999-07-14,0.712
1999-07-15,0.706
1999-07-16,0.996
1999-07-17,1.148
1999-07-18,1.274
1999-07-19,1.325
1999-07-20,1.171
1999-07-21,1.234
1999-07-22,1.233
1999-07-23,1.066
1999-07-24,0.854
1999-07-25,1.019
1999-07-26,1.405
1999-07-27,1.598
1999-07-28,1.046
1999-07-29,1.404
1999-07-30,1.598
1999-07-31,1.529
1999-08-01,1.554
1999-08-02,1.554
1999-08-03,1.554
1999-08-04,1.512
1999-08-05,1.388
1999-08-06,1.409
1999-08-07,1.273
1999-08-08,1.295
1999-08-09,0.856
1999-08-10,1.045
1999-08-11,1.137
1999-08-12,0.439
1999-08-13,0.997
1999-08-14,1.237
1999-08-15,0.626
1999-08-16,0.179
1999-08-17,0.635
1999-08-18,0.442
1999-08-19,0.986
1999-08-20,0.847
1999-08-21,0.733
1999-08-22,0.642
1999-08-23,0.819
1999-08-24,1.119
1999-08-25,1.152
1999-08-26,1.259
1999-08-27,0.67
1999-08-28,0.852
1999-08-29,0.884
1999-08-30,1.133
1999-08-31,1.617
1999-09-01,1.359
1999-09-02,1.356
1999-09-03,1.29
1999-09-04,1.274
1999-09-05,1.326
1999-09-06,1.29
1999-09-07,1.303
1999-09-08,1.234
1999-09-09,1.313
1999-09-10,1.432
1999-09-11,1.446
1999-09-12,1.382
1999-09-13,1.408
1999-09-14,1.433
1999-09-15,1.538
1999-09-16,1.491
1999-09-17,1.322
1999-09-18,1.354
1999-09-19,0.916
1999-09-20,1.142
1999-09-21,1.488
1999-09-22,1.537
1999-09-23,1.216
1999-09-24,0.78
1999-09-25,1.005
1999-09-26,1.511
1999-09-27,1.204
1999-09-28,1.25
1999-09-29,1.142
1999-09-30,0.708
1999-10-01,0.186
1999-10-02,0.195
1999-10-03,0.364
1999-10-04,0.243
1999-10-05,0.22
1999-10-06,0.215
1999-10-07,0.214
1999-10-08,1.233
1999-10-09,0.423
1999-10-10,0.172
1999-10-11,0.163
1999-10-12,0.095
1999-10-13,0.122
1999-10-14,0.124
1999-10-15,0.134
1999-10-16,0.197
1999-10-17,0.387
1999-10-18,0.453
1999-10-19,0.494
1999-10-20,0.505
1999-10-21,0.502
1999-10-22,0.621
1999-10-23,0.629
1999-10-24,0.638
1999-10-25,0.647
1999-10-26,0.606
1999-10-27,0.808
1999-10-28,0.488
1999-10-29,1.07
1999-10-30,0.896
1999-10-31,0.905
1999-11-01,0.95
1999-11-02,0.842
1999-11-03,0.42
1999-11-04,0.353
1999-11-05,0.624
1999-11-06,0.618
1999-11-07,0.632
1999-11-08,0.458
1999-11-09,0.24
1999-11-10,0.346
1999-11-11,0.172
1999-11-12,0.164
1999-11-13,0.343
1999-11-14,0.424
1999-11-15,0.364
1999-11-16,0.471
1999-11-17,0.474
1999-11-18,0.482
1999-11-19,0.271
1999-11-20,0.192
1999-11-21,0.247
1999-11-22,0.318
1999-11-23,0.21
1999-11-24,0.128
1999-11-25,0.119
1999-11-26,0.119
1999-11-27,0.118
1999-11-28,0.116
1999-11-29,0.111
1999-11-30,0.113
1999-12-01,0.11
1999-12-02,0.1
1999-12-03,0.111
1999-12-04,0.118
1999-12-05,0.108
1999-12-06,0.105
1999-12-07,0.108
1999-12-08,0.114
1999-12-09,0.114
1999-12-10,0.107
1999-12-11,0.105
1999-12-12,0.112
1999-12-13,0.151
1999-12-14,0.131
1999-12-15,0.117
1999-12-16,0.107
1999-12-17,0.1
1999-12-18,0.157
1999-12-19,0.136
1999-12-20,0.119
1999-12-21,0.115
1999-12-22,0.111
1999-12-23,0.128
1999-12-24,0.101
1999-12-25,0.107
1999-12-26,0.113
1999-12-27,0.138
1999-12-28,0.133
1999-12-29,0.119
1999-12-30,0.115
1999-12-31,0.112
2000-01-01,0.104
2000-01-02,0.098
2000-01-03,0.106
2000-01-04,0.106
2000-01-05,0.12
2000-01-06,0.114
2000-01-07,0.107
2000-01-08,0.108
2000-01-09,0.108
2000-01-10,0.105
2000-01-11,0.112
2000-01-12,0.106
2000-01-13,0.107
2000-01-14,0.108
2000-01-15,0.105
2000-01-16,0.105
2000-01-17,0.107
2000-01-18,0.109
2000-01-19,0.106
2000-01-20,0.118
2000-01-21,0.099
2000-01-22,0.102
2000-01-23,0.107
2000-01-24,0.107
2000-01-25,0.109
2000-01-26,0.106
2000-01-27,0.113
2000-01-28,0.106
2000-01-29,0.106
2000-01-30,0.113
2000-01-31,0.118
2000-02-01,0.115
2000-02-02,0.112
2000-02-03,0.109
2000-02-04,0.105
2000-02-05,0.109
2000-02-06,0.106
2000-02-07,0.108
2000-02-08,0.109
2000-02-09,0.117
2000-02-10,0.114
2000-02-11,0.123
2000-02-12,0.184
2000-02-13,0.14
2000-02-14,0.771
2000-02-15,0.128
2000-02-16,3.202
2000-02-17,3.955
2000-02-18,4.792
2000-02-19,6.759
2000-02-20,6.357
2000-02-21,7.816
2000-02-22,8.394
2000-02-23,5.278
2000-02-24,0.343
2000-02-25,1.615
2000-02-26,6.27
2000-02-27,6.205
2000-02-28,6.115
2000-02-29,3.302
2000-03-01,2.111
2000-03-02,0.668
2000-03-03,0.119
2000-03-04,4.418
2000-03-05,11.326
2000-03-06,2.161
2000-03-07,1.544
2000-03-08,3.457
2000-03-09,15.606
2000-03-10,15.473
2000-03-11,15.722
2000-03-12,3.458
2000-03-13,0.127
2000-03-14,0.12
2000-03-15,3.977
2000-03-16,6.252
2000-03-17,2.95
2000-03-18,2.786
2000-03-19,2.845
2000-03-20,2.521
2000-03-21,0.087
2000-03-22,0.111
2000-03-23,0.114
2000-03-24,0.111
2000-03-25,0.119
2000-03-26,0.116
2000-03-27,0.118
2000-03-28,0.713
2000-03-29,2.802
2000-03-30,0.924
2000-03-31,0.347
2000-04-01,0.115
2000-04-02,0.115
2000-04-03,0.115
2000-04-04,0.115
2000-04-05,0.115
2000-04-06,0.111
2000-04-07,0.117
2000-04-08,0.116
2000-04-09,0.119
2000-04-10,0.123
2000-04-11,0.121
2000-04-12,0.148
2000-04-13,0.117
2000-04-14,0.175
2000-04-15,0.14
2000-04-16,0.14
2000-04-17,0.139
2000-04-18,0.188
2000-04-19,0.419
2000-04-20,0.428
2000-04-21,0.425
2000-04-22,0.443
2000-04-23,0.507
2000-04-24,0.505
2000-04-25,0.131
2000-04-26,0.404
2000-04-27,0.42
2000-04-28,0.498
2000-04-29,0.484
2000-04-30,0.473
2000-05-01,0.413
2000-05-02,0.542
2000-05-03,0.652
2000-05-04,0.507
2000-05-05,0.499
2000-05-06,0.492
2000-05-07,0.518
2000-05-08,0.546
2000-05-09,0.562
2000-05-10,0.574
2000-05-11,0.604
2000-05-12,0.382
2000-05-13,0.555
2000-05-14,0.537
2000-05-15,0.637
2000-05-16,0.735
2000-05-17,0.765
2000-05-18,0.711
2000-05-19,0.632
2000-05-20,0.704
2000-05-21,0.476
2000-05-22,0.715
2000-05-23,0.312
2000-05-24,0.711
2000-05-25,0.459
2000-05-26,0.228
2000-05-27,0.417
2000-05-28,0.428
2000-05-29,0.6
2000-05-30,0.648
2000-05-31,0.544
2000-06-01,0.649
2000-06-02,0.867
2000-06-03,0.81
2000-06-04,0.823
2000-06-05,0.165
2000-06-06,0.461
2000-06-07,0.249
2000-06-08,0.328
2000-06-09,0.669
2000-06-10,0.753
2000-06-11,0.822
2000-06-12,0.828
2000-06-13,0.845
2000-06-14,0.866
2000-06-15,0.887
2000-06-16,0.822
2000-06-17,0.79
2000-06-18,0.818
2000-06-19,1.004
2000-06-20,0.847
2000-06-21,0.984
2000-06-22,1.033
2000-06-23,1.048
2000-06-24,1.031
2000-06-25,1.084
2000-06-26,0.707
2000-06-27,0.48
2000-06-28,0.672
2000-06-29,0.844
2000-06-30,0.869
2000-07-01,0.893
2000-07-02,0.709
2000-07-03,0.94
2000-07-04,0.315
2000-07-05,0.118
2000-07-06,0.122
2000-07-07,0.112
2000-07-08,0.572
2000-07-09,0.141
2000-07-10,0.118
2000-07-11,0.115
2000-07-12,0.118
2000-07-13,0.112
2000-07-14,0.113
2000-07-15,0.114
2000-07-16,0.113
2000-07-17,0.118
2000-07-18,0.117
2000-07-19,0.112
2000-07-20,0.112
2000-07-21,0.108
2000-07-22,0.121
2000-07-23,0.299
2000-07-24,0.387
2000-07-25,0.135
2000-07-26,0.123
2000-07-27,0.118
2000-07-28,0.136
2000-07-29,0.121
2000-07-30,0.125
2000-07-31,0.119
2000-08-01,0.109
2000-08-02,0.112
2000-08-03,0.127
2000-08-04,0.196
2000-08-05,0.297
2000-08-06,0.479
2000-08-07,0.489
2000-08-08,0.399
2000-08-09,0.388
2000-08-10,0.48
2000-08-11,0.525
2000-08-12,0.604
2000-08-13,0.698
2000-08-14,0.714
2000-08-15,0.73
2000-08-16,0.463
2000-08-17,0.633
2000-08-18,0.393
2000-08-19,1.076
2000-08-20,0.551
2000-08-21,0.536
2000-08-22,0.146
2000-08-23,0.181
2000-08-24,0.177
2000-08-25,0.706
2000-08-26,0.573
2000-08-27,0.641
2000-08-28,0.112
2000-08-29,0.116
2000-08-30,0.117
2000-08-31,0.119
2000-09-01,0.144
2000-09-02,0.15
2000-09-03,0.154
2000-09-04,0.16
2000-09-05,0.111
2000-09-06,0.114
2000-09-07,0.13
2000-09-08,0.121
2000-09-09,0.119
2000-09-10,0.116
2000-09-11,0.171
2000-09-12,0.164
2000-09-13,0.166
2000-09-14,0.141
2000-09-15,0.168
2000-09-16,0.237
2000-09-17,0.255
2000-09-18,0.239
2000-09-19,0.117
2000-09-20,0.256
2000-09-21,0.246
2000-09-22,0.123
2000-09-23,0.121
2000-09-24,0.119
2000-09-25,0.117
2000-09-26,0.119
2000-09-27,0.117
2000-09-28,0.115
2000-09-29,0.123
2000-09-30,0.128
2000-10-01,0.186
2000-10-02,0.238
2000-10-03,0.128
2000-10-04,0.126
2000-10-05,0.122
2000-10-06,0.126
2000-10-07,0.124
2000-10-08,0.121
2000-10-09,0.129
2000-10-10,0.131
2000-10-11,0.136
2000-10-12,0.135
2000-10-13,0.131
2000-10-14,0.13
2000-10-15,0.131
2000-10-16,0.129
2000-10-17,0.127
2000-10-18,0.238
2000-10-19,0.136
2000-10-20,0.136
2000-10-21,0.136
2000-10-22,0.136
2000-10-23,0.138
2000-10-24,0.139
2000-10-25,0.147
2000-10-26,0.155
2000-10-27,0.12
2000-10-28,0.121
2000-10-29,0.136
2000-10-30,0.131
2000-10-31,0.102
2000-11-01,0.089
2000-11-02,0.121
2000-11-03,0.119
2000-11-04,0.116
2000-11-05,0.214
2000-11-06,0.204
2000-11-07,0.209
2000-11-08,1.001
2000-11-09,1.491
2000-11-10,0.428
2000-11-11,0.301
2000-11-12,0.291
2000-11-13,0.3
2000-11-14,0.089
2000-11-15,0.121
2000-11-16,0.123
2000-11-17,0.13
2000-11-18,0.13
2000-11-19,0.127
2000-11-20,0.142
2000-11-21,0.144
2000-11-22,0.139
2000-11-23,0.157
2000-11-24,0.153
2000-11-25,2.618
2000-11-26,2.7
2000-11-27,2.645
2000-11-28,0.403
2000-11-29,1.319
2000-11-30,1.335
2000-12-01,1.862
2000-12-02,3.156
2000-12-03,2.099
2000-12-04,0.857
2000-12-05,0.568
2000-12-06,0.195
2000-12-07,0.116
2000-12-08,0.128
2000-12-09,0.089
2000-12-10,0.085
2000-12-11,0.087
2000-12-12,2.554
2000-12-13,9.786
2000-12-14,8.822
2000-12-15,1.715
2000-12-16,6.208
2000-12-17,6.759
2000-12-18,1.818
2000-12-19,1.327
2000-12-20,2.532
2000-12-21,1.712
2000-12-22,1.717
2000-12-23,0.813
2000-12-24,0.761
2000-12-25,0.738
2000-12-26,0.16
2000-12-27,0.113
2000-12-28,0.11
2000-12-29,0.107
2000-12-30,0.316
2000-12-31,0.33
2001-01-01,0.283
2001-01-02,0.135
2001-01-03,0.138
2001-01-04,0.107
2001-01-05,0.677
2001-01-06,3.162
2001-01-07,11.149
2001-01-08,11.712
2001-01-09,3.576
2001-01-10,4.499
2001-01-11,2.297
2001-01-12,2.944
2001-01-13,1.404
2001-01-14,1.505
2001-01-15,1.357
2001-01-16,1.436
2001-01-17,1.386
2001-01-18,0.48
2001-01-19,0.496
2001-01-20,0.503
2001-01-21,0.283
2001-01-22,0.283
2001-01-23,0.845
2001-01-24,0.881
2001-01-25,5.551
2001-01-26,5.448
2001-01-27,7.033
2001-01-28,7.106
2001-01-29,3.612
2001-01-30,0.988
2001-01-31,0.338
2001-02-01,0.174
2001-02-02,0.132
2001-02-03,0.136
2001-02-04,0.117
2001-02-05,0.173
2001-02-06,0.149
2001-02-07,2.848
2001-02-08,2.917
2001-02-09,3.031
2001-02-10,3.103
2001-02-11,3.125
2001-02-12,3.125
2001-02-13,0.125
2001-02-14,0.123
2001-02-15,0.121
2001-02-16,0.119
2001-02-17,0.118
2001-02-18,0.117
2001-02-19,0.116
2001-02-20,0.114
2001-02-21,0.111
2001-02-22,0.667
2001-02-23,0.66
2001-02-24,0.654
2001-02-25,0.657
2001-02-26,0.651
2001-02-27,0.651
2001-02-28,0.199
2001-03-01,0.104
2001-03-02,0.098
2001-03-03,0.099
2001-03-04,0.1
2001-03-05,0.101
2001-03-06,0.102
2001-03-07,0.103
2001-03-08,0.104
2001-03-09,0.108
2001-03-10,0.105
2001-03-11,0.106
2001-03-12,0.113
2001-03-13,0.117
2001-03-14,0.12
2001-03-15,0.118
2001-03-16,0.116
2001-03-17,0.111
2001-03-18,0.111
2001-03-19,0.111
2001-03-20,0.113
2001-03-21,0.497
2001-03-22,2.666
2001-03-23,2.298
2001-03-24,2.403
2001-03-25,3.986
2001-03-26,7.663
2001-03-27,1.312
2001-03-28,0.119
2001-03-29,0.118
2001-03-30,0.123
2001-03-31,0.117
2001-04-01,0.109
2001-04-02,0.106
2001-04-03,0.105
2001-04-04,0.106
2001-04-05,0.107
2001-04-06,0.105
2001-04-07,0.098
2001-04-08,0.102
2001-04-09,0.1
2001-04-10,0.103
2001-04-11,0.108
2001-04-12,0.105
2001-04-13,0.108
2001-04-14,0.108
2001-04-15,0.114
2001-04-16,0.135
2001-04-17,3.812
2001-04-18,4.949
2001-04-19,4.981
2001-04-20,4.199
2001-04-21,3.827
2001-04-22,3.233
2001-04-23,2.581
2001-04-24,1.843
2001-04-25,1.366
2001-04-26,1.442
2001-04-27,1.699
2001-04-28,1.907
2001-04-29,2.776
2001-04-30,3.404
2001-05-01,3.381
2001-05-02,2.42
2001-05-03,1.727
2001-05-04,1.36
2001-05-05,0.892
2001-05-06,0.436
2001-05-07,0.269
2001-05-08,0.129
2001-05-09,0.097
2001-05-10,0.208
2001-05-11,0.104
2001-05-12,0.094
2001-05-13,0.123
2001-05-14,0.182
2001-05-15,0.36
2001-05-16,0.14
2001-05-17,0.118
2001-05-18,0.112
2001-05-19,0.115
2001-05-20,0.115
2001-05-21,0.116
2001-05-22,0.374
2001-05-23,0.362
2001-05-24,0.388
2001-05-25,0.376
2001-05-26,0.425
2001-05-27,0.439
2001-05-28,0.45
2001-05-29,0.462
2001-05-30,0.411
2001-05-31,0.521
2001-06-01,0.467
2001-06-02,0.5
2001-06-03,0.102
2001-06-04,0.102
2001-06-05,0.135
2001-06-06,0.39
2001-06-07,0.398
2001-06-08,0.371
2001-06-09,0.378
2001-06-10,0.362
2001-06-11,0.364
2001-06-12,0.112
2001-06-13,0.344
2001-06-14,0.773
2001-06-15,0.744
2001-06-16,0.639
2001-06-17,0.622
2001-06-18,0.134
2001-06-19,0.123
2001-06-20,0.133
2001-06-21,0.144
2001-06-22,0.213
2001-06-23,0.209
2001-06-24,0.315
2001-06-25,0.427
2001-06-26,0.514
2001-06-27,0.515
2001-06-28,0.543
2001-06-29,0.122
2001-06-30,0.463
2001-07-01,0.524
2001-07-02,0.118
2001-07-03,0.497
2001-07-04,0.573
2001-07-05,0.499
2001-07-06,0.564
2001-07-07,0.582
2001-07-08,0.6
2001-07-09,0.631
2001-07-10,0.315
2001-07-11,0.57
2001-07-12,0.139
2001-07-13,0.808
2001-07-14,0.666
2001-07-15,0.681
2001-07-16,0.656
2001-07-17,0.41
2001-07-18,0.634
2001-07-19,0.52
2001-07-20,0.121
2001-07-21,0.119
2001-07-22,0.117
2001-07-23,0.356
2001-07-24,0.507
2001-07-25,0.692
2001-07-26,0.704
2001-07-27,0.715
2001-07-28,0.726
2001-07-29,0.882
2001-07-30,0.836
2001-07-31,0.872
2001-08-01,0.749
2001-08-02,0.863
2001-08-03,0.999
2001-08-04,0.734
2001-08-05,0.625
2001-08-06,0.637
2001-08-07,0.517
2001-08-08,0.516
2001-08-09,0.268
2001-08-10,0.298
2001-08-11,0.387
2001-08-12,0.593
2001-08-13,0.606
2001-08-14,0.631
2001-08-15,0.736
2001-08-16,0.744
2001-08-17,0.753
2001-08-18,0.761
2001-08-19,0.77
2001-08-20,0.778
2001-08-21,0.784
2001-08-22,0.784
2001-08-23,0.782
2001-08-24,0.801
2001-08-25,0.783
2001-08-26,0.782
2001-08-27,0.808
2001-08-28,0.846
2001-08-29,0.907
2001-08-30,0.927
2001-08-31,0.946
2001-09-01,0.901
2001-09-02,0.937
2001-09-03,0.907
2001-09-04,0.412
2001-09-05,0.132
2001-09-06,0.135
2001-09-07,0.135
2001-09-08,0.14
2001-09-09,0.146
2001-09-10,0.14
2001-09-11,0.129
2001-09-12,0.123
2001-09-13,0.126
2001-09-14,0.128
2001-09-15,0.121
2001-09-16,0.122
2001-09-17,0.124
2001-09-18,0.128
2001-09-19,0.129
2001-09-20,0.132
2001-09-21,0.19
2001-09-22,0.143
2001-09-23,0.135
2001-09-24,0.128
2001-09-25,0.17
2001-09-26,0.164
2001-09-27,0.136
2001-09-28,0.134
2001-09-29,0.132
2001-09-30,0.132
2001-10-01,0.121
2001-10-02,0.132
2001-10-03,0.143
2001-10-04,0.141
2001-10-05,0.14
2001-10-06,0.135
2001-10-07,0.143
2001-10-08,0.133
2001-10-09,0.217
2001-10-10,0.208
2001-10-11,0.194
2001-10-12,0.252
2001-10-13,0.378
2001-10-14,0.389
2001-10-15,0.441
2001-10-16,0.445
2001-10-17,0.435
2001-10-18,0.422
2001-10-19,0.516
2001-10-20,0.551
2001-10-21,0.541
2001-10-22,0.545
2001-10-23,0.549
2001-10-24,0.547
2001-10-25,0.497
2001-10-26,0.404
2001-10-27,0.476
2001-10-28,0.485
2001-10-29,0.496
2001-10-30,0.497
2001-10-31,0.496
2001-11-01,0.456
2001-11-02,0.495
2001-11-03,0.505
2001-11-04,0.516
2001-11-05,0.528
2001-11-06,0.42
2001-11-07,0.424
2001-11-08,0.428
2001-11-09,3.691
2001-11-10,3.749
2001-11-11,3.531
2001-11-12,3.482
2001-11-13,3.148
2001-11-14,3.183
2001-11-15,3.21
2001-11-16,0.996
2001-11-17,0.113
2001-11-18,0.115
2001-11-19,0.112
2001-11-20,0.158
2001-11-21,0.281
2001-11-22,0.502
2001-11-23,0.444
2001-11-24,3.407
2001-11-25,3.454
2001-11-26,3.5
2001-11-27,3.284
2001-11-28,3.3
2001-11-29,3.32
2001-11-30,3.3
2001-12-01,7.446
2001-12-02,9.668
2001-12-03,9.895
2001-12-04,9.751
2001-12-05,9.716
2001-12-06,7.176
2001-12-07,6.202
2001-12-08,6.22
2001-12-09,6.193
2001-12-10,3.459
2001-12-11,0.112
2001-12-12,0.115
2001-12-13,0.114
2001-12-14,0.113
2001-12-15,0.112
2001-12-16,0.111
2001-12-17,0.11
2001-12-18,0.154
2001-12-19,0.161
2001-12-20,0.159
2001-12-21,0.133
2001-12-22,0.182
2001-12-23,0.177
2001-12-24,0.152
2001-12-25,0.145
2001-12-26,7.685
2001-12-27,7.474
2001-12-28,9.176
2001-12-29,9.314
2001-12-30,9.31
2001-12-31,9.235
2002-01-01,9.193
2002-01-02,9.215
2002-01-03,3.834
2002-01-04,0.115
2002-01-05,0.112
2002-01-06,0.107
2002-01-07,0.106
2002-01-08,0.105
2002-01-09,0.109
2002-01-10,0.107
2002-01-11,0.104
2002-01-12,0.108
2002-01-13,0.105
2002-01-14,0.157
2002-01-15,0.253
2002-01-16,0.194
2002-01-17,0.332
2002-01-18,0.337
2002-01-19,0.342
2002-01-20,0.348
2002-01-21,0.378
2002-01-22,3.065
2002-01-23,9.056
2002-01-24,8.89
2002-01-25,8.74
2002-01-26,8.704
2002-01-27,8.703
2002-01-28,9.071
2002-01-29,9.033
2002-01-30,8.858
2002-01-31,8.953
2002-02-01,8.839
2002-02-02,0.124
2002-02-03,0.121
2002-02-04,0.118
2002-02-05,0.121
2002-02-06,0.127
2002-02-07,0.127
2002-02-08,0.125
2002-02-09,0.129
2002-02-10,0.147
2002-02-11,0.129
2002-02-12,0.124
2002-02-13,0.12
2002-02-14,0.141
2002-02-15,5.639
2002-02-16,5.674
2002-02-17,5.708
2002-02-18,5.743
2002-02-19,3.066
2002-02-20,0.096
2002-02-21,1.408
2002-02-22,8.75
2002-02-23,9.015
2002-02-24,8.851
2002-02-25,8.932
2002-02-26,11.613
2002-02-27,11.765
2002-02-28,14.614
2002-03-01,14.335
2002-03-02,14.612
2002-03-03,9.02
2002-03-04,6.096
2002-03-05,3.534
2002-03-06,3.317
2002-03-07,0.114
2002-03-08,0.112
2002-03-09,0.111
2002-03-10,0.113
2002-03-11,0.114
2002-03-12,0.121
2002-03-13,0.122
2002-03-14,0.118
2002-03-15,0.113
2002-03-16,0.113
2002-03-17,0.11
2002-03-18,0.11
2002-03-19,0.12
2002-03-20,0.115
2002-03-21,0.125
2002-03-22,3.455
2002-03-23,9.069
2002-03-24,8.996
2002-03-25,8.62
2002-03-26,0.119
2002-03-27,0.11
2002-03-28,0.109
2002-03-29,0.115
2002-03-30,0.113
2002-03-31,0.111
2002-04-01,0.104
2002-04-02,0.108
2002-04-03,0.119
2002-04-04,0.118
2002-04-05,0.176
2002-04-06,0.184
2002-04-07,0.294
2002-04-08,0.315
2002-04-09,0.368
2002-04-10,0.396
2002-04-11,0.404
2002-04-12,0.386
2002-04-13,0.431
2002-04-14,0.468
2002-04-15,0.576
2002-04-16,0.542
2002-04-17,0.14
2002-04-18,0.107
2002-04-19,0.117
2002-04-20,0.114
2002-04-21,0.113
2002-04-22,0.111
2002-04-23,0.106
2002-04-24,0.119
2002-04-25,0.248
2002-04-26,0.248
2002-04-27,0.278
2002-04-28,0.123
2002-04-29,0.126
2002-04-30,0.129
2002-05-01,0.101
2002-05-02,0.109
2002-05-03,0.105
2002-05-04,0.1
2002-05-05,0.117
2002-05-06,0.115
2002-05-07,0.108
2002-05-08,0.115
2002-05-09,0.122
2002-05-10,0.134
2002-05-11,0.14
2002-05-12,0.15
2002-05-13,0.154
2002-05-14,0.163
2002-05-15,0.197
2002-05-16,0.157
2002-05-17,0.481
2002-05-18,0.357
2002-05-19,0.368
2002-05-20,0.418
2002-05-21,0.429
2002-05-22,0.63
2002-05-23,0.571
2002-05-24,0.44
2002-05-25,0.682
2002-05-26,0.668
2002-05-27,0.654
2002-05-28,0.563
2002-05-29,0.8
2002-05-30,0.722
2002-05-31,0.699
2002-06-01,0.883
2002-06-02,0.884
2002-06-03,0.853
2002-06-04,1.163
2002-06-05,0.501
2002-06-06,0.924
2002-06-07,0.518
2002-06-08,0.86
2002-06-09,0.942
2002-06-10,0.902
2002-06-11,0.38
2002-06-12,0.566
2002-06-13,0.234
2002-06-14,0.127
2002-06-15,0.651
2002-06-16,0.123
2002-06-17,0.113
2002-06-18,0.823
2002-06-19,0.591
2002-06-20,0.611
2002-06-21,0.194
2002-06-22,0.208
2002-06-23,0.867
2002-06-24,0.77
2002-06-25,0.753
2002-06-26,0.737
2002-06-27,1.062
2002-06-28,1.153
2002-06-29,0.845
2002-06-30,0.851
2002-07-01,0.971
2002-07-02,0.354
2002-07-03,0.125
2002-07-04,0.118
2002-07-05,0.094
2002-07-06,0.102
2002-07-07,0.103
2002-07-08,0.212
2002-07-09,0.867
2002-07-10,0.67
2002-07-11,0.179
2002-07-12,0.17
2002-07-13,0.156
2002-07-14,0.122
2002-07-15,0.119
2002-07-16,0.115
2002-07-17,0.459
2002-07-18,0.44
2002-07-19,0.521
2002-07-20,0.626
2002-07-21,0.647
2002-07-22,0.659
2002-07-23,0.342
2002-07-24,0.758
2002-07-25,0.123
2002-07-26,0.865
2002-07-27,0.488
2002-07-28,0.765
2002-07-29,0.794
2002-07-30,1.139
2002-07-31,0.985
2002-08-01,0.888
2002-08-02,0.744
2002-08-03,1.006
2002-08-04,1.039
2002-08-05,1.068
2002-08-06,1.091
2002-08-07,0.87
2002-08-08,1.023
2002-08-09,1.148
2002-08-10,1.626
2002-08-11,0.951
2002-08-12,0.972
2002-08-13,1.012
2002-08-14,1.003
2002-08-15,0.985
2002-08-16,1.392
2002-08-17,1.355
2002-08-18,1.356
2002-08-19,1.334
2002-08-20,0.938
2002-08-21,0.519
2002-08-22,0.134
2002-08-23,0.144
2002-08-24,0.143
2002-08-25,0.473
2002-08-26,0.292
2002-08-27,0.76
2002-08-28,0.589
2002-08-29,0.866
2002-08-30,0.802
2002-08-31,0.945
2002-09-01,0.926
2002-09-02,0.94
2002-09-03,0.917
2002-09-04,1.079
2002-09-05,0.916
2002-09-06,0.748
2002-09-07,1.043
2002-09-08,1.037
2002-09-09,1.055
2002-09-10,1.041
2002-09-11,1.086
2002-09-12,0.754
2002-09-13,1.114
2002-09-14,1.134
2002-09-15,1.121
2002-09-16,1.144
2002-09-17,1.062
2002-09-18,1.395
2002-09-19,1.53
2002-09-20,1.316
2002-09-21,1.728
2002-09-22,1.421
2002-09-23,1.345
2002-09-24,1.313
2002-09-25,1.28
2002-09-26,0.517
2002-09-27,0.5
2002-09-28,0.749
2002-09-29,1.389
2002-09-30,1.437
2002-10-01,1.06
2002-10-02,1.317
2002-10-03,1.288
2002-10-04,1.425
2002-10-05,1.141
2002-10-06,1.132
2002-10-07,0.152
2002-10-08,0.169
2002-10-09,0.195
2002-10-10,0.549
2002-10-11,1.132
2002-10-12,1.178
2002-10-13,1.008
2002-10-14,0.977
2002-10-15,0.805
2002-10-16,0.665
2002-10-17,0.821
2002-10-18,0.314
2002-10-19,0.251
2002-10-20,0.234
2002-10-21,0.212
2002-10-22,0.148
2002-10-23,0.125
2002-10-24,0.136
2002-10-25,0.132
2002-10-26,0.122
2002-10-27,0.121
2002-10-28,0.134
2002-10-29,0.133
2002-10-30,0.127
2002-10-31,0.114
2002-11-01,0.076
2002-11-02,0.099
2002-11-03,0.101
2002-11-04,0.104
2002-11-05,0.086
2002-11-06,0.073
2002-11-07,0.086
2002-11-08,0.09
2002-11-09,0.129
2002-11-10,0.128
2002-11-11,0.109
2002-11-12,0.11
2002-11-13,0.086
2002-11-14,0.084
2002-11-15,0.081
2002-11-16,0.075
2002-11-17,0.095
2002-11-18,0.098
2002-11-19,0.085
2002-11-20,0.077
2002-11-21,0.091
2002-11-22,0.091
2002-11-23,0.093
2002-11-24,0.091
2002-11-25,0.09
2002-11-26,0.089
2002-11-27,0.087
2002-11-28,0.087
2002-11-29,0.106
2002-11-30,0.109
2002-12-01,0.14
2002-12-02,0.197
2002-12-03,0.079
2002-12-04,0.085
2002-12-05,0.102
2002-12-06,0.104
2002-12-07,0.143
2002-12-08,0.156
2002-12-09,0.203
2002-12-10,0.279
2002-12-11,0.414
2002-12-12,0.444
2002-12-13,0.445
2002-12-14,0.45
2002-12-15,0.455
2002-12-16,0.461
2002-12-17,0.118
2002-12-18,0.112
2002-12-19,0.109
2002-12-20,0.078
2002-12-21,0.079
2002-12-22,0.077
2002-12-23,0.132
2002-12-24,0.109
2002-12-25,0.103
2002-12-26,0.096
2002-12-27,9.249
2002-12-28,0.132
2002-12-29,9.165
2002-12-30,9.2
2002-12-31,6.414
2003-01-01,9.332
2003-01-02,15.08
2003-01-03,15.012
2003-01-04,15.015
2003-01-05,14.885
2003-01-06,14.978
2003-01-07,14.734
2003-01-08,14.699
2003-01-09,4.882
2003-01-10,5.226
2003-01-11,5.431
2003-01-12,5.384
2003-01-13,5.337
2003-01-14,3.444
2003-01-15,0.108
2003-01-16,3.264
2003-01-17,3.254
2003-01-18,3.342
2003-01-19,3.179
2003-01-20,3.214
2003-01-21,0.1
2003-01-22,0.102
2003-01-23,0.093
2003-01-24,6.971
2003-01-25,3.218
2003-01-26,0.115
2003-01-27,2.854
2003-01-28,3.268
2003-01-29,3.343
2003-01-30,6.214
2003-01-31,9.149
2003-02-01,8.937
2003-02-02,0.131
2003-02-03,0.125
2003-02-04,0.108
2003-02-05,0.106
2003-02-06,0.102
2003-02-07,0.099
2003-02-08,0.098
2003-02-09,0.097
2003-02-10,0.096
2003-02-11,0.096
2003-02-12,0.095
2003-02-13,0.09
2003-02-14,0.091
2003-02-15,0.089
2003-02-16,0.091
2003-02-17,0.093
2003-02-18,0.088
2003-02-19,0.087
2003-02-20,0.092
2003-02-21,0.089
2003-02-22,0.232
2003-02-23,0.238
2003-02-24,0.245
2003-02-25,0.364
2003-02-26,0.354
2003-02-27,0.345
2003-02-28,0.383
2003-03-01,0.337
2003-03-02,0.361
2003-03-03,0.374
2003-03-04,0.301
2003-03-05,0.217
2003-03-06,0.218
2003-03-07,0.125
2003-03-08,0.098
2003-03-09,0.095
2003-03-10,0.092
2003-03-11,0.09
2003-03-12,0.091
2003-03-13,0.085
2003-03-14,0.08
2003-03-15,0.077
2003-03-16,0.077
2003-03-17,0.079
2003-03-18,0.081
2003-03-19,0.079
2003-03-20,0.08
2003-03-21,0.12
2003-03-22,0.263
2003-03-23,0.261
2003-03-24,0.251
2003-03-25,0.441
2003-03-26,0.444
2003-03-27,0.447
2003-03-28,0.45
2003-03-29,0.453
2003-03-30,0.456
2003-03-31,0.459
2003-04-01,0.408
2003-04-02,0.566
2003-04-03,0.563
2003-04-04,0.559
2003-04-05,0.555
2003-04-06,0.552
2003-04-07,0.548
2003-04-08,0.588
2003-04-09,0.584
2003-04-10,0.58
2003-04-11,0.577
2003-04-12,0.573
2003-04-13,0.569
2003-04-14,0.585
2003-04-15,0.572
2003-04-16,0.574
2003-04-17,0.579
2003-04-18,0.651
2003-04-19,0.645
2003-04-20,0.638
2003-04-21,0.632
2003-04-22,0.648
2003-04-23,0.641
2003-04-24,0.634
2003-04-25,0.701
2003-04-26,0.709
2003-04-27,0.198
2003-04-28,0.197
2003-04-29,0.525
2003-04-30,0.582
2003-05-01,0.676
2003-05-02,0.666
2003-05-03,0.667
2003-05-04,0.766
2003-05-05,0.681
2003-05-06,0.59
2003-05-07,0.606
2003-05-08,0.593
2003-05-09,0.593
2003-05-10,0.607
2003-05-11,0.605
2003-05-12,0.683
2003-05-13,0.569
2003-05-14,0.581
2003-05-15,0.599
2003-05-16,0.491
2003-05-17,0.534
2003-05-18,0.545
2003-05-19,0.562
2003-05-20,0.596
2003-05-21,0.488
2003-05-22,0.514
2003-05-23,0.334
2003-05-24,0.323
2003-05-25,0.328
2003-05-26,0.328
2003-05-27,0.317
2003-05-28,0.349
2003-05-29,0.45
2003-05-30,0.444
2003-05-31,0.478
2003-06-01,0.462
2003-06-02,0.455
2003-06-03,0.537
2003-06-04,0.535
2003-06-05,0.51
2003-06-06,0.525
2003-06-07,0.513
2003-06-08,0.522
2003-06-09,0.545
2003-06-10,0.533
2003-06-11,0.545
2003-06-12,0.54
2003-06-13,0.534
2003-06-14,0.528
2003-06-15,0.512
2003-06-16,0.524
2003-06-17,0.603
2003-06-18,0.662
2003-06-19,0.659
2003-06-20,0.636
2003-06-21,0.642
2003-06-22,0.647
2003-06-23,0.653
2003-06-24,0.678
2003-06-25,0.681
2003-06-26,0.683
2003-06-27,0.686
2003-06-28,0.689
2003-06-29,0.691
2003-06-30,0.694
2003-07-01,0.696
2003-07-02,0.706
2003-07-03,0.696
2003-07-04,0.712
2003-07-05,0.698
2003-07-06,0.712
2003-07-07,0.708
2003-07-08,0.71
2003-07-09,0.711
2003-07-10,0.706
2003-07-11,0.71
2003-07-12,0.699
2003-07-13,0.714
2003-07-14,0.704
2003-07-15,0.699
2003-07-16,0.702
2003-07-17,0.734
2003-07-18,0.704
2003-07-19,0.715
2003-07-20,0.702
2003-07-21,0.709
2003-07-22,0.744
2003-07-23,0.703
2003-07-24,0.711
2003-07-25,0.737
2003-07-26,0.726
2003-07-27,0.742
2003-07-28,0.725
2003-07-29,0.704
2003-07-30,0.705
2003-07-31,0.737
2003-08-01,0.716
2003-08-02,0.701
2003-08-03,0.703
2003-08-04,0.712
2003-08-05,0.755
2003-08-06,0.777
2003-08-07,0.775
2003-08-08,0.779
2003-08-09,0.771
2003-08-10,0.77
2003-08-11,0.763
2003-08-12,0.745
2003-08-13,0.749
2003-08-14,0.754
2003-08-15,0.76
2003-08-16,0.766
2003-08-17,0.771
2003-08-18,0.778
2003-08-19,0.753
2003-08-20,0.723
2003-08-21,0.711
2003-08-22,0.705
2003-08-23,0.698
2003-08-24,0.702
2003-08-25,0.735
2003-08-26,0.732
2003-08-27,0.73
2003-08-28,0.718
2003-08-29,0.731
2003-08-30,0.734
2003-08-31,0.737
2003-09-01,0.696
2003-09-02,0.696
2003-09-03,0.692
2003-09-04,0.692
2003-09-05,0.681
2003-09-06,0.706
2003-09-07,0.736
2003-09-08,0.718
2003-09-09,0.732
2003-09-10,0.721
2003-09-11,0.709
2003-09-12,0.535
2003-09-13,0.32
2003-09-14,0.421
2003-09-15,0.515
2003-09-16,0.582
2003-09-17,0.646
2003-09-18,0.712
2003-09-19,0.719
2003-09-20,0.725
2003-09-21,0.731
2003-09-22,0.737
2003-09-23,0.775
2003-09-24,0.749
2003-09-25,0.723
2003-09-26,0.711
2003-09-27,0.705
2003-09-28,0.7
2003-09-29,0.712
2003-09-30,0.699
2003-10-01,0.676
2003-10-02,0.686
2003-10-03,0.64
2003-10-04,0.62
2003-10-05,0.594
2003-10-06,0.56
2003-10-07,0.549
2003-10-08,0.491
2003-10-09,0.507
2003-10-10,0.42
2003-10-11,0.372
2003-10-12,0.329
2003-10-13,0.259
2003-10-14,0.201
2003-10-15,0.181
2003-10-16,0.146
2003-10-17,0.13
2003-10-18,0.132
2003-10-19,0.137
2003-10-20,0.191
2003-10-21,0.205
2003-10-22,0.218
2003-10-23,0.227
2003-10-24,0.242
2003-10-25,0.261
2003-10-26,0.282
2003-10-27,0.278
2003-10-28,0.32
2003-10-29,0.379
2003-10-30,0.434
2003-10-31,0.427
2003-11-01,0.462
2003-11-02,0.446
2003-11-03,0.393
2003-11-04,0.322
2003-11-05,0.324
2003-11-06,0.3
2003-11-07,0.264
2003-11-08,0.24
2003-11-09,0.216
2003-11-10,0.172
2003-11-11,0.176
2003-11-12,0.198
2003-11-13,0.237
2003-11-14,0.352
2003-11-15,0.454
2003-11-16,0.493
2003-11-17,0.54
2003-11-18,0.487
2003-11-19,0.447
2003-11-20,0.374
2003-11-21,0.347
2003-11-22,0.322
2003-11-23,0.235
2003-11-24,0.182
2003-11-25,0.144
2003-11-26,0.125
2003-11-27,0.12
2003-11-28,0.067
2003-11-29,0.079
2003-11-30,0.089
2003-12-01,0.09
2003-12-02,0.093
2003-12-03,0.093
2003-12-04,0.091
2003-12-05,0.089
2003-12-06,0.132
2003-12-07,0.161
2003-12-08,0.203
2003-12-09,0.305
2003-12-10,0.405
2003-12-11,0.534
2003-12-12,0.445
2003-12-13,0.459
2003-12-14,0.508
2003-12-15,0.386
2003-12-16,0.255
2003-12-17,0.151
2003-12-18,0.131
2003-12-19,0.09
2003-12-20,0.08
2003-12-21,0.088
2003-12-22,0.087
2003-12-23,0.093
2003-12-24,0.091
2003-12-25,0.089
2003-12-26,0.083
2003-12-27,0.083
2003-12-28,0.086
2003-12-29,0.092
2003-12-30,0.093
2003-12-31,0.09
2004-01-01,0.082
2004-01-02,0.087
2004-01-03,0.086
2004-01-04,0.085
2004-01-05,0.084
2004-01-06,0.082
2004-01-07,0.084
2004-01-08,0.087
2004-01-09,0.092
2004-01-10,0.101
2004-01-11,0.103
2004-01-12,0.108
2004-01-13,0.115
2004-01-14,0.133
2004-01-15,0.124
2004-01-16,0.118
2004-01-17,0.106
2004-01-18,0.1
2004-01-19,0.092
2004-01-20,0.168
2004-01-21,0.138
2004-01-22,0.095
2004-01-23,0.08
2004-01-24,0.075
2004-01-25,0.08
2004-01-26,0.082
2004-01-27,0.08
2004-01-28,0.078
2004-01-29,0.077
2004-01-30,0.072
2004-01-31,0.072
2004-02-01,0.089
2004-02-02,0.095
2004-02-03,0.147
2004-02-04,0.114
2004-02-05,0.101
2004-02-06,0.099
2004-02-07,0.096
2004-02-08,0.093
2004-02-09,0.101
2004-02-10,0.141
2004-02-11,0.118
2004-02-12,0.137
2004-02-13,0.119
2004-02-14,0.111
2004-02-15,0.099
2004-02-16,0.076
2004-02-17,0.077
2004-02-18,0.079
2004-02-19,0.081
2004-02-20,0.087
2004-02-21,0.082
2004-02-22,0.081
2004-02-23,0.077
2004-02-24,0.081
2004-02-25,0.079
2004-02-26,0.082
2004-02-27,0.077
2004-02-28,0.081
2004-02-29,0.097
2004-03-01,0.11
2004-03-02,0.139
2004-03-03,0.192
2004-03-04,0.181
2004-03-05,0.18
2004-03-06,0.151
2004-03-07,0.149
2004-03-08,0.15
2004-03-09,0.097
2004-03-10,0.086
2004-03-11,0.084
2004-03-12,0.063
2004-03-13,0.089
2004-03-14,0.09
2004-03-15,0.092
2004-03-16,0.093
2004-03-17,0.093
2004-03-18,0.089
2004-03-19,0.091
2004-03-20,0.091
2004-03-21,0.088
2004-03-22,0.087
2004-03-23,0.086
2004-03-24,0.085
2004-03-25,0.084
2004-03-26,0.083
2004-03-27,0.095
2004-03-28,0.096
2004-03-29,0.097
2004-03-30,0.098
2004-03-31,0.099
2004-04-01,0.11
2004-04-02,0.161
2004-04-03,0.311
2004-04-04,0.304
2004-04-05,0.298
2004-04-06,0.292
2004-04-07,0.288
2004-04-08,0.257
2004-04-09,0.24
2004-04-10,0.214
2004-04-11,0.181
2004-04-12,0.159
2004-04-13,0.144
2004-04-14,0.137
2004-04-15,0.118
2004-04-16,0.107
2004-04-17,0.1
2004-04-18,0.102
2004-04-19,0.104
2004-04-20,0.104
2004-04-21,0.109
2004-04-22,0.119
2004-04-23,0.133
2004-04-24,0.124
2004-04-25,0.114
2004-04-26,0.107
2004-04-27,0.168
2004-04-28,0.199
2004-04-29,0.304
2004-04-30,0.261
2004-05-01,0.209
2004-05-02,0.196
2004-05-03,0.17
2004-05-04,0.176
2004-05-05,0.154
2004-05-06,0.154
2004-05-07,0.174
2004-05-08,0.161
2004-05-09,0.123
2004-05-10,0.103
2004-05-11,0.097
2004-05-12,0.094
2004-05-13,0.092
2004-05-14,0.089
2004-05-15,0.088
2004-05-16,0.087
2004-05-17,0.088
2004-05-18,0.215
2004-05-19,0.214
2004-05-20,0.212
2004-05-21,0.215
2004-05-22,0.216
2004-05-23,0.23
2004-05-24,0.27
2004-05-25,0.296
2004-05-26,0.348
2004-05-27,0.415
2004-05-28,0.459
2004-05-29,0.497
2004-05-30,0.513
2004-05-31,0.552
2004-06-01,0.551
2004-06-02,0.53
2004-06-03,0.514
2004-06-04,0.515
2004-06-05,0.487
2004-06-06,0.483
2004-06-07,0.482
2004-06-08,0.478
2004-06-09,0.5
2004-06-10,0.522
2004-06-11,0.554
2004-06-12,0.638
2004-06-13,0.562
2004-06-14,0.469
2004-06-15,0.48
2004-06-16,0.507
2004-06-17,0.546
2004-06-18,0.619
2004-06-19,0.643
2004-06-20,0.633
2004-06-21,0.593
2004-06-22,0.54
2004-06-23,0.538
2004-06-24,0.538
2004-06-25,0.485
2004-06-26,0.457
2004-06-27,0.483
2004-06-28,0.545
2004-06-29,0.608
2004-06-30,0.64
2004-07-01,0.639
2004-07-02,0.642
2004-07-03,0.641
2004-07-04,0.578
2004-07-05,0.54
2004-07-06,0.475
2004-07-07,0.475
2004-07-08,0.534
2004-07-09,0.563
2004-07-10,0.561
2004-07-11,0.445
2004-07-12,0.405
2004-07-13,0.331
2004-07-14,0.302
2004-07-15,0.306
2004-07-16,0.209
2004-07-17,0.18
2004-07-18,0.211
2004-07-19,0.155
2004-07-20,0.125
2004-07-21,0.094
2004-07-22,0.095
2004-07-23,0.093
2004-07-24,0.093
2004-07-25,0.129
2004-07-26,0.129
2004-07-27,0.144
2004-07-28,0.123
2004-07-29,0.132
2004-07-30,0.28
2004-07-31,0.477
2004-08-01,0.547
2004-08-02,0.609
2004-08-03,0.606
2004-08-04,0.704
2004-08-05,0.599
2004-08-06,0.593
2004-08-07,0.604
2004-08-08,0.733
2004-08-09,0.574
2004-08-10,0.555
2004-08-11,0.563
2004-08-12,0.512
2004-08-13,0.407
2004-08-14,0.337
2004-08-15,0.307
2004-08-16,0.254
2004-08-17,0.195
2004-08-18,0.201
2004-08-19,0.203
2004-08-20,0.169
2004-08-21,0.16
2004-08-22,0.147
2004-08-23,0.147
2004-08-24,0.135
2004-08-25,0.139
2004-08-26,0.154
2004-08-27,0.153
2004-08-28,0.143
2004-08-29,0.154
2004-08-30,0.147
2004-08-31,0.137
2004-09-01,0.128
2004-09-02,0.114
2004-09-03,0.113
2004-09-04,0.108
2004-09-05,0.109
2004-09-06,0.114
2004-09-07,0.125
2004-09-08,0.15
2004-09-09,0.213
2004-09-10,0.28
2004-09-11,0.48
2004-09-12,0.491
2004-09-13,0.445
2004-09-14,0.375
2004-09-15,0.411
2004-09-16,0.395
2004-09-17,0.432
2004-09-18,0.492
2004-09-19,0.52
2004-09-20,0.535
2004-09-21,0.564
2004-09-22,0.554
2004-09-23,0.626
2004-09-24,0.452
2004-09-25,0.224
2004-09-26,0.169
2004-09-27,0.151
2004-09-28,0.086
2004-09-29,0.079
2004-09-30,0.074
2004-10-01,0.128
2004-10-02,0.07
2004-10-03,0.078
2004-10-04,0.079
2004-10-05,0.096
2004-10-06,0.199
2004-10-07,0.26
2004-10-08,0.241
2004-10-09,0.231
2004-10-10,0.283
2004-10-11,0.413
2004-10-12,0.456
2004-10-13,0.512
2004-10-14,0.521
2004-10-15,0.512
2004-10-16,0.544
2004-10-17,0.531
2004-10-18,0.49
2004-10-19,0.476
2004-10-20,0.475
2004-10-21,0.462
2004-10-22,0.44
2004-10-23,0.434
2004-10-24,0.426
2004-10-25,0.418
2004-10-26,0.371
2004-10-27,0.368
2004-10-28,0.387
2004-10-29,0.399
2004-10-30,0.396
2004-10-31,0.408
2004-11-01,0.484
2004-11-02,0.52
2004-11-03,0.576
2004-11-04,0.584
2004-11-05,0.57
2004-11-06,0.561
2004-11-07,0.55
2004-11-08,0.513
2004-11-09,0.518
2004-11-10,0.521
2004-11-11,0.521
2004-11-12,0.407
2004-11-13,0.392
2004-11-14,0.399
2004-11-15,0.347
2004-11-16,0.311
2004-11-17,0.139
2004-11-18,0.145
2004-11-19,0.329
2004-11-20,0.187
2004-11-21,0.12
2004-11-22,0.109
2004-11-23,0.105
2004-11-24,0.103
2004-11-25,0.098
2004-11-26,0.094
2004-11-27,0.089
2004-11-28,0.091
2004-11-29,0.086
2004-11-30,0.086
2004-12-01,0.082
2004-12-02,0.082
2004-12-03,0.087
2004-12-04,0.086
2004-12-05,0.084
2004-12-06,0.082
2004-12-07,0.09
2004-12-08,0.107
2004-12-09,0.124
2004-12-10,0.127
2004-12-11,0.139
2004-12-12,0.202
2004-12-13,0.236
2004-12-14,0.301
2004-12-15,0.395
2004-12-16,0.407
2004-12-17,0.437
2004-12-18,0.401
2004-12-19,0.348
2004-12-20,0.298
2004-12-21,0.219
2004-12-22,0.182
2004-12-23,0.151
2004-12-24,0.126
2004-12-25,0.113
2004-12-26,0.112
2004-12-27,0.1
2004-12-28,0.096
2004-12-29,0.09
2004-12-30,0.093
2004-12-31,0.095
2005-01-01,0.115
2005-01-02,0.111
2005-01-03,0.104
2005-01-04,0.094
2005-01-05,0.089
2005-01-06,0.089
2005-01-07,0.092
2005-01-08,0.092
2005-01-09,0.087
2005-01-10,0.078
2005-01-11,0.078
2005-01-12,0.077
2005-01-13,0.079
2005-01-14,0.081
2005-01-15,0.083
2005-01-16,0.085
2005-01-17,0.086
2005-01-18,0.092
2005-01-19,0.11
2005-01-20,0.523
2005-01-21,3.608
2005-01-22,3.255
2005-01-23,3.168
2005-01-24,3.095
2005-01-25,6.413
2005-01-26,7.307
2005-01-27,7.24
2005-01-28,7.361
2005-01-29,7.445
2005-01-30,5.844
2005-01-31,4.959
2005-02-01,5.032
2005-02-02,3.626
2005-02-03,1.648
2005-02-04,0.712
2005-02-05,0.554
2005-02-06,0.181
2005-02-07,0.106
2005-02-08,0.114
2005-02-09,0.1
2005-02-10,0.096
2005-02-11,0.115
2005-02-12,4.07
2005-02-13,7.1
2005-02-14,7.182
2005-02-15,6.846
2005-02-16,6.802
2005-02-17,7.129
2005-02-18,6.995
2005-02-19,6.951
2005-02-20,6.994
2005-02-21,6.935
2005-02-22,6.962
2005-02-23,6.997
2005-02-24,6.929
2005-02-25,6.946
2005-02-26,0.951
2005-02-27,0.705
2005-02-28,0.688
2005-03-01,0.134
2005-03-02,0.101
2005-03-03,0.103
2005-03-04,0.111
2005-03-05,0.113
2005-03-06,0.115
2005-03-07,0.119
2005-03-08,0.169
2005-03-09,0.153
2005-03-10,0.115
2005-03-11,0.109
2005-03-12,0.112
2005-03-13,0.096
2005-03-14,0.098
2005-03-15,0.093
2005-03-16,0.085
2005-03-17,0.085
2005-03-18,0.085
2005-03-19,0.089
2005-03-20,0.091
2005-03-21,0.093
2005-03-22,0.089
2005-03-23,0.092
2005-03-24,0.089
2005-03-25,0.082
2005-03-26,0.087
2005-03-27,0.093
2005-03-28,0.091
2005-03-29,0.089
2005-03-30,0.102
2005-03-31,0.137
2005-04-01,0.204
2005-04-02,0.24
2005-04-03,0.298
2005-04-04,0.305
2005-04-05,0.331
2005-04-06,0.32
2005-04-07,0.309
2005-04-08,0.309
2005-04-09,0.16
2005-04-10,0.13
2005-04-11,0.108
2005-04-12,0.107
2005-04-13,0.109
2005-04-14,0.2
2005-04-15,0.186
2005-04-16,0.157
2005-04-17,0.161
2005-04-18,0.159
2005-04-19,0.12
2005-04-20,0.125
2005-04-21,0.137
2005-04-22,0.131
2005-04-23,0.133
2005-04-24,0.129
2005-04-25,0.125
2005-04-26,0.132
2005-04-27,0.122
2005-04-28,0.117
2005-04-29,0.117
2005-04-30,0.105
2005-05-01,0.107
2005-05-02,0.112
2005-05-03,0.115
2005-05-04,0.113
2005-05-05,0.109
2005-05-06,0.105
2005-05-07,0.106
2005-05-08,0.121
2005-05-09,0.102
2005-05-10,0.103
2005-05-11,0.098
2005-05-12,0.092
2005-05-13,0.104
2005-05-14,0.096
2005-05-15,0.103
2005-05-16,0.093
2005-05-17,0.091
2005-05-18,0.089
2005-05-19,0.097
2005-05-20,0.1
2005-05-21,0.089
2005-05-22,0.089
2005-05-23,0.089
2005-05-24,0.096
2005-05-25,0.105
2005-05-26,0.112
2005-05-27,0.204
2005-05-28,0.329
2005-05-29,0.424
2005-05-30,0.48
2005-05-31,0.245
2005-06-01,0.228
2005-06-02,0.228
2005-06-03,0.228
2005-06-04,0.522
2005-06-05,0.523
2005-06-06,0.453
2005-06-07,0.202
2005-06-08,0.159
2005-06-09,0.257
2005-06-10,0.495
2005-06-11,0.54
2005-06-12,0.594
2005-06-13,0.606
2005-06-14,0.671
2005-06-15,0.69
2005-06-16,0.675
2005-06-17,0.658
2005-06-18,0.641
2005-06-19,0.759
2005-06-20,0.709
2005-06-21,0.699
2005-06-22,0.651
2005-06-23,0.645
2005-06-24,0.64
2005-06-25,0.634
2005-06-26,0.666
2005-06-27,0.627
2005-06-28,0.618
2005-06-29,0.625
2005-06-30,0.993
2005-07-01,0.484
2005-07-02,0.165
2005-07-03,0.152
2005-07-04,0.142
2005-07-05,0.098
2005-07-06,0.099
2005-07-07,0.096
2005-07-08,0.091
2005-07-09,0.102
2005-07-10,0.089
2005-07-11,0.089
2005-07-12,0.096
2005-07-13,0.103
2005-07-14,0.108
2005-07-15,0.12
2005-07-16,0.111
2005-07-17,0.352
2005-07-18,0.063
2005-07-19,0.479
2005-07-20,0.465
2005-07-21,0.454
2005-07-22,0.467
2005-07-23,0.474
2005-07-24,0.482
2005-07-25,0.447
2005-07-26,0.382
2005-07-27,0.281
2005-07-28,0.309
2005-07-29,0.236
2005-07-30,0.237
2005-07-31,0.218
2005-08-01,0.228
2005-08-02,0.259
2005-08-03,0.379
2005-08-04,0.499
2005-08-05,0.539
2005-08-06,0.604
2005-08-07,0.603
2005-08-08,0.512
2005-08-09,0.426
2005-08-10,0.348
2005-08-11,0.274
2005-08-12,0.258
2005-08-13,0.245
2005-08-14,0.23
2005-08-15,0.2
2005-08-16,0.127
2005-08-17,0.118
2005-08-18,0.101
2005-08-19,0.147
2005-08-20,0.121
2005-08-21,0.119
2005-08-22,0.117
2005-08-23,0.139
2005-08-24,0.139
2005-08-25,0.131
2005-08-26,0.128
2005-08-27,0.123
2005-08-28,0.118
2005-08-29,0.128
2005-08-30,0.128
2005-08-31,0.132
2005-09-01,0.247
2005-09-02,0.352
2005-09-03,0.343
2005-09-04,0.343
2005-09-05,0.35
2005-09-06,0.428
2005-09-07,0.523
2005-09-08,0.516
2005-09-09,0.509
2005-09-10,0.52
2005-09-11,0.522
2005-09-12,0.49
2005-09-13,0.351
2005-09-14,0.298
2005-09-15,0.406
2005-09-16,0.457
2005-09-17,0.333
2005-09-18,0.322
2005-09-19,0.332
2005-09-20,0.24
2005-09-21,0.278
2005-09-22,0.352
2005-09-23,0.405
2005-09-24,0.475
2005-09-25,0.488
2005-09-26,0.494
2005-09-27,0.5
2005-09-28,0.508
2005-09-29,0.505
2005-09-30,0.505
2005-10-01,0.505
2005-10-02,0.45
2005-10-03,0.332
2005-10-04,0.234
2005-10-05,0.165
2005-10-06,0.165
2005-10-07,0.176
2005-10-08,0.337
2005-10-09,0.339
2005-10-10,0.394
2005-10-11,0.391
2005-10-12,0.391
2005-10-13,0.391
2005-10-14,0.391
2005-10-15,0.391
2005-10-16,0.391
2005-10-17,0.391
2005-10-18,0.391
2005-10-19,0.394
2005-10-20,0.339
2005-10-21,0.141
2005-10-22,0.141
2005-10-23,0.148
2005-10-24,0.122
2005-10-25,0.134
2005-10-26,0.132
2005-10-27,0.128
2005-10-28,0.122
2005-10-29,0.122
2005-10-30,0.122
2005-10-31,0.116
2005-11-01,0.116
2005-11-02,0.116
2005-11-03,0.128
2005-11-04,0.122
2005-11-05,0.128
2005-11-06,0.128
2005-11-07,0.128
2005-11-08,0.128
2005-11-09,0.128
2005-11-10,0.122
2005-11-11,0.121
2005-11-12,0.116
2005-11-13,0.116
2005-11-14,0.116
2005-11-15,0.116
2005-11-16,0.176
2005-11-17,0.148
2005-11-18,0.122
2005-11-19,0.116
2005-11-20,0.116
2005-11-21,0.116
2005-11-22,0.116
2005-11-23,0.116
2005-11-24,0.116
2005-11-25,0.116
2005-11-26,0.116
2005-11-27,0.116
2005-11-28,0.116
2005-11-29,0.122
2005-11-30,0.122
2005-12-01,0.122
2005-12-02,0.122
2005-12-03,0.11
2005-12-04,0.11
2005-12-05,0.134
2005-12-06,0.122
2005-12-07,0.116
2005-12-08,0.11
2005-12-09,0.11
2005-12-10,0.105
2005-12-11,0.105
2005-12-12,0.105
2005-12-13,0.105
2005-12-14,0.105
2005-12-15,0.105
2005-12-16,0.105
2005-12-17,0.13
2005-12-18,0.105
2005-12-19,0.099
2005-12-20,0.099
2005-12-21,0.099
2005-12-22,0.099
2005-12-23,0.108
2005-12-24,0.11
2005-12-25,0.192
2005-12-26,0.176
2005-12-27,0.176
2005-12-28,0.176
2005-12-29,0.176
2005-12-30,0.165
2005-12-31,0.267
2006-01-01,0.268
2006-01-02,0.268
2006-01-03,0.265
2006-01-04,0.265
2006-01-05,0.247
2006-01-06,0.247
2006-01-07,0.247
2006-01-08,0.228
2006-01-09,0.156
2006-01-10,0.116
2006-01-11,0.116
2006-01-12,0.116
2006-01-13,0.105
2006-01-14,0.105
2006-01-15,0.103
2006-01-16,0.11
2006-01-17,0.128
2006-01-18,0.122
2006-01-19,0.111
2006-01-20,0.11
2006-01-21,0.116
2006-01-22,0.11
2006-01-23,0.105
2006-01-24,0.099
2006-01-25,0.099
2006-01-26,0.099
2006-01-27,0.099
2006-01-28,0.099
2006-01-29,0.094
2006-01-30,0.094
2006-01-31,0.099
2006-02-01,0.099
2006-02-02,0.105
2006-02-03,0.112
2006-02-04,0.122
2006-02-05,0.134
2006-02-06,0.176
2006-02-07,0.176
2006-02-08,0.176
2006-02-09,0.116
2006-02-10,0.12
2006-02-11,0.11
2006-02-12,0.11
2006-02-13,0.105
2006-02-14,0.105
2006-02-15,0.076
2006-02-16,0.099
2006-02-17,0.105
2006-02-18,0.099
2006-02-19,0.105
2006-02-20,0.099
2006-02-21,0.088
2006-02-22,0.082
2006-02-23,0.082
2006-02-24,0.088
2006-02-25,0.088
2006-02-26,0.088
2006-02-27,0.099
2006-02-28,0.099
2006-03-01,0.092
2006-03-02,0.092
2006-03-03,0.092
2006-03-04,0.086
2006-03-05,0.091
2006-03-06,0.091
2006-03-07,0.086
2006-03-08,0.09
2006-03-09,0.112
2006-03-10,0.311
2006-03-11,0.171
2006-03-12,0.14
2006-03-13,0.119
2006-03-14,0.112
2006-03-15,0.105
2006-03-16,0.105
2006-03-17,0.119
2006-03-18,0.217
2006-03-19,0.092
2006-03-20,0.092
2006-03-21,0.086
2006-03-22,0.099
2006-03-23,0.086
2006-03-24,0.086
2006-03-25,0.086
2006-03-26,0.086
2006-03-27,0.091
2006-03-28,0.334
2006-03-29,0.334
2006-03-30,1.016
2006-03-31,2.912
2006-04-01,5.086
2006-04-02,9.047
2006-04-03,10.062
2006-04-04,7.347
2006-04-05,4.905
2006-04-06,3.228
2006-04-07,1.841
2006-04-08,1.016
2006-04-09,0.739
2006-04-10,0.587
2006-04-11,0.29
2006-04-12,0.151
2006-04-13,0.163
2006-04-14,0.201
2006-04-15,0.27
2006-04-16,0.359
2006-04-17,1.061
2006-04-18,2.912
2006-04-19,3.071
2006-04-20,2.436
2006-04-21,1.676
2006-04-22,0.835
2006-04-23,0.631
2006-04-24,0.374
2006-04-25,0.133
2006-04-26,0.079
2006-04-27,0.079
2006-04-28,0.155
2006-04-29,0.186
2006-04-30,0.188
2006-05-01,0.163
2006-05-02,0.163
2006-05-03,0.163
2006-05-04,0.155
2006-05-05,0.155
2006-05-06,0.155
2006-05-07,0.155
2006-05-08,0.155
2006-05-09,0.155
2006-05-10,0.155
2006-05-11,0.221
2006-05-12,0.27
2006-05-13,0.359
2006-05-14,0.359
2006-05-15,0.311
2006-05-16,0.311
2006-05-17,0.311
2006-05-18,0.217
2006-05-19,0.311
2006-05-20,0.155
2006-05-21,0.173
2006-05-22,0.155
2006-05-23,0.155
2006-05-24,0.14
2006-05-25,0.14
2006-05-26,0.147
2006-05-27,0.251
2006-05-28,10.415
2006-05-29,16.733
2006-05-30,12.077
2006-05-31,9.316
2006-06-01,7.348
2006-06-02,4.307
2006-06-03,1.516
2006-06-04,1.136
2006-06-05,0.653
2006-06-06,0.359
2006-06-07,0.14
2006-06-08,0.119
2006-06-09,0.119
2006-06-10,0.119
2006-06-11,0.119
2006-06-12,0.147
2006-06-13,0.386
2006-06-14,0.383
2006-06-15,0.406
2006-06-16,0.386
2006-06-17,0.386
2006-06-18,0.383
2006-06-19,0.52
2006-06-20,0.362
2006-06-21,0.27
2006-06-22,0.173
2006-06-23,0.201
2006-06-24,0.5
2006-06-25,0.585
2006-06-26,0.676
2006-06-27,0.455
2006-06-28,0.29
2006-06-29,0.5
2006-06-30,0.587
2006-07-01,0.587
2006-07-02,0.631
2006-07-03,0.566
2006-07-04,0.676
2006-07-05,0.631
2006-07-06,0.609
2006-07-07,0.383
2006-07-08,0.587
2006-07-09,0.544
2006-07-10,0.634
2006-07-11,0.478
2006-07-12,0.626
2006-07-13,0.631
2006-07-14,0.587
2006-07-15,0.631
2006-07-16,0.609
2006-07-17,0.566
2006-07-18,0.653
2006-07-19,0.609
2006-07-20,0.631
2006-07-21,0.631
2006-07-22,0.676
2006-07-23,0.676
2006-07-24,0.676
2006-07-25,0.651
2006-07-26,0.651
2006-07-27,0.651
2006-07-28,0.835
2006-07-29,0.716
2006-07-30,0.716
2006-07-31,0.776
2006-08-01,0.781
2006-08-02,0.743
2006-08-03,0.544
2006-08-04,0.544
2006-08-05,0.698
2006-08-06,0.695
2006-08-07,0.695
2006-08-08,0.728
2006-08-09,0.695
2006-08-10,0.695
2006-08-11,0.609
2006-08-12,0.5
2006-08-13,0.383
2006-08-14,0.5
2006-08-15,0.609
2006-08-16,0.503
2006-08-17,0.365
2006-08-18,0.455
2006-08-19,0.544
2006-08-20,0.544
2006-08-21,0.544
2006-08-22,0.408
2006-08-23,0.29
2006-08-24,0.631
2006-08-25,0.566
2006-08-26,0.478
2006-08-27,0.458
2006-08-28,0.468
2006-08-29,0.184
2006-08-30,0.092
2006-08-31,0.201
2006-09-01,0.201
2006-09-02,0.334
2006-09-03,0.334
2006-09-04,0.334
2006-09-05,0.163
2006-09-06,0.609
2006-09-07,0.455
2006-09-08,0.544
2006-09-09,0.566
2006-09-10,0.676
2006-09-11,0.629
2006-09-12,0.628
2006-09-13,0.653
2006-09-14,0.653
2006-09-15,0.653
2006-09-16,0.609
2006-09-17,0.609
2006-09-18,0.609
2006-09-19,0.478
2006-09-20,0.478
2006-09-21,0.478
2006-09-22,0.653
2006-09-23,0.653
2006-09-24,0.653
2006-09-25,0.653
2006-09-26,0.631
2006-09-27,0.587
2006-09-28,0.609
2006-09-29,0.609
2006-09-30,0.609
2006-10-01,0.609
2006-10-02,0.609
2006-10-03,0.609
2006-10-04,0.634
2006-10-05,0.653
2006-10-06,0.585
2006-10-07,0.282
2006-10-08,0.217
2006-10-09,0.234
2006-10-10,0.383
2006-10-11,0.5
2006-10-12,0.5
2006-10-13,0.5
2006-10-14,0.5
2006-10-15,0.587
2006-10-16,0.587
2006-10-17,0.547
2006-10-18,0.544
2006-10-19,0.544
2006-10-20,0.593
2006-10-21,0.566
2006-10-22,0.544
2006-10-23,0.547
2006-10-24,0.417
2006-10-25,0.311
2006-10-26,0.251
2006-10-27,0.251
2006-10-28,0.251
2006-10-29,0.251
2006-10-30,0.251
2006-10-31,0.29
2006-11-01,0.29
2006-11-02,0.29
2006-11-03,0.29
2006-11-04,0.359
2006-11-05,0.522
2006-11-06,0.455
2006-11-07,0.455
2006-11-08,0.359
2006-11-09,0.435
2006-11-10,0.251
2006-11-11,0.432
2006-11-12,0.251
2006-11-13,0.186
2006-11-14,0.119
2006-11-15,0.105
2006-11-16,0.104
2006-11-17,0.186
2006-11-18,0.155
2006-11-19,0.155
2006-11-20,0.155
2006-11-21,0.135
2006-11-22,0.132
2006-11-23,0.119
2006-11-24,0.125
2006-11-25,0.119
2006-11-26,0.105
2006-11-27,0.098
2006-11-28,0.105
2006-11-29,0.092
2006-11-30,0.092
2006-12-01,0.098
2006-12-02,0.099
2006-12-03,0.098
2006-12-04,0.099
2006-12-05,0.104
2006-12-06,0.099
2006-12-07,0.092
2006-12-08,0.098
2006-12-09,0.105
2006-12-10,0.105
2006-12-11,0.105
2006-12-12,0.118
2006-12-13,0.123
2006-12-14,0.112
2006-12-15,0.099
2006-12-16,0.099
2006-12-17,0.092
2006-12-18,0.092
2006-12-19,0.14
2006-12-20,0.141
2006-12-21,0.14
2006-12-22,0.163
2006-12-23,0.163
2006-12-24,0.163
2006-12-25,0.163
2006-12-26,0.163
2006-12-27,0.163
2006-12-28,0.251
2006-12-29,0.251
2006-12-30,0.201
2006-12-31,0.14
2007-01-01,0.105
2007-01-02,0.112
2007-01-03,0.112
2007-01-04,0.166
2007-01-05,0.086
2007-01-06,0.455
2007-01-07,2.436
2007-01-08,5.752
2007-01-09,7.043
2007-01-10,10.311
2007-01-11,10.202
2007-01-12,10.203
2007-01-13,10.186
2007-01-14,10.186
2007-01-15,10.186
2007-01-16,1.587
2007-01-17,0.653
2007-01-18,1.016
2007-01-19,3.71
2007-01-20,3.71
2007-01-21,3.69
2007-01-22,3.69
2007-01-23,6.183
2007-01-24,7.329
2007-01-25,8.333
2007-01-26,8.207
2007-01-27,8.208
2007-01-28,5.896
2007-01-29,0.631
2007-01-30,0.609
2007-01-31,0.383
2007-02-01,0.113
2007-02-02,0.112
2007-02-03,0.112
2007-02-04,0.112
2007-02-05,0.099
2007-02-06,0.106
2007-02-07,0.103
2007-02-08,0.096
2007-02-09,0.108
2007-02-10,0.107
2007-02-11,0.104
2007-02-12,0.128
2007-02-13,0.134
2007-02-14,0.132
2007-02-15,0.126
2007-02-16,0.084
2007-02-17,0.137
2007-02-18,0.135
2007-02-19,0.133
2007-02-20,0.132
2007-02-21,0.13
2007-02-22,0.13
2007-02-23,0.131
2007-02-24,0.131
2007-02-25,0.132
2007-02-26,0.136
2007-02-27,0.138
2007-02-28,0.141
2007-03-01,0.14
2007-03-02,0.146
2007-03-03,0.132
2007-03-04,0.158
2007-03-05,0.141
2007-03-06,0.652
2007-03-07,1.119
2007-03-08,5.2
2007-03-09,7.565
2007-03-10,7.968
2007-03-11,7.967
2007-03-12,7.982
2007-03-13,4.199
2007-03-14,3.077
2007-03-15,1.187
2007-03-16,0.394
2007-03-17,0.076
2007-03-18,0.134
2007-03-19,0.444
2007-03-20,0.285
2007-03-21,0.286
2007-03-22,0.285
2007-03-23,0.304
2007-03-24,0.56
2007-03-25,0.743
2007-03-26,2.634
2007-03-27,1.453
2007-03-28,1.219
2007-03-29,0.8
2007-03-30,0.802
2007-03-31,0.508
2007-04-01,0.241
2007-04-02,0.204
2007-04-03,0.185
2007-04-04,0.187
2007-04-05,0.2
2007-04-06,0.255
2007-04-07,0.263
2007-04-08,0.26
2007-04-09,0.196
2007-04-10,0.196
2007-04-11,0.238
2007-04-12,0.239
2007-04-13,0.241
2007-04-14,0.329
2007-04-15,0.3
2007-04-16,0.323
2007-04-17,0.324
2007-04-18,0.341
2007-04-19,0.343
2007-04-20,0.416
2007-04-21,0.416
2007-04-22,0.417
2007-04-23,0.492
2007-04-24,0.47
2007-04-25,0.499
2007-04-26,0.513
2007-04-27,0.513
2007-04-28,0.515
2007-04-29,0.517
2007-04-30,0.552
2007-05-01,0.631
2007-05-02,0.633
2007-05-03,0.642
2007-05-04,0.641
2007-05-05,0.643
2007-05-06,0.642
2007-05-07,0.645
2007-05-08,0.646
2007-05-09,0.545
2007-05-10,0.481
2007-05-11,0.304
2007-05-12,0.225
2007-05-13,0.224
2007-05-14,0.224
2007-05-15,0.3
2007-05-16,0.306
2007-05-17,0.299
2007-05-18,0.285
2007-05-19,0.279
2007-05-20,0.277
2007-05-21,0.274
2007-05-22,0.268
2007-05-23,0.265
2007-05-24,0.306
2007-05-25,0.306
2007-05-26,0.413
2007-05-27,0.371
2007-05-28,0.338
2007-05-29,0.242
2007-05-30,0.245
2007-05-31,0.254
2007-06-01,0.251
2007-06-02,0.279
2007-06-03,0.275
2007-06-04,0.274
2007-06-05,0.271
2007-06-06,0.267
2007-06-07,0.44
2007-06-08,0.434
2007-06-09,0.47
2007-06-10,0.575
2007-06-11,0.555
2007-06-12,0.556
2007-06-13,0.555
2007-06-14,0.581
2007-06-15,0.582
2007-06-16,0.524
2007-06-17,0.526
2007-06-18,0.531
2007-06-19,0.545
2007-06-20,0.607
2007-06-21,0.487
2007-06-22,0.318
2007-06-23,0.318
2007-06-24,0.321
2007-06-25,0.321
2007-06-26,0.326
2007-06-27,0.251
2007-06-28,0.247
2007-06-29,0.253
2007-06-30,0.267
2007-07-01,0.263
2007-07-02,0.26
2007-07-03,0.257
2007-07-04,0.261
2007-07-05,0.322
2007-07-06,0.271
2007-07-07,0.258
2007-07-08,0.274
2007-07-09,0.295
2007-07-10,0.285
2007-07-11,0.285
2007-07-12,0.286
2007-07-13,0.287
2007-07-14,0.302
2007-07-15,0.361
2007-07-16,0.352
2007-07-17,0.353
2007-07-18,0.355
2007-07-19,0.392
2007-07-20,0.37
2007-07-21,0.443
2007-07-22,0.442
2007-07-23,0.488
2007-07-24,0.539
2007-07-25,0.472
2007-07-26,0.37
2007-07-27,0.478
2007-07-28,0.478
2007-07-29,0.429
2007-07-30,0.456
2007-07-31,0.258
2007-08-01,0.25
2007-08-02,0.245
2007-08-03,0.245
2007-08-04,0.251
2007-08-05,0.251
2007-08-06,0.249
2007-08-07,0.489
2007-08-08,0.484
2007-08-09,0.441
2007-08-10,0.37
2007-08-11,0.285
2007-08-12,0.271
2007-08-13,0.282
2007-08-14,0.357
2007-08-15,0.348
2007-08-16,0.35
2007-08-17,0.254
2007-08-18,0.258
2007-08-19,0.258
2007-08-20,0.254
2007-08-21,0.333
2007-08-22,0.508
2007-08-23,0.312
2007-08-24,0.306
2007-08-25,0.284
2007-08-26,0.295
2007-08-27,0.308
2007-08-28,0.31
2007-08-29,0.315
2007-08-30,0.314
2007-08-31,0.379
2007-09-01,0.375
2007-09-02,0.373
2007-09-03,0.375
2007-09-04,0.235
2007-09-05,0.256
2007-09-06,0.258
2007-09-07,0.263
2007-09-08,0.263
2007-09-09,0.432
2007-09-10,0.432
2007-09-11,0.436
2007-09-12,0.431
2007-09-13,0.429
2007-09-14,0.427
2007-09-15,0.426
2007-09-16,0.426
2007-09-17,0.426
2007-09-18,0.454
2007-09-19,0.459
2007-09-20,0.486
2007-09-21,0.476
2007-09-22,0.498
2007-09-23,0.609
2007-09-24,0.604
2007-09-25,0.643
2007-09-26,0.732
2007-09-27,0.733
2007-09-28,1.159
2007-09-29,1.795
2007-09-30,2.216
2007-10-01,3.343
2007-10-02,5.213
2007-10-03,5.899
2007-10-04,4.979
2007-10-05,4.977
2007-10-06,4.988
2007-10-07,4.941
2007-10-08,4.916
2007-10-09,4.891
2007-10-10,4.88
2007-10-11,4.867
2007-10-12,4.844
2007-10-13,4.829
2007-10-14,4.834
2007-10-15,4.684
2007-10-16,2.138
2007-10-17,1.602
2007-10-18,1.607
2007-10-19,1.815
2007-10-20,1.8
2007-10-21,1.792
2007-10-22,1.779
2007-10-23,1.758
2007-10-24,1.162
2007-10-25,0.869
2007-10-26,0.695
2007-10-27,0.695
2007-10-28,0.694
2007-10-29,0.695
2007-10-30,0.601
2007-10-31,0.532
2007-11-01,0.442
2007-11-02,0.392
2007-11-03,0.281
2007-11-04,0.28
2007-11-05,0.267
2007-11-06,0.292
2007-11-07,0.271
2007-11-08,0.277
2007-11-09,0.29
2007-11-10,0.651
2007-11-11,4.275
2007-11-12,9.584
2007-11-13,10.791
2007-11-14,12.537
2007-11-15,14.183
2007-11-16,13.304
2007-11-17,10.846
2007-11-18,9.731
2007-11-19,8.296
2007-11-20,5.577
2007-11-21,3.574
2007-11-22,1.815
2007-11-23,0.615
2007-11-24,0.421
2007-11-25,0.334
2007-11-26,0.26
2007-11-27,0.26
2007-11-28,0.259
2007-11-29,0.26
2007-11-30,0.262
2007-12-01,0.269
2007-12-02,0.415
2007-12-03,1.177
2007-12-04,3.65
2007-12-05,7.752
2007-12-06,9.371
2007-12-07,12.632
2007-12-08,14.867
2007-12-09,14.779
2007-12-10,14.782
2007-12-11,12.185
2007-12-12,7.208
2007-12-13,2.104
2007-12-14,2.201
2007-12-15,2.201
2007-12-16,1.755
2007-12-17,1.277
2007-12-18,0.536
2007-12-19,0.538
2007-12-20,0.537
2007-12-21,0.534
2007-12-22,0.535
2007-12-23,0.493
2007-12-24,0.492
2007-12-25,0.492
2007-12-26,0.493
2007-12-27,0.492
2007-12-28,0.491
2007-12-29,0.489
2007-12-30,0.49
2007-12-31,0.411
2008-01-01,0.411
2008-01-02,0.308
2008-01-03,0.31
2008-01-04,0.31
2008-01-05,0.387
2008-01-06,0.317
2008-01-07,0.283
2008-01-08,0.287
2008-01-09,0.288
2008-01-10,0.295
2008-01-11,0.296
2008-01-12,0.299
2008-01-13,0.292
2008-01-14,0.293
2008-01-15,0.291
2008-01-16,0.288
2008-01-17,0.292
2008-01-18,0.275
2008-01-19,0.281
2008-01-20,0.31
2008-01-21,0.789
2008-01-22,3.267
2008-01-23,8.833
2008-01-24,10.542
2008-01-25,4.03
2008-01-26,5.39
2008-01-27,4.554
2008-01-28,2.48
2008-01-29,1.837
2008-01-30,0.751
2008-01-31,0.234
2008-02-01,0.216
2008-02-02,0.22
2008-02-03,0.256
2008-02-04,0.255
2008-02-05,0.268
2008-02-06,0.275
2008-02-07,0.256
2008-02-08,0.235
2008-02-09,0.223
2008-02-10,0.216
2008-02-11,0.212
2008-02-12,0.213
2008-02-13,0.212
2008-02-14,0.214
2008-02-15,0.212
2008-02-16,0.23
2008-02-17,0.227
2008-02-18,0.229
2008-02-19,0.229
2008-02-20,0.23
2008-02-21,0.154
2008-02-22,0.274
2008-02-23,0.309
2008-02-24,0.292
2008-02-25,0.336
2008-02-26,0.335
2008-02-27,0.317
2008-02-28,0.192
2008-02-29,0.194
2008-03-01,0.208
2008-03-02,0.23
2008-03-03,0.202
2008-03-04,0.201
2008-03-05,0.196
2008-03-06,0.195
2008-03-07,0.216
2008-03-08,0.207
2008-03-09,0.207
2008-03-10,0.205
2008-03-11,0.204
2008-03-12,0.23
2008-03-13,0.21
2008-03-14,0.205
2008-03-15,0.211
2008-03-16,0.208
2008-03-17,0.235
2008-03-18,0.23
2008-03-19,0.216
2008-03-20,0.211
2008-03-21,0.226
2008-03-22,0.709
2008-03-23,8.225
2008-03-24,8.675
2008-03-25,8.645
2008-03-26,8.654
2008-03-27,7.838
2008-03-28,4.103
2008-03-29,4.14
2008-03-30,4.14
2008-03-31,1.266
2008-04-01,0.17
2008-04-02,0.159
2008-04-03,0.149
2008-04-04,0.142
2008-04-05,0.141
2008-04-06,0.144
2008-04-07,0.146
2008-04-08,0.144
2008-04-09,0.143
2008-04-10,0.142
2008-04-11,0.141
2008-04-12,0.14
2008-04-13,0.138
2008-04-14,0.139
2008-04-15,0.148
2008-04-16,0.147
2008-04-17,0.145
2008-04-18,0.144
2008-04-19,0.141
2008-04-20,0.141
2008-04-21,0.139
2008-04-22,0.139
2008-04-23,0.138
2008-04-24,0.14
2008-04-25,0.139
2008-04-26,0.137
2008-04-27,0.137
2008-04-28,0.136
2008-04-29,0.138
2008-04-30,0.138
2008-05-01,0.275
2008-05-02,0.275
2008-05-03,0.264
2008-05-04,0.262
2008-05-05,0.311
2008-05-06,0.489
2008-05-07,0.438
2008-05-08,0.404
2008-05-09,0.399
2008-05-10,0.4
2008-05-11,0.476
2008-05-12,0.508
2008-05-13,0.508
2008-05-14,0.249
2008-05-15,0.489
2008-05-16,0.604
2008-05-17,0.586
2008-05-18,0.505
2008-05-19,0.529
2008-05-20,0.595
2008-05-21,0.595
2008-05-22,0.595
2008-05-23,0.615
2008-05-24,0.623
2008-05-25,0.637
2008-05-26,0.615
2008-05-27,0.615
2008-05-28,0.612
2008-05-29,0.666
2008-05-30,0.584
2008-05-31,0.601
2008-06-01,0.604
2008-06-02,0.61
2008-06-03,0.613
2008-06-04,0.542
2008-06-05,0.489
2008-06-06,0.427
2008-06-07,0.429
2008-06-08,0.459
2008-06-09,0.704
2008-06-10,0.651
2008-06-11,0.631
2008-06-12,0.631
2008-06-13,0.425
2008-06-14,0.258
2008-06-15,0.273
2008-06-16,0.304
2008-06-17,0.61
2008-06-18,0.579
2008-06-19,0.611
2008-06-20,0.611
2008-06-21,0.615
2008-06-22,0.612
2008-06-23,0.67
2008-06-24,0.565
2008-06-25,0.574
2008-06-26,0.573
2008-06-27,0.515
2008-06-28,0.518
2008-06-29,0.603
2008-06-30,0.642
2008-07-01,0.726
2008-07-02,0.725
2008-07-03,0.617
2008-07-04,0.545
2008-07-05,0.455
2008-07-06,0.617
2008-07-07,0.615
2008-07-08,0.617
2008-07-09,0.594
2008-07-10,0.557
2008-07-11,0.496
2008-07-12,0.451
2008-07-13,0.382
2008-07-14,0.379
2008-07-15,0.562
2008-07-16,0.619
2008-07-17,0.598
2008-07-18,0.574
2008-07-19,0.54
2008-07-20,0.394
2008-07-21,0.321
2008-07-22,0.238
2008-07-23,0.246
2008-07-24,0.262
2008-07-25,0.26
2008-07-26,0.34
2008-07-27,0.343
2008-07-28,0.339
2008-07-29,0.331
2008-07-30,0.404
2008-07-31,0.439
2008-08-01,0.579
2008-08-02,0.579
2008-08-03,0.582
2008-08-04,0.602
2008-08-05,0.449
2008-08-06,0.387
2008-08-07,0.302
2008-08-08,0.306
2008-08-09,0.271
2008-08-10,0.244
2008-08-11,0.241
2008-08-12,0.197
2008-08-13,0.189
2008-08-14,0.187
2008-08-15,0.189
2008-08-16,0.261
2008-08-17,0.412
2008-08-18,0.47
2008-08-19,0.531
2008-08-20,0.524
2008-08-21,0.581
2008-08-22,0.534
2008-08-23,0.611
2008-08-24,0.456
2008-08-25,0.459
2008-08-26,0.436
2008-08-27,0.476
2008-08-28,0.543
2008-08-29,0.598
2008-08-30,0.597
2008-08-31,0.594
2008-09-01,0.624
2008-09-02,0.493
2008-09-03,0.565
2008-09-04,0.412
2008-09-05,0.438
2008-09-06,0.459
2008-09-07,0.378
2008-09-08,0.398
2008-09-09,0.459
2008-09-10,0.588
2008-09-11,0.584
2008-09-12,0.539
2008-09-13,0.5
2008-09-14,0.484
2008-09-15,0.497
2008-09-16,0.541
2008-09-17,0.54
2008-09-18,0.534
2008-09-19,0.598
2008-09-20,0.625
2008-09-21,0.626
2008-09-22,0.624
2008-09-23,0.635
2008-09-24,0.646
2008-09-25,0.55
2008-09-26,0.622
2008-09-27,0.66
2008-09-28,0.66
2008-09-29,0.662
2008-09-30,0.643
2008-10-01,0.577
2008-10-02,0.322
2008-10-03,0.317
2008-10-04,0.277
2008-10-05,0.272
2008-10-06,0.349
2008-10-07,0.299
2008-10-08,0.271
2008-10-09,0.248
2008-10-10,0.245
2008-10-11,0.265
2008-10-12,0.264
2008-10-13,0.264
2008-10-14,0.267
2008-10-15,0.277
2008-10-16,0.287
2008-10-17,0.292
2008-10-18,0.286
2008-10-19,0.286
2008-10-20,0.285
2008-10-21,0.288
2008-10-22,0.283
2008-10-23,0.274
2008-10-24,0.358
2008-10-25,0.351
2008-10-26,0.349
2008-10-27,0.394
2008-10-28,0.316
2008-10-29,0.309
2008-10-30,0.307
2008-10-31,0.309
2008-11-01,0.307
2008-11-02,0.307
2008-11-03,0.306
2008-11-04,0.294
2008-11-05,0.294
2008-11-06,0.318
2008-11-07,0.343
2008-11-08,0.363
2008-11-09,0.492
2008-11-10,0.454
2008-11-11,0.316
2008-11-12,0.16
2008-11-13,0.263
2008-11-14,0.156
2008-11-15,0.221
2008-11-16,0.22
2008-11-17,0.217
2008-11-18,0.22
2008-11-19,0.246
2008-11-20,0.233
2008-11-21,0.242
2008-11-22,0.263
2008-11-23,0.251
2008-11-24,0.245
2008-11-25,0.25
2008-11-26,0.247
2008-11-27,0.245
2008-11-28,0.244
2008-11-29,0.244
2008-11-30,0.254
2008-12-01,0.254
2008-12-02,0.252
2008-12-03,0.253
2008-12-04,0.258
2008-12-05,0.269
2008-12-06,0.285
2008-12-07,0.29
2008-12-08,0.276
2008-12-09,0.262
2008-12-10,0.254
2008-12-11,0.25
2008-12-12,0.249
2008-12-13,0.248
2008-12-14,0.246
2008-12-15,0.245
2008-12-16,0.246
2008-12-17,0.245
2008-12-18,0.247
2008-12-19,0.246
2008-12-20,0.249
2008-12-21,0.311
2008-12-22,0.296
2008-12-23,0.285
2008-12-24,0.249
2008-12-25,0.264
2008-12-26,0.258
2008-12-27,0.254
2008-12-28,0.25
2008-12-29,0.254
2008-12-30,0.254
2008-12-31,0.255
2009-01-01,0.25
2009-01-02,0.25
2009-01-03,0.25
2009-01-04,0.249
2009-01-05,0.251
2009-01-06,0.25
2009-01-07,0.249
2009-01-08,0.271
2009-01-09,0.271
2009-01-10,0.272
2009-01-11,0.274
2009-01-12,0.274
2009-01-13,0.284
2009-01-14,0.289
2009-01-15,0.289
2009-01-16,0.29
2009-01-17,0.317
2009-01-18,0.427
2009-01-19,0.381
2009-01-20,0.276
2009-01-21,0.274
2009-01-22,0.272
2009-01-23,0.274
2009-01-24,0.331
2009-01-25,0.273
2009-01-26,0.262
2009-01-27,0.264
2009-01-28,0.26
2009-01-29,0.259
2009-01-30,0.257
2009-01-31,0.267
2009-02-01,0.267
2009-02-02,0.267
2009-02-03,0.265
2009-02-04,0.267
2009-02-05,0.264
2009-02-06,0.267
2009-02-07,0.264
2009-02-08,0.265
2009-02-09,0.265
2009-02-10,0.32
2009-02-11,0.241
2009-02-12,0.236
2009-02-13,0.229
2009-02-14,0.23
2009-02-15,0.225
2009-02-16,0.224
2009-02-17,0.272
2009-02-18,0.242
2009-02-19,0.218
2009-02-20,0.232
2009-02-21,0.227
2009-02-22,0.238
2009-02-23,0.235
2009-02-24,0.235
2009-02-25,0.227
2009-02-26,0.226
2009-02-27,0.227
2009-02-28,0.238
2009-03-01,0.239
2009-03-02,0.23
2009-03-03,0.228
2009-03-04,0.224
2009-03-05,0.223
2009-03-06,0.193
2009-03-07,0.247
2009-03-08,0.237
2009-03-09,0.248
2009-03-10,0.241
2009-03-11,0.288
2009-03-12,0.249
2009-03-13,0.288
2009-03-14,0.273
2009-03-15,1.59
2009-03-16,3.679
2009-03-17,5.087
2009-03-18,4.807
2009-03-19,4.339
2009-03-20,3.053
2009-03-21,1.755
2009-03-22,1.149
2009-03-23,0.609
2009-03-24,0.477
2009-03-25,0.188
2009-03-26,0.441
2009-03-27,0.624
2009-03-28,4.64
2009-03-29,8.161
2009-03-30,6.749
2009-03-31,3.882
2009-04-01,0.653
2009-04-02,0.62
2009-04-03,0.682
2009-04-04,0.682
2009-04-05,0.685
2009-04-06,0.685
2009-04-07,0.677
2009-04-08,0.637
2009-04-09,0.564
2009-04-10,0.417
2009-04-11,0.391
2009-04-12,0.375
2009-04-13,0.364
2009-04-14,0.363
2009-04-15,0.363
2009-04-16,0.362
2009-04-17,0.362
2009-04-18,0.37
2009-04-19,0.405
2009-04-20,0.321
2009-04-21,0.322
2009-04-22,0.32
2009-04-23,0.322
2009-04-24,0.322
2009-04-25,0.445
2009-04-26,0.444
2009-04-27,0.394
2009-04-28,0.277
2009-04-29,0.271
2009-04-30,0.268
2009-05-01,0.269
2009-05-02,0.266
2009-05-03,0.458
2009-05-04,0.436
2009-05-05,0.415
2009-05-06,0.423
2009-05-07,0.337
2009-05-08,0.307
2009-05-09,0.31
2009-05-10,0.31
2009-05-11,0.309
2009-05-12,0.276
2009-05-13,0.277
2009-05-14,0.519
2009-05-15,0.51
2009-05-16,0.51
2009-05-17,0.43
2009-05-18,0.386
2009-05-19,0.413
2009-05-20,0.452
2009-05-21,0.451
2009-05-22,0.449
2009-05-23,0.511
2009-05-24,0.561
2009-05-25,0.527
2009-05-26,0.595
2009-05-27,0.571
2009-05-28,0.576
2009-05-29,0.568
2009-05-30,0.584
2009-05-31,0.651
2009-06-01,0.647
2009-06-02,0.666
2009-06-03,0.667
2009-06-04,0.672
2009-06-05,0.679
2009-06-06,0.68
2009-06-07,0.685
2009-06-08,0.627
2009-06-09,0.6
2009-06-10,0.598
2009-06-11,0.651
2009-06-12,0.449
2009-06-13,0.369
2009-06-14,0.443
2009-06-15,0.584
2009-06-16,0.156
2009-06-17,0.613
2009-06-18,0.607
2009-06-19,0.602
2009-06-20,0.588
2009-06-21,0.699
2009-06-22,0.666
2009-06-23,0.669
2009-06-24,0.666
2009-06-25,0.702
2009-06-26,0.685
2009-06-27,0.709
2009-06-28,0.709
2009-06-29,0.706
2009-06-30,0.704
2009-07-01,0.709
2009-07-02,0.788
2009-07-03,0.7
2009-07-04,0.713
2009-07-05,0.713
2009-07-06,0.712
2009-07-07,0.713
2009-07-08,0.713
2009-07-09,0.671
2009-07-10,0.688
2009-07-11,0.634
2009-07-12,0.601
2009-07-13,0.561
2009-07-14,0.524
2009-07-15,0.546
2009-07-16,0.574
2009-07-17,0.7
2009-07-18,0.701
2009-07-19,0.642
2009-07-20,0.561
2009-07-21,0.515
2009-07-22,0.655
2009-07-23,0.537
2009-07-24,0.563
2009-07-25,0.565
2009-07-26,0.514
2009-07-27,0.566
2009-07-28,0.612
2009-07-29,0.617
2009-07-30,0.665
2009-07-31,0.614
2009-08-01,0.614
2009-08-02,0.611
2009-08-03,0.705
2009-08-04,0.649
2009-08-05,0.649
2009-08-06,0.699
2009-08-07,0.756
2009-08-08,0.695
2009-08-09,0.627
2009-08-10,0.669
2009-08-11,0.759
2009-08-12,0.639
2009-08-13,0.617
2009-08-14,0.459
2009-08-15,0.566
2009-08-16,0.64
2009-08-17,0.666
2009-08-18,0.659
2009-08-19,0.716
2009-08-20,0.685
2009-08-21,0.677
2009-08-22,0.546
2009-08-23,0.598
2009-08-24,0.648
2009-08-25,0.697
2009-08-26,0.605
2009-08-27,0.601
2009-08-28,0.705
2009-08-29,0.706
2009-08-30,0.788
2009-08-31,0.734
2009-09-01,0.71
2009-09-02,0.684
2009-09-03,0.595
2009-09-04,0.595
2009-09-05,0.553
2009-09-06,0.548
2009-09-07,0.576
2009-09-08,0.659
2009-09-09,0.722
2009-09-10,0.72
2009-09-11,0.705
2009-09-12,0.706
2009-09-13,0.716
2009-09-14,0.716
2009-09-15,0.709
2009-09-16,0.696
2009-09-17,0.684
2009-09-18,0.752
2009-09-19,0.903
2009-09-20,0.909
2009-09-21,0.843
2009-09-22,0.843
2009-09-23,0.821
2009-09-24,0.773
2009-09-25,0.727
2009-09-26,1.018
2009-09-27,1.484
2009-09-28,1.112
2009-09-29,0.907
2009-09-30,0.737
2009-10-01,0.763
2009-10-02,0.765
2009-10-03,0.769
2009-10-04,0.769
2009-10-05,0.773
2009-10-06,0.778
2009-10-07,0.605
2009-10-08,0.6
2009-10-09,0.385
2009-10-10,0.361
2009-10-11,0.303
2009-10-12,0.292
2009-10-13,0.289
2009-10-14,0.289
2009-10-15,0.247
2009-10-16,0.306
2009-10-17,0.311
2009-10-18,0.322
2009-10-19,0.398
2009-10-20,0.631
2009-10-21,0.62
2009-10-22,0.661
2009-10-23,0.662
2009-10-24,0.677
2009-10-25,0.686
2009-10-26,0.637
2009-10-27,0.682
2009-10-28,0.699
2009-10-29,0.724
2009-10-30,0.714
2009-10-31,0.714
2009-11-01,0.712
2009-11-02,0.72
2009-11-03,0.501
2009-11-04,0.453
2009-11-05,0.449
2009-11-06,0.311
2009-11-07,0.301
2009-11-08,0.303
2009-11-09,0.301
2009-11-10,0.305
2009-11-11,0.289
2009-11-12,0.284
2009-11-13,0.157
2009-11-14,0.149
2009-11-15,0.15
2009-11-16,0.151
2009-11-17,0.147
2009-11-18,0.147
2009-11-19,0.147
2009-11-20,0.246
2009-11-21,0.29
2009-11-22,0.288
2009-11-23,0.371
2009-11-24,0.311
2009-11-25,0.31
2009-11-26,0.205
2009-11-27,0.261
2009-11-28,0.259
2009-11-29,0.262
2009-11-30,0.263
2009-12-01,0.26
2009-12-02,0.259
2009-12-03,0.236
2009-12-04,0.231
2009-12-05,0.241
2009-12-06,0.25
2009-12-07,0.264
2009-12-08,0.264
2009-12-09,0.269
2009-12-10,0.267
2009-12-11,0.285
2009-12-12,0.278
2009-12-13,0.269
2009-12-14,0.261
2009-12-15,0.258
2009-12-16,0.254
2009-12-17,0.253
2009-12-18,0.252
2009-12-19,0.253
2009-12-20,0.258
2009-12-21,0.393
2009-12-22,0.277
2009-12-23,0.241
2009-12-24,0.256
2009-12-25,0.266
2009-12-26,0.302
2009-12-27,0.287
2009-12-28,0.279
2009-12-29,0.237
2009-12-30,0.252
2009-12-31,0.26
2010-01-01,0.252
2010-01-02,0.242
2010-01-03,0.234
2010-01-04,0.232
2010-01-05,0.229
2010-01-06,0.229
2010-01-07,0.229
2010-01-08,0.221
2010-01-09,0.247
2010-01-10,0.193
2010-01-11,0.229
2010-01-12,0.22
2010-01-13,0.219
2010-01-14,0.264
2010-01-15,0.265
2010-01-16,0.238
2010-01-17,0.295
2010-01-18,0.299
2010-01-19,0.25
2010-01-20,0.253
2010-01-21,0.25
2010-01-22,0.247
2010-01-23,0.245
2010-01-24,0.244
2010-01-25,0.243
2010-01-26,0.223
2010-01-27,0.195
2010-01-28,0.204
2010-01-29,0.242
2010-01-30,0.246
2010-01-31,0.246
2010-02-01,0.243
2010-02-02,0.245
2010-02-03,0.232
2010-02-04,0.245
2010-02-05,0.239
2010-02-06,0.248
2010-02-07,0.248
2010-02-08,0.247
2010-02-09,0.242
2010-02-10,0.233
2010-02-11,0.229
2010-02-12,0.225
2010-02-13,0.223
2010-02-14,0.222
2010-02-15,0.222
2010-02-16,0.221
2010-02-17,0.22
2010-02-18,0.221
2010-02-19,0.222
2010-02-20,0.222
2010-02-21,0.225
2010-02-22,0.226
2010-02-23,0.266
2010-02-24,0.306
2010-02-25,0.272
2010-02-26,0.201
2010-02-27,0.285
2010-02-28,0.263
2010-03-01,0.244
2010-03-02,0.238
2010-03-03,0.238
2010-03-04,0.233
2010-03-05,0.231
2010-03-06,0.234
2010-03-07,0.23
2010-03-08,0.23
2010-03-09,0.229
2010-03-10,0.227
2010-03-11,0.228
2010-03-12,0.227
2010-03-13,0.229
2010-03-14,0.228
2010-03-15,0.232
2010-03-16,0.245
2010-03-17,0.252
2010-03-18,0.243
2010-03-19,0.236
2010-03-20,0.234
2010-03-21,0.236
2010-03-22,0.263
2010-03-23,0.258
2010-03-24,0.245
2010-03-25,0.239
2010-03-26,0.237
2010-03-27,0.24
2010-03-28,0.238
2010-03-29,0.238
2010-03-30,0.264
2010-03-31,0.248
2010-04-01,0.243
2010-04-02,0.237
2010-04-03,0.235
2010-04-04,0.234
2010-04-05,0.234
2010-04-06,0.233
2010-04-07,0.233
2010-04-08,0.234
2010-04-09,0.332
2010-04-10,0.287
2010-04-11,0.286
2010-04-12,0.286
2010-04-13,0.22
2010-04-14,0.288
2010-04-15,0.286
2010-04-16,0.396
2010-04-17,0.347
2010-04-18,0.379
2010-04-19,0.379
2010-04-20,0.245
2010-04-21,0.392
2010-04-22,0.362
2010-04-23,0.31
2010-04-24,0.349
2010-04-25,0.365
2010-04-26,0.493
2010-04-27,0.382
2010-04-28,0.382
2010-04-29,0.445
2010-04-30,0.444
2010-05-01,0.444
2010-05-02,0.529
2010-05-03,0.47
2010-05-04,0.475
2010-05-05,0.511
2010-05-06,0.554
2010-05-07,0.449
2010-05-08,0.295
2010-05-09,0.291
2010-05-10,0.362
2010-05-11,0.472
2010-05-12,0.476
2010-05-13,0.327
2010-05-14,0.452
2010-05-15,0.45
2010-05-16,0.496
2010-05-17,0.5
2010-05-18,0.495
2010-05-19,0.592
2010-05-20,0.586
2010-05-21,0.586
2010-05-22,0.586
2010-05-23,0.652
2010-05-24,0.663
2010-05-25,0.731
2010-05-26,0.65
2010-05-27,0.342
2010-05-28,0.329
2010-05-29,0.666
2010-05-30,0.717
2010-05-31,0.314
2010-06-01,0.273
2010-06-02,0.276
2010-06-03,0.275
2010-06-04,0.274
2010-06-05,0.47
2010-06-06,0.468
2010-06-07,0.57
2010-06-08,0.559
2010-06-09,0.6
2010-06-10,0.648
2010-06-11,0.6
2010-06-12,0.63
2010-06-13,0.626
2010-06-14,0.624
2010-06-15,0.659
2010-06-16,0.667
2010-06-17,0.662
2010-06-18,0.712
2010-06-19,0.716
2010-06-20,0.717
2010-06-21,0.72
2010-06-22,0.718
2010-06-23,0.719
2010-06-24,0.714
2010-06-25,0.79
2010-06-26,0.741
2010-06-27,0.737
2010-06-28,0.741
2010-06-29,0.759
2010-06-30,0.761
2010-07-01,0.757
2010-07-02,0.759
2010-07-03,0.756
2010-07-04,0.837
2010-07-05,0.778
2010-07-06,0.735
2010-07-07,0.777
2010-07-08,0.775
2010-07-09,0.837
2010-07-10,0.838
2010-07-11,0.825
2010-07-12,0.821
2010-07-13,0.753
2010-07-14,0.754
2010-07-15,0.77
2010-07-16,0.712
2010-07-17,0.779
2010-07-18,0.622
2010-07-19,0.823
2010-07-20,0.782
2010-07-21,0.83
2010-07-22,0.835
2010-07-23,0.706
2010-07-24,0.753
2010-07-25,0.726
2010-07-26,0.774
2010-07-27,0.579
2010-07-28,0.63
2010-07-29,0.615
2010-07-30,0.559
2010-07-31,0.472
2010-08-01,0.533
2010-08-02,0.594
2010-08-03,0.78
2010-08-04,0.696
2010-08-05,0.687
2010-08-06,0.698
2010-08-07,0.796
2010-08-08,0.704
2010-08-09,0.556
2010-08-10,0.642
2010-08-11,0.774
2010-08-12,0.432
2010-08-13,0.341
2010-08-14,0.669
2010-08-15,0.681
2010-08-16,0.676
2010-08-17,0.318
2010-08-18,0.277
2010-08-19,0.267
2010-08-20,0.262
2010-08-21,0.279
2010-08-22,0.389
2010-08-23,0.488
2010-08-24,0.278
2010-08-25,0.273
2010-08-26,0.271
2010-08-27,0.264
2010-08-28,0.192
2010-08-29,0.229
2010-08-30,0.268
2010-08-31,0.269
2010-09-01,0.246
2010-09-02,0.215
2010-09-03,0.232
2010-09-04,0.24
2010-09-05,0.24
2010-09-06,0.246
2010-09-07,0.242
2010-09-08,0.244
2010-09-09,0.252
2010-09-10,0.253
2010-09-11,0.251
2010-09-12,0.253
2010-09-13,0.42
2010-09-14,0.307
2010-09-15,0.313
2010-09-16,0.244
2010-09-17,0.258
2010-09-18,0.257
2010-09-19,0.259
2010-09-20,0.26
2010-09-21,0.259
2010-09-22,0.25
2010-09-23,0.229
2010-09-24,0.335
2010-09-25,0.209
2010-09-26,0.206
2010-09-27,0.202
2010-09-28,0.24
2010-09-29,0.242
2010-09-30,0.261
2010-10-01,0.262
2010-10-02,0.258
2010-10-03,0.264
2010-10-04,0.257
2010-10-05,0.253
2010-10-06,0.26
2010-10-07,0.254
2010-10-08,0.25
2010-10-09,0.302
2010-10-10,0.301
2010-10-11,0.393
2010-10-12,0.391
2010-10-13,0.415
2010-10-14,0.418
2010-10-15,0.495
2010-10-16,0.509
2010-10-17,0.402
2010-10-18,0.429
2010-10-19,0.542
2010-10-20,0.441
2010-10-21,0.354
2010-10-22,0.387
2010-10-23,0.38
2010-10-24,0.351
2010-10-25,0.29
2010-10-26,0.281
2010-10-27,0.29
2010-10-28,0.344
2010-10-29,0.341
2010-10-30,0.364
2010-10-31,0.389
2010-11-01,0.414
2010-11-02,0.438
2010-11-03,0.518
2010-11-04,0.524
2010-11-05,0.491
2010-11-06,0.411
2010-11-07,0.394
2010-11-08,0.258
2010-11-09,0.25
2010-11-10,0.262
2010-11-11,0.268
2010-11-12,0.283
2010-11-13,0.309
2010-11-14,0.563
2010-11-15,0.342
2010-11-16,0.249
2010-11-17,0.251
2010-11-18,0.242
2010-11-19,0.239
2010-11-20,0.253
2010-11-21,0.25
2010-11-22,0.271
2010-11-23,0.279
2010-11-24,0.234
2010-11-25,0.272
2010-11-26,0.269
2010-11-27,0.269
2010-11-28,0.358
2010-11-29,0.323
2010-11-30,0.248
2010-12-01,0.364
2010-12-02,0.363
2010-12-03,0.437
2010-12-04,0.433
2010-12-05,0.432
2010-12-06,0.43
2010-12-07,0.517
2010-12-08,0.53
2010-12-09,0.546
2010-12-10,0.461
2010-12-11,0.256
2010-12-12,0.343
2010-12-13,0.3
2010-12-14,0.267
2010-12-15,0.271
2010-12-16,0.264
2010-12-17,0.26
2010-12-18,0.292
2010-12-19,0.29
2010-12-20,0.289
2010-12-21,0.29
2010-12-22,0.286
2010-12-23,0.266
2010-12-24,0.273
2010-12-25,0.272
2010-12-26,0.27
2010-12-27,0.274
2010-12-28,0.271
2010-12-29,0.263
2010-12-30,0.26
2010-12-31,0.261
2011-01-01,0.262
2011-01-02,0.262
2011-01-03,0.264
2011-01-04,0.268
2011-01-05,0.268
2011-01-06,0.27
2011-01-07,0.374
2011-01-08,0.394
2011-01-09,0.403
2011-01-10,0.239
2011-01-11,0.227
2011-01-12,0.239
2011-01-13,0.34
2011-01-14,0.435
2011-01-15,0.268
2011-01-16,0.243
2011-01-17,0.266
2011-01-18,0.702
2011-01-19,4.144
2011-01-20,5.085
2011-01-21,5.025
2011-01-22,2.531
2011-01-23,2.278
2011-01-24,1.534
2011-01-25,0.699
2011-01-26,0.704
2011-01-27,0.585
2011-01-28,0.584
2011-01-29,0.581
2011-01-30,0.579
2011-01-31,0.58
2011-02-01,0.416
2011-02-02,0.289
2011-02-03,0.222
2011-02-04,0.242
2011-02-05,0.201
2011-02-06,0.199
2011-02-07,0.2
2011-02-08,0.206
2011-02-09,0.207
2011-02-10,0.21
2011-02-11,0.216
2011-02-12,0.174
2011-02-13,0.238
2011-02-14,0.261
2011-02-15,0.181
2011-02-16,0.172
2011-02-17,0.173
2011-02-18,0.179
2011-02-19,0.175
2011-02-20,0.179
2011-02-21,0.206
2011-02-22,0.221
2011-02-23,0.218
2011-02-24,0.219
2011-02-25,0.219
2011-02-26,0.219
2011-02-27,0.222
2011-02-28,0.223
2011-03-01,0.226
2011-03-02,0.225
2011-03-03,0.226
2011-03-04,0.224
2011-03-05,0.232
2011-03-06,0.227
2011-03-07,0.228
2011-03-08,0.228
2011-03-09,0.229
2011-03-10,0.232
2011-03-11,0.229
2011-03-12,0.23
2011-03-13,0.344
2011-03-14,0.368
2011-03-15,0.414
2011-03-16,0.487
2011-03-17,0.537
2011-03-18,0.515
2011-03-19,0.519
2011-03-20,0.37
2011-03-21,0.473
2011-03-22,0.545
2011-03-23,0.58
2011-03-24,0.55
2011-03-25,0.57
2011-03-26,0.577
2011-03-27,0.591
2011-03-28,0.566
2011-03-29,0.592
2011-03-30,0.642
2011-03-31,0.615
2011-04-01,0.51
2011-04-02,0.511
2011-04-03,0.509
2011-04-04,0.518
2011-04-05,0.439
2011-04-06,0.636
2011-04-07,0.633
2011-04-08,0.717
2011-04-09,0.695
2011-04-10,0.631
2011-04-11,0.691
2011-04-12,0.685
2011-04-13,0.57
2011-04-14,0.648
2011-04-15,0.651
2011-04-16,0.703
2011-04-17,0.707
2011-04-18,0.705
2011-04-19,0.704
2011-04-20,0.705
2011-04-21,0.705
2011-04-22,0.718
2011-04-23,0.724
2011-04-24,0.714
2011-04-25,0.665
2011-04-26,0.746
2011-04-27,0.774
2011-04-28,0.692
2011-04-29,0.741
2011-04-30,0.736
2011-05-01,0.895
2011-05-02,0.802
2011-05-03,0.811
2011-05-04,0.813
2011-05-05,0.817
2011-05-06,0.865
2011-05-07,0.843
2011-05-08,0.844
2011-05-09,0.978
2011-05-10,1.085
2011-05-11,1.087
2011-05-12,1.064
2011-05-13,1.066
2011-05-14,1.088
2011-05-15,1.034
2011-05-16,0.947
2011-05-17,0.841
2011-05-18,0.881
2011-05-19,0.887
2011-05-20,1.037
2011-05-21,1.03
2011-05-22,1.05
2011-05-23,1.052
2011-05-24,0.807
2011-05-25,1.184
2011-05-26,1.116
2011-05-27,1.081
2011-05-28,1.144
2011-05-29,1.191
2011-05-30,1.239
2011-05-31,1.288
2011-06-01,0.934
2011-06-02,0.931
2011-06-03,1.274
2011-06-04,1.281
2011-06-05,1.427
2011-06-06,1.124
2011-06-07,0.923
2011-06-08,0.79
2011-06-09,0.561
2011-06-10,0.611
2011-06-11,0.678
2011-06-12,0.947
2011-06-13,0.788
2011-06-14,0.9
2011-06-15,0.898
2011-06-16,1.052
2011-06-17,1.12
2011-06-18,0.878
2011-06-19,0.878
2011-06-20,0.889
2011-06-21,0.676
2011-06-22,0.672
2011-06-23,0.612
2011-06-24,0.583
2011-06-25,0.726
2011-06-26,0.677
2011-06-27,0.548
2011-06-28,1.115
2011-06-29,0.83
2011-06-30,0.833
2011-07-01,1.106
2011-07-02,0.931
2011-07-03,0.877
2011-07-04,0.968
2011-07-05,1.085
2011-07-06,1.091
2011-07-07,1.087
2011-07-08,1.216
2011-07-09,1.199
2011-07-10,1.21
2011-07-11,1.209
2011-07-12,1.333
2011-07-13,1.418
2011-07-14,1.275
2011-07-15,1.166
2011-07-16,0.744
2011-07-17,1.173
2011-07-18,1.141
2011-07-19,1.16
2011-07-20,0.95
2011-07-21,0.961
2011-07-22,0.979
2011-07-23,1.008
2011-07-24,1.008
2011-07-25,0.791
2011-07-26,0.655
2011-07-27,0.679
2011-07-28,0.574
2011-07-29,0.569
2011-07-30,0.418
2011-07-31,0.388
2011-08-01,0.487
2011-08-02,0.618
2011-08-03,0.666
2011-08-04,0.679
2011-08-05,0.689
2011-08-06,0.69
2011-08-07,0.702
2011-08-08,0.673
2011-08-09,0.658
2011-08-10,0.626
2011-08-11,0.649
2011-08-12,0.739
2011-08-13,0.695
2011-08-14,0.693
2011-08-15,0.624
2011-08-16,0.48
2011-08-17,0.476
2011-08-18,0.476
2011-08-19,0.496
2011-08-20,0.394
2011-08-21,0.374
2011-08-22,0.371
2011-08-23,0.332
2011-08-24,0.334
2011-08-25,0.337
2011-08-26,0.458
2011-08-27,0.472
2011-08-28,0.427
2011-08-29,0.298
2011-08-30,0.237
2011-08-31,0.189
2011-09-01,0.219
2011-09-02,0.192
2011-09-03,0.405
2011-09-04,0.535
2011-09-05,0.543
2011-09-06,0.606
2011-09-07,0.693
2011-09-08,0.531
2011-09-09,0.282
2011-09-10,0.255
2011-09-11,0.252
2011-09-12,0.269
2011-09-13,0.265
2011-09-14,0.261
2011-09-15,0.262
2011-09-16,0.26
2011-09-17,0.471
2011-09-18,0.507
2011-09-19,0.454
2011-09-20,0.342
2011-09-21,0.609
2011-09-22,0.642
2011-09-23,0.694
2011-09-24,0.699
2011-09-25,0.715
2011-09-26,0.715
2011-09-27,0.716
2011-09-28,0.739
2011-09-29,0.971
2011-09-30,0.853
2011-10-01,0.853
2011-10-02,0.878
2011-10-03,0.856
2011-10-04,0.856
2011-10-05,0.835
2011-10-06,0.829
2011-10-07,0.808
2011-10-08,0.68
2011-10-09,0.625
2011-10-10,0.603
2011-10-11,0.46
2011-10-12,0.392
2011-10-13,0.159
2011-10-14,0.257
2011-10-15,0.243
2011-10-16,0.237
2011-10-17,0.234
2011-10-18,0.23
2011-10-19,0.248
2011-10-20,0.413
2011-10-21,0.406
2011-10-22,0.581
2011-10-23,0.605
2011-10-24,0.611
2011-10-25,0.626
2011-10-26,0.604
2011-10-27,0.673
2011-10-28,0.644
2011-10-29,0.643
2011-10-30,0.703
2011-10-31,0.684
2011-11-01,0.702
2011-11-02,0.731
2011-11-03,0.697
2011-11-04,0.697
2011-11-05,0.697
2011-11-06,0.716
2011-11-07,0.715
2011-11-08,0.699
2011-11-09,0.721
2011-11-10,0.713
2011-11-11,0.716
2011-11-12,0.723
2011-11-13,0.721
2011-11-14,0.721
2011-11-15,0.721
2011-11-16,0.734
2011-11-17,0.743
2011-11-18,0.742
2011-11-19,0.739
2011-11-20,0.737
2011-11-21,0.781
2011-11-22,0.781
2011-11-23,0.781
2011-11-24,0.781
2011-11-25,0.752
2011-11-26,0.749
2011-11-27,0.73
2011-11-28,0.729
2011-11-29,0.726
2011-11-30,0.731
2011-12-01,0.729
2011-12-02,0.728
2011-12-03,0.581
2011-12-04,0.647
2011-12-05,0.408
2011-12-06,0.201
2011-12-07,0.203
2011-12-08,0.209
2011-12-09,0.214
2011-12-10,0.204
2011-12-11,0.201
2011-12-12,0.196
2011-12-13,0.224
2011-12-14,0.231
2011-12-15,0.232
2011-12-16,0.227
2011-12-17,0.286
2011-12-18,0.258
2011-12-19,0.253
2011-12-20,0.236
2011-12-21,0.235
2011-12-22,0.244
2011-12-23,0.255
2011-12-24,0.251
2011-12-25,0.249
2011-12-26,0.236
2011-12-27,0.233
2011-12-28,0.229
2011-12-29,0.229
2011-12-30,0.238
2011-12-31,0.236
2012-01-01,0.258
2012-01-02,0.269
2012-01-03,0.293
2012-01-04,0.261
2012-01-05,0.244
2012-01-06,0.278
2012-01-07,0.285
2012-01-08,0.295
2012-01-09,0.268
2012-01-10,0.258
2012-01-11,0.245
2012-01-12,0.141
2012-01-13,0.119
2012-01-14,0.117
2012-01-15,0.115
2012-01-16,0.113
2012-01-17,0.11
2012-01-18,0.109
2012-01-19,0.11
2012-01-20,0.213
2012-01-21,0.156
2012-01-22,0.177
2012-01-23,0.149
2012-01-24,0.131
2012-01-25,0.122
2012-01-26,0.117
2012-01-27,0.115
2012-01-28,0.111
2012-01-29,0.108
2012-01-30,0.107
2012-01-31,0.106
2012-02-01,0.106
2012-02-02,0.127
2012-02-03,0.22
2012-02-04,0.636
2012-02-05,0.634
2012-02-06,0.631
2012-02-07,0.583
2012-02-08,0.635
2012-02-09,0.633
2012-02-10,0.637
2012-02-11,0.637
2012-02-12,0.651
2012-02-13,0.651
2012-02-14,0.651
2012-02-15,0.653
2012-02-16,0.514
2012-02-17,0.388
2012-02-18,0.201
2012-02-19,0.155
2012-02-20,0.145
2012-02-21,0.14
2012-02-22,0.117
2012-02-23,0.15
2012-02-24,0.097
2012-02-25,0.103
2012-02-26,0.102
2012-02-27,0.101
2012-02-28,0.099
2012-02-29,0.1
2012-03-01,0.101
2012-03-02,0.099
2012-03-03,0.097
2012-03-04,0.095
2012-03-05,0.096
2012-03-06,0.103
2012-03-07,0.101
2012-03-08,0.111
2012-03-09,0.109
2012-03-10,0.105
2012-03-11,0.101
2012-03-12,0.097
2012-03-13,0.095
2012-03-14,0.093
2012-03-15,0.093
2012-03-16,0.107
2012-03-17,0.136
2012-03-18,0.162
2012-03-19,0.146
2012-03-20,0.478
2012-03-21,0.48
2012-03-22,0.478
2012-03-23,0.542
2012-03-24,0.542
2012-03-25,0.542
2012-03-26,0.581
2012-03-27,0.602
2012-03-28,0.705
2012-03-29,0.66
2012-03-30,0.656
2012-03-31,0.629
2012-04-01,0.648
2012-04-02,0.686
2012-04-03,0.66
2012-04-04,0.645
2012-04-05,0.594
2012-04-06,0.633
2012-04-07,0.676
2012-04-08,0.678
2012-04-09,0.682
2012-04-10,0.573
2012-04-11,0.246
2012-04-12,0.309
2012-04-13,0.261
2012-04-14,0.239
2012-04-15,0.471
2012-04-16,0.45
2012-04-17,0.434
2012-04-18,0.587
2012-04-19,0.569
2012-04-20,0.569
2012-04-21,0.548
2012-04-22,0.444
2012-04-23,0.278
2012-04-24,0.346
2012-04-25,0.351
2012-04-26,0.184
2012-04-27,0.159
2012-04-28,0.163
2012-04-29,0.159
2012-04-30,0.158
2012-05-01,0.147
2012-05-02,0.148
2012-05-03,0.15
2012-05-04,0.144
2012-05-05,0.251
2012-05-06,0.135
2012-05-07,0.159
2012-05-08,0.274
2012-05-09,0.432
2012-05-10,0.298
2012-05-11,0.422
2012-05-12,0.489
2012-05-13,0.487
2012-05-14,0.524
2012-05-15,0.581
2012-05-16,0.417
2012-05-17,0.361
2012-05-18,0.555
2012-05-19,0.614
2012-05-20,0.64
2012-05-21,0.658
2012-05-22,0.658
2012-05-23,0.676
2012-05-24,0.73
2012-05-25,0.709
2012-05-26,0.71
2012-05-27,0.752
2012-05-28,0.752
2012-05-29,0.785
2012-05-30,0.785
2012-05-31,0.785
2012-06-01,0.849
2012-06-02,0.675
2012-06-03,0.87
2012-06-04,0.162
2012-06-05,0.823
2012-06-06,0.68
2012-06-07,0.478
2012-06-08,0.636
2012-06-09,0.749
2012-06-10,0.701
2012-06-11,0.756
2012-06-12,0.806
2012-06-13,0.432
2012-06-14,0.514
2012-06-15,0.764
2012-06-16,0.663
2012-06-17,0.553
2012-06-18,0.58
2012-06-19,0.58
2012-06-20,0.697
2012-06-21,0.515
2012-06-22,0.711
2012-06-23,0.54
2012-06-24,0.752
2012-06-25,0.755
2012-06-26,0.667
2012-06-27,0.667
2012-06-28,0.568
2012-06-29,0.76
2012-06-30,0.671
2012-07-01,0.593
2012-07-02,0.616
2012-07-03,0.688
2012-07-04,0.727
2012-07-05,0.781
2012-07-06,0.781
2012-07-07,0.557
2012-07-08,0.704
2012-07-09,0.734
2012-07-10,0.572
2012-07-11,0.538
2012-07-12,0.125
2012-07-13,0.128
2012-07-14,0.118
2012-07-15,0.12
2012-07-16,0.135
2012-07-17,0.158
2012-07-18,0.152
2012-07-19,0.128
2012-07-20,0.165
2012-07-21,0.161
2012-07-22,0.161
2012-07-23,0.236
2012-07-24,0.524
2012-07-25,0.647
2012-07-26,0.68
2012-07-27,0.682
2012-07-28,0.834
2012-07-29,0.611
2012-07-30,0.615
2012-07-31,0.535
2012-08-01,0.699
2012-08-02,0.899
2012-08-03,0.914
2012-08-04,0.931
2012-08-05,1.052
2012-08-06,0.698
2012-08-07,0.631
2012-08-08,0.863
2012-08-09,1.225
2012-08-10,1.155
2012-08-11,1.171
2012-08-12,1.19
2012-08-13,1.212
2012-08-14,1.492
2012-08-15,1.661
2012-08-16,1.779
2012-08-17,1.168
2012-08-18,1.355
2012-08-19,1.406
2012-08-20,1.277
2012-08-21,1.376
2012-08-22,1.369
2012-08-23,1.423
2012-08-24,1.29
2012-08-25,0.897
2012-08-26,0.776
2012-08-27,0.876
2012-08-28,0.785
2012-08-29,0.931
2012-08-30,1.067
2012-08-31,1.136
2012-09-01,1.187
2012-09-02,0.728
2012-09-03,0.823
2012-09-04,1.25
2012-09-05,1.263
2012-09-06,1.413
2012-09-07,1.413
2012-09-08,1.468
2012-09-09,1.618
2012-09-10,1.604
2012-09-11,1.604
2012-09-12,1.277
2012-09-13,1.277
2012-09-14,1.197
2012-09-15,1.379
2012-09-16,1.283
2012-09-17,1.505
2012-09-18,1.565
2012-09-19,1.576
2012-09-20,1.618
2012-09-21,1.464
2012-09-22,1.478
2012-09-23,1.505
2012-09-24,1.509
2012-09-25,1.492
2012-09-26,1.329
2012-09-27,0.485
2012-09-28,0.734
2012-09-29,1.165
2012-09-30,1.199
2012-10-01,1.199
2012-10-02,1.396
2012-10-03,1.386
2012-10-04,1.457
2012-10-05,0.269
2012-10-06,0.215
2012-10-07,0.155
2012-10-08,0.15
2012-10-09,0.147
2012-10-10,0.146
2012-10-11,0.453
2012-10-12,0.683
2012-10-13,0.516
2012-10-14,0.656
2012-10-15,0.622
2012-10-16,0.388
2012-10-17,0.293
2012-10-18,0.538
2012-10-19,0.462
2012-10-20,0.734
2012-10-21,0.635
2012-10-22,0.709
2012-10-23,0.829
2012-10-24,1.028
2012-10-25,0.96
2012-10-26,0.931
2012-10-27,1.043
2012-10-28,1.052
2012-10-29,1.052
2012-10-30,0.798
2012-10-31,0.156
2012-11-01,0.524
2012-11-02,0.561
2012-11-03,0.498
2012-11-04,0.25
2012-11-05,0.251
2012-11-06,0.18
2012-11-07,0.181
2012-11-08,0.151
2012-11-09,0.155
2012-11-10,0.149
2012-11-11,0.148
2012-11-12,0.145
2012-11-13,0.229
2012-11-14,0.388
2012-11-15,0.457
2012-11-16,0.51
2012-11-17,0.563
2012-11-18,0.561
2012-11-19,0.563
2012-11-20,0.605
2012-11-21,0.688
2012-11-22,0.656
2012-11-23,0.647
2012-11-24,0.768
2012-11-25,0.501
2012-11-26,0.5
2012-11-27,0.473
2012-11-28,0.217
2012-11-29,0.214
2012-11-30,0.17
2012-12-01,0.246
2012-12-02,0.533
2012-12-03,0.16
2012-12-04,0.161
2012-12-05,0.137
2012-12-06,0.135
2012-12-07,0.131
2012-12-08,0.13
2012-12-09,0.128
2012-12-10,0.13
2012-12-11,0.142
2012-12-12,0.14
2012-12-13,0.135
2012-12-14,0.132
2012-12-15,0.156
2012-12-16,0.156
2012-12-17,0.152
2012-12-18,0.158
2012-12-19,0.154
2012-12-20,0.146
2012-12-21,0.142
2012-12-22,0.145
2012-12-23,0.157
2012-12-24,0.277
2012-12-25,0.185
2012-12-26,0.148
2012-12-27,0.153
2012-12-28,0.158
2012-12-29,0.144
2012-12-30,0.124
2012-12-31,0.113
2013-01-01,0.106
2013-01-02,0.115
2013-01-03,0.113
2013-01-04,0.221
2013-01-05,0.11
2013-01-06,0.11
2013-01-07,0.103
2013-01-08,0.096
2013-01-09,0.098
2013-01-10,0.097
2013-01-11,0.104
2013-01-12,0.102
2013-01-13,0.102
2013-01-14,0.101
2013-01-15,0.101
2013-01-16,0.099
2013-01-17,0.097
2013-01-18,0.097
2013-01-19,0.173
2013-01-20,0.173
2013-01-21,0.167
2013-01-22,0.452
2013-01-23,0.471
2013-01-24,0.518
2013-01-25,0.57
2013-01-26,0.574
2013-01-27,0.574
2013-01-28,0.583
2013-01-29,0.461
2013-01-30,0.232
2013-01-31,0.143
2013-02-01,0.125
2013-02-02,0.131
2013-02-03,0.129
2013-02-04,0.129
2013-02-05,0.155
2013-02-06,0.142
2013-02-07,0.129
2013-02-08,0.121
2013-02-09,0.118
2013-02-10,0.114
2013-02-11,0.113
2013-02-12,0.109
2013-02-13,0.107
2013-02-14,0.105
2013-02-15,0.102
2013-02-16,0.102
2013-02-17,0.102
2013-02-18,0.108
2013-02-19,0.108
2013-02-20,0.107
2013-02-21,0.106
2013-02-22,0.255
2013-02-23,0.255
2013-02-24,0.256
2013-02-25,0.257
2013-02-26,0.272
2013-02-27,0.43
2013-02-28,0.544
2013-03-01,0.478
2013-03-02,0.551
2013-03-03,0.551
2013-03-04,0.583
2013-03-05,0.601
2013-03-06,0.669
2013-03-07,0.607
2013-03-08,0.606
2013-03-09,0.574
2013-03-10,0.14
2013-03-11,0.14
2013-03-12,0.14
2013-03-13,0.139
2013-03-14,0.138
2013-03-15,0.136
2013-03-16,0.135
2013-03-17,0.147
2013-03-18,0.139
2013-03-19,0.138
2013-03-20,0.163
2013-03-21,0.138
2013-03-22,0.138
2013-03-23,0.138
2013-03-24,0.138
2013-03-25,0.138
2013-03-26,0.138
2013-03-27,0.173
2013-03-28,0.283
2013-03-29,0.283
2013-03-30,0.25
2013-03-31,0.248
2013-04-01,0.344
2013-04-02,0.539
2013-04-03,0.546
2013-04-04,0.601
2013-04-05,0.601
2013-04-06,0.605
2013-04-07,0.614
2013-04-08,0.633
2013-04-09,0.633
2013-04-10,0.581
2013-04-11,0.605
2013-04-12,0.521
2013-04-13,0.459
2013-04-14,0.551
2013-04-15,0.601
2013-04-16,0.634
2013-04-17,0.636
2013-04-18,0.636
2013-04-19,0.64
2013-04-20,0.624
2013-04-21,0.559
2013-04-22,0.603
2013-04-23,0.719
2013-04-24,0.739
2013-04-25,0.703
2013-04-26,0.707
2013-04-27,0.712
2013-04-28,0.583
2013-04-29,0.795
2013-04-30,0.68
2013-05-01,0.785
2013-05-02,0.795
2013-05-03,0.8
2013-05-04,0.781
2013-05-05,0.8
2013-05-06,0.8
2013-05-07,0.926
2013-05-08,0.933
2013-05-09,0.795
2013-05-10,0.79
2013-05-11,0.795
2013-05-12,0.794
2013-05-13,0.725
2013-05-14,0.529
2013-05-15,0.618
2013-05-16,0.707
2013-05-17,0.609
2013-05-18,0.522
2013-05-19,0.656
2013-05-20,0.749
2013-05-21,0.327
2013-05-22,0.592
2013-05-23,0.232
2013-05-24,0.163
2013-05-25,0.268
2013-05-26,0.266
2013-05-27,0.199
2013-05-28,0.203
2013-05-29,0.205
2013-05-30,0.149
2013-05-31,0.149
2013-06-01,0.146
2013-06-02,0.143
2013-06-03,0.139
2013-06-04,0.224
2013-06-05,0.348
2013-06-06,0.601
2013-06-07,0.603
2013-06-08,0.603
2013-06-09,0.633
2013-06-10,0.714
2013-06-11,0.631
2013-06-12,0.768
2013-06-13,0.732
2013-06-14,0.703
2013-06-15,0.546
2013-06-16,0.692
2013-06-17,0.692
2013-06-18,0.777
2013-06-19,0.728
2013-06-20,0.739
2013-06-21,0.486
2013-06-22,0.327
2013-06-23,0.291
2013-06-24,0.252
2013-06-25,0.172
2013-06-26,0.171
2013-06-27,0.371
2013-06-28,0.179
2013-06-29,0.14
2013-06-30,0.165
2013-07-01,0.151
2013-07-02,0.143
2013-07-03,0.142
2013-07-04,0.14
2013-07-05,0.173
2013-07-06,0.354
2013-07-07,0.498
2013-07-08,0.499
2013-07-09,0.531
2013-07-10,0.529
2013-07-11,0.627
2013-07-12,0.658
2013-07-13,0.651
2013-07-14,0.688
2013-07-15,0.739
2013-07-16,0.701
2013-07-17,0.701
2013-07-18,0.87
2013-07-19,0.835
2013-07-20,0.734
2013-07-21,0.993
2013-07-22,0.887
2013-07-23,0.885
2013-07-24,0.887
2013-07-25,0.931
2013-07-26,0.334
2013-07-27,0.544
2013-07-28,0.712
2013-07-29,0.647
2013-07-30,0.678
2013-07-31,0.749
2013-08-01,0.8
2013-08-02,0.887
2013-08-03,0.887
2013-08-04,0.887
2013-08-05,0.887
2013-08-06,0.881
2013-08-07,0.96
2013-08-08,0.903
2013-08-09,0.908
2013-08-10,0.903
2013-08-11,0.993
2013-08-12,0.993
2013-08-13,0.993
2013-08-14,0.982
2013-08-15,0.887
2013-08-16,1.076
2013-08-17,0.887
2013-08-18,0.931
2013-08-19,0.95
2013-08-20,0.59
2013-08-21,0.856
2013-08-22,0.94
2013-08-23,1.064
2013-08-24,1.064
2013-08-25,0.895
2013-08-26,0.742
2013-08-27,0.856
2013-08-28,1.052
2013-08-29,0.96
2013-08-30,0.96
2013-08-31,0.96
2013-09-01,0.96
2013-09-02,0.882
2013-09-03,0.878
2013-09-04,1.016
2013-09-05,1.064
2013-09-06,1.064
2013-09-07,1.064
2013-09-08,1.076
2013-09-09,0.384
2013-09-10,0.612
2013-09-11,0.585
2013-09-12,0.232
2013-09-13,0.459
2013-09-14,0.339
2013-09-15,0.339
2013-09-16,0.35
2013-09-17,0.186
2013-09-18,0.16
2013-09-19,0.159
2013-09-20,0.274
2013-09-21,0.165
2013-09-22,0.311
2013-09-23,0.383
2013-09-24,0.522
2013-09-25,0.522
2013-09-26,0.625
2013-09-27,0.627
2013-09-28,0.697
2013-09-29,0.697
2013-09-30,0.676
2013-10-01,0.716
2013-10-02,0.716
2013-10-03,0.728
2013-10-04,0.728
2013-10-05,0.695
2013-10-06,0.339
2013-10-07,0.686
2013-10-08,0.785
2013-10-09,0.746
2013-10-10,0.752
2013-10-11,0.535
2013-10-12,0.773
2013-10-13,0.647
2013-10-14,0.707
2013-10-15,0.712
2013-10-16,0.288
2013-10-17,0.482
2013-10-18,0.459
2013-10-19,0.507
2013-10-20,0.559
2013-10-21,0.607
2013-10-22,0.566
2013-10-23,0.605
2013-10-24,0.208
2013-10-25,0.292
2013-10-26,0.162
2013-10-27,0.152
2013-10-28,0.209
2013-10-29,0.207
2013-10-30,0.203
2013-10-31,0.32
2013-11-01,0.294
2013-11-02,0.175
2013-11-03,0.201
2013-11-04,0.202
2013-11-05,0.205
2013-11-06,0.219
2013-11-07,0.225
2013-11-08,0.232
2013-11-09,0.262
2013-11-10,0.23
2013-11-11,0.212
2013-11-12,0.207
2013-11-13,0.155
2013-11-14,0.152
2013-11-15,0.149
2013-11-16,0.146
2013-11-17,0.146
2013-11-18,0.145
2013-11-19,0.143
2013-11-20,0.142
2013-11-21,0.292
2013-11-22,0.292
2013-11-23,0.338
2013-11-24,0.422
2013-11-25,0.488
2013-11-26,0.415
2013-11-27,0.467
2013-11-28,0.701
2013-11-29,0.396
2013-11-30,0.625
2013-12-01,0.43
2013-12-02,0.64
2013-12-03,0.52
2013-12-04,0.664
2013-12-05,0.554
2013-12-06,0.531
2013-12-07,0.163
2013-12-08,0.171
2013-12-09,0.204
2013-12-10,0.169
2013-12-11,0.149
2013-12-12,0.145
2013-12-13,0.142
2013-12-14,0.14
2013-12-15,0.14
2013-12-16,0.255
2013-12-17,0.388
2013-12-18,0.441
2013-12-19,0.444
2013-12-20,0.144
2013-12-21,0.144
2013-12-22,0.143
2013-12-23,0.148
2013-12-24,0.147
2013-12-25,0.148
2013-12-26,0.149
2013-12-27,0.146
2013-12-28,0.19
2013-12-29,0.149
2013-12-30,0.149
2013-12-31,0.15
2014-01-01,0.149
2014-01-02,0.147
2014-01-03,0.146
2014-01-04,0.146
2014-01-05,0.147
2014-01-06,0.152
2014-01-07,0.138
2014-01-08,0.138
2014-01-09,0.135
2014-01-10,0.136
2014-01-11,0.135
2014-01-12,0.134
2014-01-13,0.13
2014-01-14,0.135
2014-01-15,0.134
2014-01-16,0.181
2014-01-17,0.109
2014-01-18,0.132
2014-01-19,0.195
2014-01-20,0.195
2014-01-21,0.255
2014-01-22,0.292
2014-01-23,0.398
2014-01-24,0.383
2014-01-25,0.124
2014-01-26,0.398
2014-01-27,0.144
2014-01-28,0.154
2014-01-29,0.143
2014-01-30,0.132
2014-01-31,0.128
2014-02-01,0.123
2014-02-02,0.127
2014-02-03,0.125
2014-02-04,0.124
2014-02-05,0.122
2014-02-06,0.119
2014-02-07,0.118
2014-02-08,0.122
2014-02-09,0.121
2014-02-10,0.12
2014-02-11,0.121
2014-02-12,0.114
2014-02-13,0.111
2014-02-14,0.119
2014-02-15,0.131
2014-02-16,0.131
2014-02-17,0.128
2014-02-18,0.123
2014-02-19,0.119
2014-02-20,0.117
2014-02-21,0.121
2014-02-22,0.123
2014-02-23,0.125
2014-02-24,0.123
2014-02-25,0.121
2014-02-26,0.118
2014-02-27,0.116
2014-02-28,0.116
2014-03-01,0.113
2014-03-02,0.112
2014-03-03,0.201
2014-03-04,0.187
2014-03-05,0.175
2014-03-06,0.234
2014-03-07,0.323
2014-03-08,0.346
2014-03-09,0.369
2014-03-10,0.391
2014-03-11,0.438
2014-03-12,0.546
2014-03-13,0.546
2014-03-14,0.546
2014-03-15,0.546
2014-03-16,0.546
2014-03-17,0.546
2014-03-18,0.577
2014-03-19,0.583
2014-03-20,0.502
2014-03-21,0.686
2014-03-22,0.594
2014-03-23,0.537
2014-03-24,0.406
2014-03-25,0.54
2014-03-26,0.551
2014-03-27,0.553
2014-03-28,0.653
2014-03-29,0.595
2014-03-30,0.752
2014-03-31,0.622
2014-04-01,0.651
2014-04-02,0.653
2014-04-03,0.653
2014-04-04,0.718
2014-04-05,0.709
2014-04-06,0.709
2014-04-07,0.709
2014-04-08,0.712
2014-04-09,0.674
2014-04-10,0.694
2014-04-11,0.695
2014-04-12,0.695
2014-04-13,0.716
2014-04-14,0.716
2014-04-15,0.72
2014-04-16,0.721
2014-04-17,0.716
2014-04-18,0.741
2014-04-19,0.673
2014-04-20,0.76
2014-04-21,0.76
2014-04-22,0.764
2014-04-23,0.728
2014-04-24,0.752
2014-04-25,0.707
2014-04-26,0.618
2014-04-27,0.849
2014-04-28,0.161
2014-04-29,0.637
2014-04-30,0.651
2014-05-01,0.709
2014-05-02,0.709
2014-05-03,0.69
2014-05-04,0.709
2014-05-05,0.709
2014-05-06,0.743
2014-05-07,0.743
2014-05-08,0.174
2014-05-09,0.544
2014-05-10,0.268
2014-05-11,0.16
2014-05-12,0.157
2014-05-13,0.16
2014-05-14,0.16
2014-05-15,0.283
2014-05-16,0.287
2014-05-17,0.313
2014-05-18,0.418
2014-05-19,0.546
2014-05-20,0.605
2014-05-21,0.518
2014-05-22,0.667
2014-05-23,0.709
2014-05-24,0.566
2014-05-25,0.703
2014-05-26,0.746
2014-05-27,0.703
2014-05-28,0.144
2014-05-29,0.133
2014-05-30,0.129
2014-05-31,0.298
2014-06-01,0.225
2014-06-02,0.418
2014-06-03,0.54
2014-06-04,0.564
2014-06-05,0.593
2014-06-06,0.339
2014-06-07,0.653
2014-06-08,0.717
2014-06-09,0.718
2014-06-10,0.301
2014-06-11,0.344
2014-06-12,0.157
2014-06-13,0.349
2014-06-14,0.279
2014-06-15,0.498
2014-06-16,0.511
2014-06-17,0.529
2014-06-18,0.601
2014-06-19,0.712
2014-06-20,0.736
2014-06-21,0.712
2014-06-22,0.8
2014-06-23,0.776
2014-06-24,0.8
2014-06-25,0.811
2014-06-26,0.712
2014-06-27,0.931
2014-06-28,0.863
2014-06-29,0.556
2014-06-30,0.43
2014-07-01,0.629
2014-07-02,0.749
2014-07-03,0.688
2014-07-04,0.721
2014-07-05,0.782
2014-07-06,0.274
2014-07-07,0.409
2014-07-08,0.609
2014-07-09,0.18
2014-07-10,0.251
2014-07-11,0.169
2014-07-12,0.163
2014-07-13,0.156
2014-07-14,0.154
2014-07-15,0.149
2014-07-16,0.146
2014-07-17,0.268
2014-07-18,0.349
2014-07-19,0.5
2014-07-20,0.709
2014-07-21,0.509
2014-07-22,0.143
2014-07-23,0.651
2014-07-24,0.666
2014-07-25,0.703
2014-07-26,0.703
2014-07-27,0.74
2014-07-28,0.739
2014-07-29,0.69
2014-07-30,0.401
2014-07-31,0.496
2014-08-01,0.638
2014-08-02,0.696
2014-08-03,0.646
2014-08-04,0.584
2014-08-05,0.656
2014-08-06,0.699
2014-08-07,0.731
2014-08-08,0.731
2014-08-09,0.76
2014-08-10,0.642
2014-08-11,0.76
2014-08-12,0.7
2014-08-13,0.701
2014-08-14,0.637
2014-08-15,0.211
2014-08-16,0.163
2014-08-17,0.162
2014-08-18,0.16
2014-08-19,0.16
2014-08-20,0.138
2014-08-21,0.159
2014-08-22,0.195
2014-08-23,0.192
2014-08-24,0.193
2014-08-25,0.507
2014-08-26,0.514
2014-08-27,0.157
2014-08-28,0.159
2014-08-29,0.17
2014-08-30,0.174
2014-08-31,0.178
2014-09-01,0.169
2014-09-02,0.171
2014-09-03,0.165
2014-09-04,0.178
2014-09-05,0.281
2014-09-06,0.494
2014-09-07,0.531
2014-09-08,0.533
2014-09-09,0.585
2014-09-10,0.61
2014-09-11,0.671
2014-09-12,0.69
2014-09-13,0.692
2014-09-14,0.725
2014-09-15,0.706
2014-09-16,0.725
2014-09-17,0.725
2014-09-18,0.723
2014-09-19,0.725
2014-09-20,0.731
2014-09-21,0.212
2014-09-22,0.149
2014-09-23,0.221
2014-09-24,0.686
2014-09-25,0.489
2014-09-26,0.195
2014-09-27,0.692
2014-09-28,0.692
2014-09-29,0.667
2014-09-30,0.522
2014-10-01,0.596
2014-10-02,0.622
2014-10-03,0.649
2014-10-04,0.649
2014-10-05,0.65
2014-10-06,0.649
2014-10-07,0.734
2014-10-08,0.217
2014-10-09,0.558
2014-10-10,0.217
2014-10-11,0.216
2014-10-12,0.212
2014-10-13,0.211
2014-10-14,0.543
2014-10-15,0.649
2014-10-16,0.522
2014-10-17,0.487
2014-10-18,0.371
2014-10-19,0.656
2014-10-20,0.487
2014-10-21,0.507
2014-10-22,0.254
2014-10-23,0.23
2014-10-24,0.276
2014-10-25,0.276
2014-10-26,0.232
2014-10-27,0.176
2014-10-28,0.174
2014-10-29,0.174
2014-10-30,0.212
2014-10-31,0.359
2014-11-01,0.469
2014-11-02,0.469
2014-11-03,0.471
2014-11-04,0.477
2014-11-05,0.157
2014-11-06,0.157
2014-11-07,0.159
2014-11-08,0.156
2014-11-09,0.152
2014-11-10,0.149
2014-11-11,0.149
2014-11-12,0.26
2014-11-13,0.298
2014-11-14,0.357
2014-11-15,0.434
2014-11-16,0.436
2014-11-17,0.159
2014-11-18,0.178
2014-11-19,0.175
2014-11-20,0.182
2014-11-21,0.157
2014-11-22,0.268
2014-11-23,0.356
2014-11-24,0.356
2014-11-25,0.291
2014-11-26,0.405
2014-11-27,0.383
2014-11-28,0.43
2014-11-29,0.42
2014-11-30,0.618
2014-12-01,0.555
2014-12-02,0.611
2014-12-03,0.574
2014-12-04,0.579
2014-12-05,0.574
2014-12-06,0.574
2014-12-07,0.546
2014-12-08,0.553
2014-12-09,0.544
2014-12-10,0.54
2014-12-11,0.134
2014-12-12,0.127
2014-12-13,0.159
2014-12-14,0.163
2014-12-15,0.15
2014-12-16,0.131
2014-12-17,0.127
2014-12-18,0.138
2014-12-19,0.158
2014-12-20,0.191
2014-12-21,0.169
2014-12-22,0.149
2014-12-23,0.14
2014-12-24,0.134
2014-12-25,0.141
2014-12-26,0.143
2014-12-27,0.138
2014-12-28,0.16
2014-12-29,0.151
2014-12-30,0.146
2014-12-31,0.144
